query,intent_cluster_id,intent_type,language_layer,target_url
"duet programs",c1_syllabus_programs,informational_transactional,en,"https://humayounkobir.vercel.app/"
"download duet programs",c1_syllabus_programs,informational_transactional,en,"https://humayounkobir.vercel.app/"
"duet programs download",c1_syllabus_programs,informational_transactional,en,"https://humayounkobir.vercel.app/"
"learn duet programs",c1_syllabus_programs,informational_transactional,en,"https://humayounkobir.vercel.app/"
"duet programs learn",c1_syllabus_programs,informational_transactional,en,"https://humayounkobir.vercel.app/"
"study duet programs",c1_syllabus_programs,informational_transactional,en,"https://humayounkobir.vercel.app/"
"duet programs study",c1_syllabus_programs,informational_transactional,en,"https://humayounkobir.vercel.app/"
"compare duet programs",c1_syllabus_programs,informational_transactional,en,"https://humayounkobir.vercel.app/"
"duet programs compare",c1_syllabus_programs,informational_transactional,en,"https://humayounkobir.vercel.app/"
"practice duet programs",c1_syllabus_programs,informational_transactional,en,"https://humayounkobir.vercel.app/"
"duet programs practice",c1_syllabus_programs,informational_transactional,en,"https://humayounkobir.vercel.app/"
"copy duet programs",c1_syllabus_programs,informational_transactional,en,"https://humayounkobir.vercel.app/"
"duet programs copy",c1_syllabus_programs,informational_transactional,en,"https://humayounkobir.vercel.app/"
"read duet programs",c1_syllabus_programs,informational_transactional,en,"https://humayounkobir.vercel.app/"
"duet programs read",c1_syllabus_programs,informational_transactional,en,"https://humayounkobir.vercel.app/"
"view duet programs",c1_syllabus_programs,informational_transactional,en,"https://humayounkobir.vercel.app/"
"duet programs view",c1_syllabus_programs,informational_transactional,en,"https://humayounkobir.vercel.app/"
"run duet programs",c1_syllabus_programs,informational_transactional,en,"https://humayounkobir.vercel.app/"
"duet programs run",c1_syllabus_programs,informational_transactional,en,"https://humayounkobir.vercel.app/"
"prepare duet programs",c1_syllabus_programs,informational_transactional,en,"https://humayounkobir.vercel.app/"
"duet programs prepare",c1_syllabus_programs,informational_transactional,en,"https://humayounkobir.vercel.app/"
"solve duet programs",c1_syllabus_programs,informational_transactional,en,"https://humayounkobir.vercel.app/"
"duet programs solve",c1_syllabus_programs,informational_transactional,en,"https://humayounkobir.vercel.app/"
"duet code",c1_syllabus_programs,informational_transactional,en,"https://humayounkobir.vercel.app/"
"download duet code",c1_syllabus_programs,informational_transactional,en,"https://humayounkobir.vercel.app/"
"duet code download",c1_syllabus_programs,informational_transactional,en,"https://humayounkobir.vercel.app/"
"learn duet code",c1_syllabus_programs,informational_transactional,en,"https://humayounkobir.vercel.app/"
"duet code learn",c1_syllabus_programs,informational_transactional,en,"https://humayounkobir.vercel.app/"
"study duet code",c1_syllabus_programs,informational_transactional,en,"https://humayounkobir.vercel.app/"
"duet code study",c1_syllabus_programs,informational_transactional,en,"https://humayounkobir.vercel.app/"
"compare duet code",c1_syllabus_programs,informational_transactional,en,"https://humayounkobir.vercel.app/"
"duet code compare",c1_syllabus_programs,informational_transactional,en,"https://humayounkobir.vercel.app/"
"practice duet code",c1_syllabus_programs,informational_transactional,en,"https://humayounkobir.vercel.app/"
"duet code practice",c1_syllabus_programs,informational_transactional,en,"https://humayounkobir.vercel.app/"
"copy duet code",c1_syllabus_programs,informational_transactional,en,"https://humayounkobir.vercel.app/"
"duet code copy",c1_syllabus_programs,informational_transactional,en,"https://humayounkobir.vercel.app/"
"read duet code",c1_syllabus_programs,informational_transactional,en,"https://humayounkobir.vercel.app/"
"duet code read",c1_syllabus_programs,informational_transactional,en,"https://humayounkobir.vercel.app/"
"view duet code",c1_syllabus_programs,informational_transactional,en,"https://humayounkobir.vercel.app/"
"duet code view",c1_syllabus_programs,informational_transactional,en,"https://humayounkobir.vercel.app/"
"run duet code",c1_syllabus_programs,informational_transactional,en,"https://humayounkobir.vercel.app/"
"duet code run",c1_syllabus_programs,informational_transactional,en,"https://humayounkobir.vercel.app/"
"prepare duet code",c1_syllabus_programs,informational_transactional,en,"https://humayounkobir.vercel.app/"
"duet code prepare",c1_syllabus_programs,informational_transactional,en,"https://humayounkobir.vercel.app/"
"solve duet code",c1_syllabus_programs,informational_transactional,en,"https://humayounkobir.vercel.app/"
"duet code solve",c1_syllabus_programs,informational_transactional,en,"https://humayounkobir.vercel.app/"
"duet basic programs",c1_syllabus_programs,informational_transactional,en,"https://humayounkobir.vercel.app/"
"download duet basic programs",c1_syllabus_programs,informational_transactional,en,"https://humayounkobir.vercel.app/"
"duet basic programs download",c1_syllabus_programs,informational_transactional,en,"https://humayounkobir.vercel.app/"
"learn duet basic programs",c1_syllabus_programs,informational_transactional,en,"https://humayounkobir.vercel.app/"
"duet basic programs learn",c1_syllabus_programs,informational_transactional,en,"https://humayounkobir.vercel.app/"
"study duet basic programs",c1_syllabus_programs,informational_transactional,en,"https://humayounkobir.vercel.app/"
"duet basic programs study",c1_syllabus_programs,informational_transactional,en,"https://humayounkobir.vercel.app/"
"compare duet basic programs",c1_syllabus_programs,informational_transactional,en,"https://humayounkobir.vercel.app/"
"duet basic programs compare",c1_syllabus_programs,informational_transactional,en,"https://humayounkobir.vercel.app/"
"practice duet basic programs",c1_syllabus_programs,informational_transactional,en,"https://humayounkobir.vercel.app/"
"duet basic programs practice",c1_syllabus_programs,informational_transactional,en,"https://humayounkobir.vercel.app/"
"copy duet basic programs",c1_syllabus_programs,informational_transactional,en,"https://humayounkobir.vercel.app/"
"duet basic programs copy",c1_syllabus_programs,informational_transactional,en,"https://humayounkobir.vercel.app/"
"read duet basic programs",c1_syllabus_programs,informational_transactional,en,"https://humayounkobir.vercel.app/"
"duet basic programs read",c1_syllabus_programs,informational_transactional,en,"https://humayounkobir.vercel.app/"
"view duet basic programs",c1_syllabus_programs,informational_transactional,en,"https://humayounkobir.vercel.app/"
"duet basic programs view",c1_syllabus_programs,informational_transactional,en,"https://humayounkobir.vercel.app/"
"run duet basic programs",c1_syllabus_programs,informational_transactional,en,"https://humayounkobir.vercel.app/"
"duet basic programs run",c1_syllabus_programs,informational_transactional,en,"https://humayounkobir.vercel.app/"
"prepare duet basic programs",c1_syllabus_programs,informational_transactional,en,"https://humayounkobir.vercel.app/"
"duet basic programs prepare",c1_syllabus_programs,informational_transactional,en,"https://humayounkobir.vercel.app/"
"solve duet basic programs",c1_syllabus_programs,informational_transactional,en,"https://humayounkobir.vercel.app/"
"duet basic programs solve",c1_syllabus_programs,informational_transactional,en,"https://humayounkobir.vercel.app/"
"duet syllabus",c1_syllabus_programs,informational_transactional,en,"https://humayounkobir.vercel.app/"
"download duet syllabus",c1_syllabus_programs,informational_transactional,en,"https://humayounkobir.vercel.app/"
"duet syllabus download",c1_syllabus_programs,informational_transactional,en,"https://humayounkobir.vercel.app/"
"learn duet syllabus",c1_syllabus_programs,informational_transactional,en,"https://humayounkobir.vercel.app/"
"duet syllabus learn",c1_syllabus_programs,informational_transactional,en,"https://humayounkobir.vercel.app/"
"study duet syllabus",c1_syllabus_programs,informational_transactional,en,"https://humayounkobir.vercel.app/"
"duet syllabus study",c1_syllabus_programs,informational_transactional,en,"https://humayounkobir.vercel.app/"
"compare duet syllabus",c1_syllabus_programs,informational_transactional,en,"https://humayounkobir.vercel.app/"
"duet syllabus compare",c1_syllabus_programs,informational_transactional,en,"https://humayounkobir.vercel.app/"
"practice duet syllabus",c1_syllabus_programs,informational_transactional,en,"https://humayounkobir.vercel.app/"
"duet syllabus practice",c1_syllabus_programs,informational_transactional,en,"https://humayounkobir.vercel.app/"
"copy duet syllabus",c1_syllabus_programs,informational_transactional,en,"https://humayounkobir.vercel.app/"
"duet syllabus copy",c1_syllabus_programs,informational_transactional,en,"https://humayounkobir.vercel.app/"
"read duet syllabus",c1_syllabus_programs,informational_transactional,en,"https://humayounkobir.vercel.app/"
"duet syllabus read",c1_syllabus_programs,informational_transactional,en,"https://humayounkobir.vercel.app/"
"view duet syllabus",c1_syllabus_programs,informational_transactional,en,"https://humayounkobir.vercel.app/"
"duet syllabus view",c1_syllabus_programs,informational_transactional,en,"https://humayounkobir.vercel.app/"
"run duet syllabus",c1_syllabus_programs,informational_transactional,en,"https://humayounkobir.vercel.app/"
"duet syllabus run",c1_syllabus_programs,informational_transactional,en,"https://humayounkobir.vercel.app/"
"prepare duet syllabus",c1_syllabus_programs,informational_transactional,en,"https://humayounkobir.vercel.app/"
"duet syllabus prepare",c1_syllabus_programs,informational_transactional,en,"https://humayounkobir.vercel.app/"
"solve duet syllabus",c1_syllabus_programs,informational_transactional,en,"https://humayounkobir.vercel.app/"
"duet syllabus solve",c1_syllabus_programs,informational_transactional,en,"https://humayounkobir.vercel.app/"
"duet admission questions",c1_syllabus_programs,informational_transactional,en,"https://humayounkobir.vercel.app/"
"download duet admission questions",c1_syllabus_programs,informational_transactional,en,"https://humayounkobir.vercel.app/"
"duet admission questions download",c1_syllabus_programs,informational_transactional,en,"https://humayounkobir.vercel.app/"
"learn duet admission questions",c1_syllabus_programs,informational_transactional,en,"https://humayounkobir.vercel.app/"
"duet admission questions learn",c1_syllabus_programs,informational_transactional,en,"https://humayounkobir.vercel.app/"
"study duet admission questions",c1_syllabus_programs,informational_transactional,en,"https://humayounkobir.vercel.app/"
"duet admission questions study",c1_syllabus_programs,informational_transactional,en,"https://humayounkobir.vercel.app/"
"compare duet admission questions",c1_syllabus_programs,informational_transactional,en,"https://humayounkobir.vercel.app/"
"duet admission questions compare",c1_syllabus_programs,informational_transactional,en,"https://humayounkobir.vercel.app/"
"practice duet admission questions",c1_syllabus_programs,informational_transactional,en,"https://humayounkobir.vercel.app/"
"duet admission questions practice",c1_syllabus_programs,informational_transactional,en,"https://humayounkobir.vercel.app/"
"copy duet admission questions",c1_syllabus_programs,informational_transactional,en,"https://humayounkobir.vercel.app/"
"duet admission questions copy",c1_syllabus_programs,informational_transactional,en,"https://humayounkobir.vercel.app/"
"read duet admission questions",c1_syllabus_programs,informational_transactional,en,"https://humayounkobir.vercel.app/"
"duet admission questions read",c1_syllabus_programs,informational_transactional,en,"https://humayounkobir.vercel.app/"
"view duet admission questions",c1_syllabus_programs,informational_transactional,en,"https://humayounkobir.vercel.app/"
"duet admission questions view",c1_syllabus_programs,informational_transactional,en,"https://humayounkobir.vercel.app/"
"run duet admission questions",c1_syllabus_programs,informational_transactional,en,"https://humayounkobir.vercel.app/"
"duet admission questions run",c1_syllabus_programs,informational_transactional,en,"https://humayounkobir.vercel.app/"
"prepare duet admission questions",c1_syllabus_programs,informational_transactional,en,"https://humayounkobir.vercel.app/"
"duet admission questions prepare",c1_syllabus_programs,informational_transactional,en,"https://humayounkobir.vercel.app/"
"solve duet admission questions",c1_syllabus_programs,informational_transactional,en,"https://humayounkobir.vercel.app/"
"duet admission questions solve",c1_syllabus_programs,informational_transactional,en,"https://humayounkobir.vercel.app/"
"duet pattern programs",c1_syllabus_programs,informational_transactional,en,"https://humayounkobir.vercel.app/"
"download duet pattern programs",c1_syllabus_programs,informational_transactional,en,"https://humayounkobir.vercel.app/"
"duet pattern programs download",c1_syllabus_programs,informational_transactional,en,"https://humayounkobir.vercel.app/"
"learn duet pattern programs",c1_syllabus_programs,informational_transactional,en,"https://humayounkobir.vercel.app/"
"duet pattern programs learn",c1_syllabus_programs,informational_transactional,en,"https://humayounkobir.vercel.app/"
"study duet pattern programs",c1_syllabus_programs,informational_transactional,en,"https://humayounkobir.vercel.app/"
"duet pattern programs study",c1_syllabus_programs,informational_transactional,en,"https://humayounkobir.vercel.app/"
"compare duet pattern programs",c1_syllabus_programs,informational_transactional,en,"https://humayounkobir.vercel.app/"
"duet pattern programs compare",c1_syllabus_programs,informational_transactional,en,"https://humayounkobir.vercel.app/"
"practice duet pattern programs",c1_syllabus_programs,informational_transactional,en,"https://humayounkobir.vercel.app/"
"duet pattern programs practice",c1_syllabus_programs,informational_transactional,en,"https://humayounkobir.vercel.app/"
"copy duet pattern programs",c1_syllabus_programs,informational_transactional,en,"https://humayounkobir.vercel.app/"
"duet pattern programs copy",c1_syllabus_programs,informational_transactional,en,"https://humayounkobir.vercel.app/"
"read duet pattern programs",c1_syllabus_programs,informational_transactional,en,"https://humayounkobir.vercel.app/"
"duet pattern programs read",c1_syllabus_programs,informational_transactional,en,"https://humayounkobir.vercel.app/"
"view duet pattern programs",c1_syllabus_programs,informational_transactional,en,"https://humayounkobir.vercel.app/"
"duet pattern programs view",c1_syllabus_programs,informational_transactional,en,"https://humayounkobir.vercel.app/"
"run duet pattern programs",c1_syllabus_programs,informational_transactional,en,"https://humayounkobir.vercel.app/"
"duet pattern programs run",c1_syllabus_programs,informational_transactional,en,"https://humayounkobir.vercel.app/"
"prepare duet pattern programs",c1_syllabus_programs,informational_transactional,en,"https://humayounkobir.vercel.app/"
"duet pattern programs prepare",c1_syllabus_programs,informational_transactional,en,"https://humayounkobir.vercel.app/"
"solve duet pattern programs",c1_syllabus_programs,informational_transactional,en,"https://humayounkobir.vercel.app/"
"duet pattern programs solve",c1_syllabus_programs,informational_transactional,en,"https://humayounkobir.vercel.app/"
"duet series sum",c1_syllabus_programs,informational_transactional,en,"https://humayounkobir.vercel.app/"
"download duet series sum",c1_syllabus_programs,informational_transactional,en,"https://humayounkobir.vercel.app/"
"duet series sum download",c1_syllabus_programs,informational_transactional,en,"https://humayounkobir.vercel.app/"
"learn duet series sum",c1_syllabus_programs,informational_transactional,en,"https://humayounkobir.vercel.app/"
"duet series sum learn",c1_syllabus_programs,informational_transactional,en,"https://humayounkobir.vercel.app/"
"study duet series sum",c1_syllabus_programs,informational_transactional,en,"https://humayounkobir.vercel.app/"
"duet series sum study",c1_syllabus_programs,informational_transactional,en,"https://humayounkobir.vercel.app/"
"compare duet series sum",c1_syllabus_programs,informational_transactional,en,"https://humayounkobir.vercel.app/"
"duet series sum compare",c1_syllabus_programs,informational_transactional,en,"https://humayounkobir.vercel.app/"
"practice duet series sum",c1_syllabus_programs,informational_transactional,en,"https://humayounkobir.vercel.app/"
"duet series sum practice",c1_syllabus_programs,informational_transactional,en,"https://humayounkobir.vercel.app/"
"copy duet series sum",c1_syllabus_programs,informational_transactional,en,"https://humayounkobir.vercel.app/"
"duet series sum copy",c1_syllabus_programs,informational_transactional,en,"https://humayounkobir.vercel.app/"
"read duet series sum",c1_syllabus_programs,informational_transactional,en,"https://humayounkobir.vercel.app/"
"duet series sum read",c1_syllabus_programs,informational_transactional,en,"https://humayounkobir.vercel.app/"
"view duet series sum",c1_syllabus_programs,informational_transactional,en,"https://humayounkobir.vercel.app/"
"duet series sum view",c1_syllabus_programs,informational_transactional,en,"https://humayounkobir.vercel.app/"
"run duet series sum",c1_syllabus_programs,informational_transactional,en,"https://humayounkobir.vercel.app/"
"duet series sum run",c1_syllabus_programs,informational_transactional,en,"https://humayounkobir.vercel.app/"
"prepare duet series sum",c1_syllabus_programs,informational_transactional,en,"https://humayounkobir.vercel.app/"
"duet series sum prepare",c1_syllabus_programs,informational_transactional,en,"https://humayounkobir.vercel.app/"
"solve duet series sum",c1_syllabus_programs,informational_transactional,en,"https://humayounkobir.vercel.app/"
"duet series sum solve",c1_syllabus_programs,informational_transactional,en,"https://humayounkobir.vercel.app/"
"duet loops",c1_syllabus_programs,informational_transactional,en,"https://humayounkobir.vercel.app/"
"download duet loops",c1_syllabus_programs,informational_transactional,en,"https://humayounkobir.vercel.app/"
"duet loops download",c1_syllabus_programs,informational_transactional,en,"https://humayounkobir.vercel.app/"
"learn duet loops",c1_syllabus_programs,informational_transactional,en,"https://humayounkobir.vercel.app/"
"duet loops learn",c1_syllabus_programs,informational_transactional,en,"https://humayounkobir.vercel.app/"
"study duet loops",c1_syllabus_programs,informational_transactional,en,"https://humayounkobir.vercel.app/"
"duet loops study",c1_syllabus_programs,informational_transactional,en,"https://humayounkobir.vercel.app/"
"compare duet loops",c1_syllabus_programs,informational_transactional,en,"https://humayounkobir.vercel.app/"
"duet loops compare",c1_syllabus_programs,informational_transactional,en,"https://humayounkobir.vercel.app/"
"practice duet loops",c1_syllabus_programs,informational_transactional,en,"https://humayounkobir.vercel.app/"
"duet loops practice",c1_syllabus_programs,informational_transactional,en,"https://humayounkobir.vercel.app/"
"copy duet loops",c1_syllabus_programs,informational_transactional,en,"https://humayounkobir.vercel.app/"
"duet loops copy",c1_syllabus_programs,informational_transactional,en,"https://humayounkobir.vercel.app/"
"read duet loops",c1_syllabus_programs,informational_transactional,en,"https://humayounkobir.vercel.app/"
"duet loops read",c1_syllabus_programs,informational_transactional,en,"https://humayounkobir.vercel.app/"
"view duet loops",c1_syllabus_programs,informational_transactional,en,"https://humayounkobir.vercel.app/"
"duet loops view",c1_syllabus_programs,informational_transactional,en,"https://humayounkobir.vercel.app/"
"run duet loops",c1_syllabus_programs,informational_transactional,en,"https://humayounkobir.vercel.app/"
"duet loops run",c1_syllabus_programs,informational_transactional,en,"https://humayounkobir.vercel.app/"
"prepare duet loops",c1_syllabus_programs,informational_transactional,en,"https://humayounkobir.vercel.app/"
"duet loops prepare",c1_syllabus_programs,informational_transactional,en,"https://humayounkobir.vercel.app/"
"solve duet loops",c1_syllabus_programs,informational_transactional,en,"https://humayounkobir.vercel.app/"
"duet loops solve",c1_syllabus_programs,informational_transactional,en,"https://humayounkobir.vercel.app/"
"duet recursion",c1_syllabus_programs,informational_transactional,en,"https://humayounkobir.vercel.app/"
"download duet recursion",c1_syllabus_programs,informational_transactional,en,"https://humayounkobir.vercel.app/"
"duet recursion download",c1_syllabus_programs,informational_transactional,en,"https://humayounkobir.vercel.app/"
"learn duet recursion",c1_syllabus_programs,informational_transactional,en,"https://humayounkobir.vercel.app/"
"duet recursion learn",c1_syllabus_programs,informational_transactional,en,"https://humayounkobir.vercel.app/"
"study duet recursion",c1_syllabus_programs,informational_transactional,en,"https://humayounkobir.vercel.app/"
"duet recursion study",c1_syllabus_programs,informational_transactional,en,"https://humayounkobir.vercel.app/"
"compare duet recursion",c1_syllabus_programs,informational_transactional,en,"https://humayounkobir.vercel.app/"
"duet recursion compare",c1_syllabus_programs,informational_transactional,en,"https://humayounkobir.vercel.app/"
"practice duet recursion",c1_syllabus_programs,informational_transactional,en,"https://humayounkobir.vercel.app/"
"duet recursion practice",c1_syllabus_programs,informational_transactional,en,"https://humayounkobir.vercel.app/"
"copy duet recursion",c1_syllabus_programs,informational_transactional,en,"https://humayounkobir.vercel.app/"
"duet recursion copy",c1_syllabus_programs,informational_transactional,en,"https://humayounkobir.vercel.app/"
"read duet recursion",c1_syllabus_programs,informational_transactional,en,"https://humayounkobir.vercel.app/"
"duet recursion read",c1_syllabus_programs,informational_transactional,en,"https://humayounkobir.vercel.app/"
"view duet recursion",c1_syllabus_programs,informational_transactional,en,"https://humayounkobir.vercel.app/"
"duet recursion view",c1_syllabus_programs,informational_transactional,en,"https://humayounkobir.vercel.app/"
"run duet recursion",c1_syllabus_programs,informational_transactional,en,"https://humayounkobir.vercel.app/"
"duet recursion run",c1_syllabus_programs,informational_transactional,en,"https://humayounkobir.vercel.app/"
"prepare duet recursion",c1_syllabus_programs,informational_transactional,en,"https://humayounkobir.vercel.app/"
"duet recursion prepare",c1_syllabus_programs,informational_transactional,en,"https://humayounkobir.vercel.app/"
"solve duet recursion",c1_syllabus_programs,informational_transactional,en,"https://humayounkobir.vercel.app/"
"duet recursion solve",c1_syllabus_programs,informational_transactional,en,"https://humayounkobir.vercel.app/"
"duet arrays",c1_syllabus_programs,informational_transactional,en,"https://humayounkobir.vercel.app/"
"download duet arrays",c1_syllabus_programs,informational_transactional,en,"https://humayounkobir.vercel.app/"
"duet arrays download",c1_syllabus_programs,informational_transactional,en,"https://humayounkobir.vercel.app/"
"learn duet arrays",c1_syllabus_programs,informational_transactional,en,"https://humayounkobir.vercel.app/"
"duet arrays learn",c1_syllabus_programs,informational_transactional,en,"https://humayounkobir.vercel.app/"
"study duet arrays",c1_syllabus_programs,informational_transactional,en,"https://humayounkobir.vercel.app/"
"duet arrays study",c1_syllabus_programs,informational_transactional,en,"https://humayounkobir.vercel.app/"
"compare duet arrays",c1_syllabus_programs,informational_transactional,en,"https://humayounkobir.vercel.app/"
"duet arrays compare",c1_syllabus_programs,informational_transactional,en,"https://humayounkobir.vercel.app/"
"practice duet arrays",c1_syllabus_programs,informational_transactional,en,"https://humayounkobir.vercel.app/"
"duet arrays practice",c1_syllabus_programs,informational_transactional,en,"https://humayounkobir.vercel.app/"
"copy duet arrays",c1_syllabus_programs,informational_transactional,en,"https://humayounkobir.vercel.app/"
"duet arrays copy",c1_syllabus_programs,informational_transactional,en,"https://humayounkobir.vercel.app/"
"read duet arrays",c1_syllabus_programs,informational_transactional,en,"https://humayounkobir.vercel.app/"
"duet arrays read",c1_syllabus_programs,informational_transactional,en,"https://humayounkobir.vercel.app/"
"view duet arrays",c1_syllabus_programs,informational_transactional,en,"https://humayounkobir.vercel.app/"
"duet arrays view",c1_syllabus_programs,informational_transactional,en,"https://humayounkobir.vercel.app/"
"run duet arrays",c1_syllabus_programs,informational_transactional,en,"https://humayounkobir.vercel.app/"
"duet arrays run",c1_syllabus_programs,informational_transactional,en,"https://humayounkobir.vercel.app/"
"prepare duet arrays",c1_syllabus_programs,informational_transactional,en,"https://humayounkobir.vercel.app/"
"duet arrays prepare",c1_syllabus_programs,informational_transactional,en,"https://humayounkobir.vercel.app/"
"solve duet arrays",c1_syllabus_programs,informational_transactional,en,"https://humayounkobir.vercel.app/"
"duet arrays solve",c1_syllabus_programs,informational_transactional,en,"https://humayounkobir.vercel.app/"
"duet pointers",c1_syllabus_programs,informational_transactional,en,"https://humayounkobir.vercel.app/"
"download duet pointers",c1_syllabus_programs,informational_transactional,en,"https://humayounkobir.vercel.app/"
"duet pointers download",c1_syllabus_programs,informational_transactional,en,"https://humayounkobir.vercel.app/"
"learn duet pointers",c1_syllabus_programs,informational_transactional,en,"https://humayounkobir.vercel.app/"
"duet pointers learn",c1_syllabus_programs,informational_transactional,en,"https://humayounkobir.vercel.app/"
"study duet pointers",c1_syllabus_programs,informational_transactional,en,"https://humayounkobir.vercel.app/"
"duet pointers study",c1_syllabus_programs,informational_transactional,en,"https://humayounkobir.vercel.app/"
"compare duet pointers",c1_syllabus_programs,informational_transactional,en,"https://humayounkobir.vercel.app/"
"duet pointers compare",c1_syllabus_programs,informational_transactional,en,"https://humayounkobir.vercel.app/"
"practice duet pointers",c1_syllabus_programs,informational_transactional,en,"https://humayounkobir.vercel.app/"
"duet pointers practice",c1_syllabus_programs,informational_transactional,en,"https://humayounkobir.vercel.app/"
"copy duet pointers",c1_syllabus_programs,informational_transactional,en,"https://humayounkobir.vercel.app/"
"duet pointers copy",c1_syllabus_programs,informational_transactional,en,"https://humayounkobir.vercel.app/"
"read duet pointers",c1_syllabus_programs,informational_transactional,en,"https://humayounkobir.vercel.app/"
"duet pointers read",c1_syllabus_programs,informational_transactional,en,"https://humayounkobir.vercel.app/"
"view duet pointers",c1_syllabus_programs,informational_transactional,en,"https://humayounkobir.vercel.app/"
"duet pointers view",c1_syllabus_programs,informational_transactional,en,"https://humayounkobir.vercel.app/"
"run duet pointers",c1_syllabus_programs,informational_transactional,en,"https://humayounkobir.vercel.app/"
"duet pointers run",c1_syllabus_programs,informational_transactional,en,"https://humayounkobir.vercel.app/"
"prepare duet pointers",c1_syllabus_programs,informational_transactional,en,"https://humayounkobir.vercel.app/"
"duet pointers prepare",c1_syllabus_programs,informational_transactional,en,"https://humayounkobir.vercel.app/"
"solve duet pointers",c1_syllabus_programs,informational_transactional,en,"https://humayounkobir.vercel.app/"
"duet pointers solve",c1_syllabus_programs,informational_transactional,en,"https://humayounkobir.vercel.app/"
"duet pdf",c1_syllabus_programs,informational_transactional,en,"https://humayounkobir.vercel.app/"
"download duet pdf",c1_syllabus_programs,informational_transactional,en,"https://humayounkobir.vercel.app/"
"duet pdf download",c1_syllabus_programs,informational_transactional,en,"https://humayounkobir.vercel.app/"
"learn duet pdf",c1_syllabus_programs,informational_transactional,en,"https://humayounkobir.vercel.app/"
"duet pdf learn",c1_syllabus_programs,informational_transactional,en,"https://humayounkobir.vercel.app/"
"study duet pdf",c1_syllabus_programs,informational_transactional,en,"https://humayounkobir.vercel.app/"
"duet pdf study",c1_syllabus_programs,informational_transactional,en,"https://humayounkobir.vercel.app/"
"compare duet pdf",c1_syllabus_programs,informational_transactional,en,"https://humayounkobir.vercel.app/"
"duet pdf compare",c1_syllabus_programs,informational_transactional,en,"https://humayounkobir.vercel.app/"
"practice duet pdf",c1_syllabus_programs,informational_transactional,en,"https://humayounkobir.vercel.app/"
"duet pdf practice",c1_syllabus_programs,informational_transactional,en,"https://humayounkobir.vercel.app/"
"copy duet pdf",c1_syllabus_programs,informational_transactional,en,"https://humayounkobir.vercel.app/"
"duet pdf copy",c1_syllabus_programs,informational_transactional,en,"https://humayounkobir.vercel.app/"
"read duet pdf",c1_syllabus_programs,informational_transactional,en,"https://humayounkobir.vercel.app/"
"duet pdf read",c1_syllabus_programs,informational_transactional,en,"https://humayounkobir.vercel.app/"
"view duet pdf",c1_syllabus_programs,informational_transactional,en,"https://humayounkobir.vercel.app/"
"duet pdf view",c1_syllabus_programs,informational_transactional,en,"https://humayounkobir.vercel.app/"
"run duet pdf",c1_syllabus_programs,informational_transactional,en,"https://humayounkobir.vercel.app/"
"duet pdf run",c1_syllabus_programs,informational_transactional,en,"https://humayounkobir.vercel.app/"
"prepare duet pdf",c1_syllabus_programs,informational_transactional,en,"https://humayounkobir.vercel.app/"
"duet pdf prepare",c1_syllabus_programs,informational_transactional,en,"https://humayounkobir.vercel.app/"
"solve duet pdf",c1_syllabus_programs,informational_transactional,en,"https://humayounkobir.vercel.app/"
"duet pdf solve",c1_syllabus_programs,informational_transactional,en,"https://humayounkobir.vercel.app/"
"duet book",c1_syllabus_programs,informational_transactional,en,"https://humayounkobir.vercel.app/"
"download duet book",c1_syllabus_programs,informational_transactional,en,"https://humayounkobir.vercel.app/"
"duet book download",c1_syllabus_programs,informational_transactional,en,"https://humayounkobir.vercel.app/"
"learn duet book",c1_syllabus_programs,informational_transactional,en,"https://humayounkobir.vercel.app/"
"duet book learn",c1_syllabus_programs,informational_transactional,en,"https://humayounkobir.vercel.app/"
"study duet book",c1_syllabus_programs,informational_transactional,en,"https://humayounkobir.vercel.app/"
"duet book study",c1_syllabus_programs,informational_transactional,en,"https://humayounkobir.vercel.app/"
"compare duet book",c1_syllabus_programs,informational_transactional,en,"https://humayounkobir.vercel.app/"
"duet book compare",c1_syllabus_programs,informational_transactional,en,"https://humayounkobir.vercel.app/"
"practice duet book",c1_syllabus_programs,informational_transactional,en,"https://humayounkobir.vercel.app/"
"duet book practice",c1_syllabus_programs,informational_transactional,en,"https://humayounkobir.vercel.app/"
"copy duet book",c1_syllabus_programs,informational_transactional,en,"https://humayounkobir.vercel.app/"
"duet book copy",c1_syllabus_programs,informational_transactional,en,"https://humayounkobir.vercel.app/"
"read duet book",c1_syllabus_programs,informational_transactional,en,"https://humayounkobir.vercel.app/"
"duet book read",c1_syllabus_programs,informational_transactional,en,"https://humayounkobir.vercel.app/"
"view duet book",c1_syllabus_programs,informational_transactional,en,"https://humayounkobir.vercel.app/"
"duet book view",c1_syllabus_programs,informational_transactional,en,"https://humayounkobir.vercel.app/"
"run duet book",c1_syllabus_programs,informational_transactional,en,"https://humayounkobir.vercel.app/"
"duet book run",c1_syllabus_programs,informational_transactional,en,"https://humayounkobir.vercel.app/"
"prepare duet book",c1_syllabus_programs,informational_transactional,en,"https://humayounkobir.vercel.app/"
"duet book prepare",c1_syllabus_programs,informational_transactional,en,"https://humayounkobir.vercel.app/"
"solve duet book",c1_syllabus_programs,informational_transactional,en,"https://humayounkobir.vercel.app/"
"duet book solve",c1_syllabus_programs,informational_transactional,en,"https://humayounkobir.vercel.app/"
"duet apk",c1_syllabus_programs,informational_transactional,en,"https://humayounkobir.vercel.app/"
"download duet apk",c1_syllabus_programs,informational_transactional,en,"https://humayounkobir.vercel.app/"
"duet apk download",c1_syllabus_programs,informational_transactional,en,"https://humayounkobir.vercel.app/"
"learn duet apk",c1_syllabus_programs,informational_transactional,en,"https://humayounkobir.vercel.app/"
"duet apk learn",c1_syllabus_programs,informational_transactional,en,"https://humayounkobir.vercel.app/"
"study duet apk",c1_syllabus_programs,informational_transactional,en,"https://humayounkobir.vercel.app/"
"duet apk study",c1_syllabus_programs,informational_transactional,en,"https://humayounkobir.vercel.app/"
"compare duet apk",c1_syllabus_programs,informational_transactional,en,"https://humayounkobir.vercel.app/"
"duet apk compare",c1_syllabus_programs,informational_transactional,en,"https://humayounkobir.vercel.app/"
"practice duet apk",c1_syllabus_programs,informational_transactional,en,"https://humayounkobir.vercel.app/"
"duet apk practice",c1_syllabus_programs,informational_transactional,en,"https://humayounkobir.vercel.app/"
"copy duet apk",c1_syllabus_programs,informational_transactional,en,"https://humayounkobir.vercel.app/"
"duet apk copy",c1_syllabus_programs,informational_transactional,en,"https://humayounkobir.vercel.app/"
"read duet apk",c1_syllabus_programs,informational_transactional,en,"https://humayounkobir.vercel.app/"
"duet apk read",c1_syllabus_programs,informational_transactional,en,"https://humayounkobir.vercel.app/"
"view duet apk",c1_syllabus_programs,informational_transactional,en,"https://humayounkobir.vercel.app/"
"duet apk view",c1_syllabus_programs,informational_transactional,en,"https://humayounkobir.vercel.app/"
"run duet apk",c1_syllabus_programs,informational_transactional,en,"https://humayounkobir.vercel.app/"
"duet apk run",c1_syllabus_programs,informational_transactional,en,"https://humayounkobir.vercel.app/"
"prepare duet apk",c1_syllabus_programs,informational_transactional,en,"https://humayounkobir.vercel.app/"
"duet apk prepare",c1_syllabus_programs,informational_transactional,en,"https://humayounkobir.vercel.app/"
"solve duet apk",c1_syllabus_programs,informational_transactional,en,"https://humayounkobir.vercel.app/"
"duet apk solve",c1_syllabus_programs,informational_transactional,en,"https://humayounkobir.vercel.app/"
"duet app",c1_syllabus_programs,informational_transactional,en,"https://humayounkobir.vercel.app/"
"download duet app",c1_syllabus_programs,informational_transactional,en,"https://humayounkobir.vercel.app/"
"duet app download",c1_syllabus_programs,informational_transactional,en,"https://humayounkobir.vercel.app/"
"learn duet app",c1_syllabus_programs,informational_transactional,en,"https://humayounkobir.vercel.app/"
"duet app learn",c1_syllabus_programs,informational_transactional,en,"https://humayounkobir.vercel.app/"
"study duet app",c1_syllabus_programs,informational_transactional,en,"https://humayounkobir.vercel.app/"
"duet app study",c1_syllabus_programs,informational_transactional,en,"https://humayounkobir.vercel.app/"
"compare duet app",c1_syllabus_programs,informational_transactional,en,"https://humayounkobir.vercel.app/"
"duet app compare",c1_syllabus_programs,informational_transactional,en,"https://humayounkobir.vercel.app/"
"practice duet app",c1_syllabus_programs,informational_transactional,en,"https://humayounkobir.vercel.app/"
"duet app practice",c1_syllabus_programs,informational_transactional,en,"https://humayounkobir.vercel.app/"
"copy duet app",c1_syllabus_programs,informational_transactional,en,"https://humayounkobir.vercel.app/"
"duet app copy",c1_syllabus_programs,informational_transactional,en,"https://humayounkobir.vercel.app/"
"read duet app",c1_syllabus_programs,informational_transactional,en,"https://humayounkobir.vercel.app/"
"duet app read",c1_syllabus_programs,informational_transactional,en,"https://humayounkobir.vercel.app/"
"view duet app",c1_syllabus_programs,informational_transactional,en,"https://humayounkobir.vercel.app/"
"duet app view",c1_syllabus_programs,informational_transactional,en,"https://humayounkobir.vercel.app/"
"run duet app",c1_syllabus_programs,informational_transactional,en,"https://humayounkobir.vercel.app/"
"duet app run",c1_syllabus_programs,informational_transactional,en,"https://humayounkobir.vercel.app/"
"prepare duet app",c1_syllabus_programs,informational_transactional,en,"https://humayounkobir.vercel.app/"
"duet app prepare",c1_syllabus_programs,informational_transactional,en,"https://humayounkobir.vercel.app/"
"solve duet app",c1_syllabus_programs,informational_transactional,en,"https://humayounkobir.vercel.app/"
"duet app solve",c1_syllabus_programs,informational_transactional,en,"https://humayounkobir.vercel.app/"
"duet notes",c1_syllabus_programs,informational_transactional,en,"https://humayounkobir.vercel.app/"
"download duet notes",c1_syllabus_programs,informational_transactional,en,"https://humayounkobir.vercel.app/"
"duet notes download",c1_syllabus_programs,informational_transactional,en,"https://humayounkobir.vercel.app/"
"learn duet notes",c1_syllabus_programs,informational_transactional,en,"https://humayounkobir.vercel.app/"
"duet notes learn",c1_syllabus_programs,informational_transactional,en,"https://humayounkobir.vercel.app/"
"study duet notes",c1_syllabus_programs,informational_transactional,en,"https://humayounkobir.vercel.app/"
"duet notes study",c1_syllabus_programs,informational_transactional,en,"https://humayounkobir.vercel.app/"
"compare duet notes",c1_syllabus_programs,informational_transactional,en,"https://humayounkobir.vercel.app/"
"duet notes compare",c1_syllabus_programs,informational_transactional,en,"https://humayounkobir.vercel.app/"
"practice duet notes",c1_syllabus_programs,informational_transactional,en,"https://humayounkobir.vercel.app/"
"duet notes practice",c1_syllabus_programs,informational_transactional,en,"https://humayounkobir.vercel.app/"
"copy duet notes",c1_syllabus_programs,informational_transactional,en,"https://humayounkobir.vercel.app/"
"duet notes copy",c1_syllabus_programs,informational_transactional,en,"https://humayounkobir.vercel.app/"
"read duet notes",c1_syllabus_programs,informational_transactional,en,"https://humayounkobir.vercel.app/"
"duet notes read",c1_syllabus_programs,informational_transactional,en,"https://humayounkobir.vercel.app/"
"view duet notes",c1_syllabus_programs,informational_transactional,en,"https://humayounkobir.vercel.app/"
"duet notes view",c1_syllabus_programs,informational_transactional,en,"https://humayounkobir.vercel.app/"
"run duet notes",c1_syllabus_programs,informational_transactional,en,"https://humayounkobir.vercel.app/"
"duet notes run",c1_syllabus_programs,informational_transactional,en,"https://humayounkobir.vercel.app/"
"prepare duet notes",c1_syllabus_programs,informational_transactional,en,"https://humayounkobir.vercel.app/"
"duet notes prepare",c1_syllabus_programs,informational_transactional,en,"https://humayounkobir.vercel.app/"
"solve duet notes",c1_syllabus_programs,informational_transactional,en,"https://humayounkobir.vercel.app/"
"duet notes solve",c1_syllabus_programs,informational_transactional,en,"https://humayounkobir.vercel.app/"
"duet solutions",c1_syllabus_programs,informational_transactional,en,"https://humayounkobir.vercel.app/"
"download duet solutions",c1_syllabus_programs,informational_transactional,en,"https://humayounkobir.vercel.app/"
"duet solutions download",c1_syllabus_programs,informational_transactional,en,"https://humayounkobir.vercel.app/"
"learn duet solutions",c1_syllabus_programs,informational_transactional,en,"https://humayounkobir.vercel.app/"
"duet solutions learn",c1_syllabus_programs,informational_transactional,en,"https://humayounkobir.vercel.app/"
"study duet solutions",c1_syllabus_programs,informational_transactional,en,"https://humayounkobir.vercel.app/"
"duet solutions study",c1_syllabus_programs,informational_transactional,en,"https://humayounkobir.vercel.app/"
"compare duet solutions",c1_syllabus_programs,informational_transactional,en,"https://humayounkobir.vercel.app/"
"duet solutions compare",c1_syllabus_programs,informational_transactional,en,"https://humayounkobir.vercel.app/"
"practice duet solutions",c1_syllabus_programs,informational_transactional,en,"https://humayounkobir.vercel.app/"
"duet solutions practice",c1_syllabus_programs,informational_transactional,en,"https://humayounkobir.vercel.app/"
"copy duet solutions",c1_syllabus_programs,informational_transactional,en,"https://humayounkobir.vercel.app/"
"duet solutions copy",c1_syllabus_programs,informational_transactional,en,"https://humayounkobir.vercel.app/"
"read duet solutions",c1_syllabus_programs,informational_transactional,en,"https://humayounkobir.vercel.app/"
"duet solutions read",c1_syllabus_programs,informational_transactional,en,"https://humayounkobir.vercel.app/"
"view duet solutions",c1_syllabus_programs,informational_transactional,en,"https://humayounkobir.vercel.app/"
"duet solutions view",c1_syllabus_programs,informational_transactional,en,"https://humayounkobir.vercel.app/"
"run duet solutions",c1_syllabus_programs,informational_transactional,en,"https://humayounkobir.vercel.app/"
"duet solutions run",c1_syllabus_programs,informational_transactional,en,"https://humayounkobir.vercel.app/"
"prepare duet solutions",c1_syllabus_programs,informational_transactional,en,"https://humayounkobir.vercel.app/"
"duet solutions prepare",c1_syllabus_programs,informational_transactional,en,"https://humayounkobir.vercel.app/"
"solve duet solutions",c1_syllabus_programs,informational_transactional,en,"https://humayounkobir.vercel.app/"
"duet solutions solve",c1_syllabus_programs,informational_transactional,en,"https://humayounkobir.vercel.app/"
"duet admission programs",c1_syllabus_programs,informational_transactional,en,"https://humayounkobir.vercel.app/"
"download duet admission programs",c1_syllabus_programs,informational_transactional,en,"https://humayounkobir.vercel.app/"
"duet admission programs download",c1_syllabus_programs,informational_transactional,en,"https://humayounkobir.vercel.app/"
"learn duet admission programs",c1_syllabus_programs,informational_transactional,en,"https://humayounkobir.vercel.app/"
"duet admission programs learn",c1_syllabus_programs,informational_transactional,en,"https://humayounkobir.vercel.app/"
"study duet admission programs",c1_syllabus_programs,informational_transactional,en,"https://humayounkobir.vercel.app/"
"duet admission programs study",c1_syllabus_programs,informational_transactional,en,"https://humayounkobir.vercel.app/"
"compare duet admission programs",c1_syllabus_programs,informational_transactional,en,"https://humayounkobir.vercel.app/"
"duet admission programs compare",c1_syllabus_programs,informational_transactional,en,"https://humayounkobir.vercel.app/"
"practice duet admission programs",c1_syllabus_programs,informational_transactional,en,"https://humayounkobir.vercel.app/"
"duet admission programs practice",c1_syllabus_programs,informational_transactional,en,"https://humayounkobir.vercel.app/"
"copy duet admission programs",c1_syllabus_programs,informational_transactional,en,"https://humayounkobir.vercel.app/"
"duet admission programs copy",c1_syllabus_programs,informational_transactional,en,"https://humayounkobir.vercel.app/"
"read duet admission programs",c1_syllabus_programs,informational_transactional,en,"https://humayounkobir.vercel.app/"
"duet admission programs read",c1_syllabus_programs,informational_transactional,en,"https://humayounkobir.vercel.app/"
"view duet admission programs",c1_syllabus_programs,informational_transactional,en,"https://humayounkobir.vercel.app/"
"duet admission programs view",c1_syllabus_programs,informational_transactional,en,"https://humayounkobir.vercel.app/"
"run duet admission programs",c1_syllabus_programs,informational_transactional,en,"https://humayounkobir.vercel.app/"
"duet admission programs run",c1_syllabus_programs,informational_transactional,en,"https://humayounkobir.vercel.app/"
"prepare duet admission programs",c1_syllabus_programs,informational_transactional,en,"https://humayounkobir.vercel.app/"
"duet admission programs prepare",c1_syllabus_programs,informational_transactional,en,"https://humayounkobir.vercel.app/"
"solve duet admission programs",c1_syllabus_programs,informational_transactional,en,"https://humayounkobir.vercel.app/"
"duet admission programs solve",c1_syllabus_programs,informational_transactional,en,"https://humayounkobir.vercel.app/"
"duet admission code",c1_syllabus_programs,informational_transactional,en,"https://humayounkobir.vercel.app/"
"download duet admission code",c1_syllabus_programs,informational_transactional,en,"https://humayounkobir.vercel.app/"
"duet admission code download",c1_syllabus_programs,informational_transactional,en,"https://humayounkobir.vercel.app/"
"learn duet admission code",c1_syllabus_programs,informational_transactional,en,"https://humayounkobir.vercel.app/"
"duet admission code learn",c1_syllabus_programs,informational_transactional,en,"https://humayounkobir.vercel.app/"
"study duet admission code",c1_syllabus_programs,informational_transactional,en,"https://humayounkobir.vercel.app/"
"duet admission code study",c1_syllabus_programs,informational_transactional,en,"https://humayounkobir.vercel.app/"
"compare duet admission code",c1_syllabus_programs,informational_transactional,en,"https://humayounkobir.vercel.app/"
"duet admission code compare",c1_syllabus_programs,informational_transactional,en,"https://humayounkobir.vercel.app/"
"practice duet admission code",c1_syllabus_programs,informational_transactional,en,"https://humayounkobir.vercel.app/"
"duet admission code practice",c1_syllabus_programs,informational_transactional,en,"https://humayounkobir.vercel.app/"
"copy duet admission code",c1_syllabus_programs,informational_transactional,en,"https://humayounkobir.vercel.app/"
"duet admission code copy",c1_syllabus_programs,informational_transactional,en,"https://humayounkobir.vercel.app/"
"read duet admission code",c1_syllabus_programs,informational_transactional,en,"https://humayounkobir.vercel.app/"
"duet admission code read",c1_syllabus_programs,informational_transactional,en,"https://humayounkobir.vercel.app/"
"view duet admission code",c1_syllabus_programs,informational_transactional,en,"https://humayounkobir.vercel.app/"
"duet admission code view",c1_syllabus_programs,informational_transactional,en,"https://humayounkobir.vercel.app/"
"run duet admission code",c1_syllabus_programs,informational_transactional,en,"https://humayounkobir.vercel.app/"
"duet admission code run",c1_syllabus_programs,informational_transactional,en,"https://humayounkobir.vercel.app/"
"prepare duet admission code",c1_syllabus_programs,informational_transactional,en,"https://humayounkobir.vercel.app/"
"duet admission code prepare",c1_syllabus_programs,informational_transactional,en,"https://humayounkobir.vercel.app/"
"solve duet admission code",c1_syllabus_programs,informational_transactional,en,"https://humayounkobir.vercel.app/"
"duet admission code solve",c1_syllabus_programs,informational_transactional,en,"https://humayounkobir.vercel.app/"
"duet admission basic programs",c1_syllabus_programs,informational_transactional,en,"https://humayounkobir.vercel.app/"
"download duet admission basic programs",c1_syllabus_programs,informational_transactional,en,"https://humayounkobir.vercel.app/"
"duet admission basic programs download",c1_syllabus_programs,informational_transactional,en,"https://humayounkobir.vercel.app/"
"learn duet admission basic programs",c1_syllabus_programs,informational_transactional,en,"https://humayounkobir.vercel.app/"
"duet admission basic programs learn",c1_syllabus_programs,informational_transactional,en,"https://humayounkobir.vercel.app/"
"study duet admission basic programs",c1_syllabus_programs,informational_transactional,en,"https://humayounkobir.vercel.app/"
"duet admission basic programs study",c1_syllabus_programs,informational_transactional,en,"https://humayounkobir.vercel.app/"
"compare duet admission basic programs",c1_syllabus_programs,informational_transactional,en,"https://humayounkobir.vercel.app/"
"duet admission basic programs compare",c1_syllabus_programs,informational_transactional,en,"https://humayounkobir.vercel.app/"
"practice duet admission basic programs",c1_syllabus_programs,informational_transactional,en,"https://humayounkobir.vercel.app/"
"duet admission basic programs practice",c1_syllabus_programs,informational_transactional,en,"https://humayounkobir.vercel.app/"
"copy duet admission basic programs",c1_syllabus_programs,informational_transactional,en,"https://humayounkobir.vercel.app/"
"duet admission basic programs copy",c1_syllabus_programs,informational_transactional,en,"https://humayounkobir.vercel.app/"
"read duet admission basic programs",c1_syllabus_programs,informational_transactional,en,"https://humayounkobir.vercel.app/"
"duet admission basic programs read",c1_syllabus_programs,informational_transactional,en,"https://humayounkobir.vercel.app/"
"view duet admission basic programs",c1_syllabus_programs,informational_transactional,en,"https://humayounkobir.vercel.app/"
"duet admission basic programs view",c1_syllabus_programs,informational_transactional,en,"https://humayounkobir.vercel.app/"
"run duet admission basic programs",c1_syllabus_programs,informational_transactional,en,"https://humayounkobir.vercel.app/"
"duet admission basic programs run",c1_syllabus_programs,informational_transactional,en,"https://humayounkobir.vercel.app/"
"prepare duet admission basic programs",c1_syllabus_programs,informational_transactional,en,"https://humayounkobir.vercel.app/"
"duet admission basic programs prepare",c1_syllabus_programs,informational_transactional,en,"https://humayounkobir.vercel.app/"
"solve duet admission basic programs",c1_syllabus_programs,informational_transactional,en,"https://humayounkobir.vercel.app/"
"duet admission basic programs solve",c1_syllabus_programs,informational_transactional,en,"https://humayounkobir.vercel.app/"
"duet admission syllabus",c1_syllabus_programs,informational_transactional,en,"https://humayounkobir.vercel.app/"
"download duet admission syllabus",c1_syllabus_programs,informational_transactional,en,"https://humayounkobir.vercel.app/"
"duet admission syllabus download",c1_syllabus_programs,informational_transactional,en,"https://humayounkobir.vercel.app/"
"learn duet admission syllabus",c1_syllabus_programs,informational_transactional,en,"https://humayounkobir.vercel.app/"
"duet admission syllabus learn",c1_syllabus_programs,informational_transactional,en,"https://humayounkobir.vercel.app/"
"study duet admission syllabus",c1_syllabus_programs,informational_transactional,en,"https://humayounkobir.vercel.app/"
"duet admission syllabus study",c1_syllabus_programs,informational_transactional,en,"https://humayounkobir.vercel.app/"
"compare duet admission syllabus",c1_syllabus_programs,informational_transactional,en,"https://humayounkobir.vercel.app/"
"duet admission syllabus compare",c1_syllabus_programs,informational_transactional,en,"https://humayounkobir.vercel.app/"
"practice duet admission syllabus",c1_syllabus_programs,informational_transactional,en,"https://humayounkobir.vercel.app/"
"duet admission syllabus practice",c1_syllabus_programs,informational_transactional,en,"https://humayounkobir.vercel.app/"
"copy duet admission syllabus",c1_syllabus_programs,informational_transactional,en,"https://humayounkobir.vercel.app/"
"duet admission syllabus copy",c1_syllabus_programs,informational_transactional,en,"https://humayounkobir.vercel.app/"
"read duet admission syllabus",c1_syllabus_programs,informational_transactional,en,"https://humayounkobir.vercel.app/"
"duet admission syllabus read",c1_syllabus_programs,informational_transactional,en,"https://humayounkobir.vercel.app/"
"view duet admission syllabus",c1_syllabus_programs,informational_transactional,en,"https://humayounkobir.vercel.app/"
"duet admission syllabus view",c1_syllabus_programs,informational_transactional,en,"https://humayounkobir.vercel.app/"
"run duet admission syllabus",c1_syllabus_programs,informational_transactional,en,"https://humayounkobir.vercel.app/"
"duet admission syllabus run",c1_syllabus_programs,informational_transactional,en,"https://humayounkobir.vercel.app/"
"prepare duet admission syllabus",c1_syllabus_programs,informational_transactional,en,"https://humayounkobir.vercel.app/"
"duet admission syllabus prepare",c1_syllabus_programs,informational_transactional,en,"https://humayounkobir.vercel.app/"
"solve duet admission syllabus",c1_syllabus_programs,informational_transactional,en,"https://humayounkobir.vercel.app/"
"duet admission syllabus solve",c1_syllabus_programs,informational_transactional,en,"https://humayounkobir.vercel.app/"
"duet admission admission questions",c1_syllabus_programs,informational_transactional,en,"https://humayounkobir.vercel.app/"
"download duet admission admission questions",c1_syllabus_programs,informational_transactional,en,"https://humayounkobir.vercel.app/"
"duet admission admission questions download",c1_syllabus_programs,informational_transactional,en,"https://humayounkobir.vercel.app/"
"learn duet admission admission questions",c1_syllabus_programs,informational_transactional,en,"https://humayounkobir.vercel.app/"
"duet admission admission questions learn",c1_syllabus_programs,informational_transactional,en,"https://humayounkobir.vercel.app/"
"study duet admission admission questions",c1_syllabus_programs,informational_transactional,en,"https://humayounkobir.vercel.app/"
"duet admission admission questions study",c1_syllabus_programs,informational_transactional,en,"https://humayounkobir.vercel.app/"
"compare duet admission admission questions",c1_syllabus_programs,informational_transactional,en,"https://humayounkobir.vercel.app/"
"duet admission admission questions compare",c1_syllabus_programs,informational_transactional,en,"https://humayounkobir.vercel.app/"
"practice duet admission admission questions",c1_syllabus_programs,informational_transactional,en,"https://humayounkobir.vercel.app/"
"duet admission admission questions practice",c1_syllabus_programs,informational_transactional,en,"https://humayounkobir.vercel.app/"
"copy duet admission admission questions",c1_syllabus_programs,informational_transactional,en,"https://humayounkobir.vercel.app/"
"duet admission admission questions copy",c1_syllabus_programs,informational_transactional,en,"https://humayounkobir.vercel.app/"
"read duet admission admission questions",c1_syllabus_programs,informational_transactional,en,"https://humayounkobir.vercel.app/"
"duet admission admission questions read",c1_syllabus_programs,informational_transactional,en,"https://humayounkobir.vercel.app/"
"view duet admission admission questions",c1_syllabus_programs,informational_transactional,en,"https://humayounkobir.vercel.app/"
"duet admission admission questions view",c1_syllabus_programs,informational_transactional,en,"https://humayounkobir.vercel.app/"
"run duet admission admission questions",c1_syllabus_programs,informational_transactional,en,"https://humayounkobir.vercel.app/"
"duet admission admission questions run",c1_syllabus_programs,informational_transactional,en,"https://humayounkobir.vercel.app/"
"prepare duet admission admission questions",c1_syllabus_programs,informational_transactional,en,"https://humayounkobir.vercel.app/"
"duet admission admission questions prepare",c1_syllabus_programs,informational_transactional,en,"https://humayounkobir.vercel.app/"
"solve duet admission admission questions",c1_syllabus_programs,informational_transactional,en,"https://humayounkobir.vercel.app/"
"duet admission admission questions solve",c1_syllabus_programs,informational_transactional,en,"https://humayounkobir.vercel.app/"
"duet admission pattern programs",c1_syllabus_programs,informational_transactional,en,"https://humayounkobir.vercel.app/"
"download duet admission pattern programs",c1_syllabus_programs,informational_transactional,en,"https://humayounkobir.vercel.app/"
"duet admission pattern programs download",c1_syllabus_programs,informational_transactional,en,"https://humayounkobir.vercel.app/"
"learn duet admission pattern programs",c1_syllabus_programs,informational_transactional,en,"https://humayounkobir.vercel.app/"
"duet admission pattern programs learn",c1_syllabus_programs,informational_transactional,en,"https://humayounkobir.vercel.app/"
"study duet admission pattern programs",c1_syllabus_programs,informational_transactional,en,"https://humayounkobir.vercel.app/"
"duet admission pattern programs study",c1_syllabus_programs,informational_transactional,en,"https://humayounkobir.vercel.app/"
"compare duet admission pattern programs",c1_syllabus_programs,informational_transactional,en,"https://humayounkobir.vercel.app/"
"duet admission pattern programs compare",c1_syllabus_programs,informational_transactional,en,"https://humayounkobir.vercel.app/"
"practice duet admission pattern programs",c1_syllabus_programs,informational_transactional,en,"https://humayounkobir.vercel.app/"
"duet admission pattern programs practice",c1_syllabus_programs,informational_transactional,en,"https://humayounkobir.vercel.app/"
"copy duet admission pattern programs",c1_syllabus_programs,informational_transactional,en,"https://humayounkobir.vercel.app/"
"duet admission pattern programs copy",c1_syllabus_programs,informational_transactional,en,"https://humayounkobir.vercel.app/"
"read duet admission pattern programs",c1_syllabus_programs,informational_transactional,en,"https://humayounkobir.vercel.app/"
"duet admission pattern programs read",c1_syllabus_programs,informational_transactional,en,"https://humayounkobir.vercel.app/"
"view duet admission pattern programs",c1_syllabus_programs,informational_transactional,en,"https://humayounkobir.vercel.app/"
"duet admission pattern programs view",c1_syllabus_programs,informational_transactional,en,"https://humayounkobir.vercel.app/"
"run duet admission pattern programs",c1_syllabus_programs,informational_transactional,en,"https://humayounkobir.vercel.app/"
"duet admission pattern programs run",c1_syllabus_programs,informational_transactional,en,"https://humayounkobir.vercel.app/"
"prepare duet admission pattern programs",c1_syllabus_programs,informational_transactional,en,"https://humayounkobir.vercel.app/"
"duet admission pattern programs prepare",c1_syllabus_programs,informational_transactional,en,"https://humayounkobir.vercel.app/"
"solve duet admission pattern programs",c1_syllabus_programs,informational_transactional,en,"https://humayounkobir.vercel.app/"
"duet admission pattern programs solve",c1_syllabus_programs,informational_transactional,en,"https://humayounkobir.vercel.app/"
"duet admission series sum",c1_syllabus_programs,informational_transactional,en,"https://humayounkobir.vercel.app/"
"download duet admission series sum",c1_syllabus_programs,informational_transactional,en,"https://humayounkobir.vercel.app/"
"duet admission series sum download",c1_syllabus_programs,informational_transactional,en,"https://humayounkobir.vercel.app/"
"learn duet admission series sum",c1_syllabus_programs,informational_transactional,en,"https://humayounkobir.vercel.app/"
"duet admission series sum learn",c1_syllabus_programs,informational_transactional,en,"https://humayounkobir.vercel.app/"
"study duet admission series sum",c1_syllabus_programs,informational_transactional,en,"https://humayounkobir.vercel.app/"
"duet admission series sum study",c1_syllabus_programs,informational_transactional,en,"https://humayounkobir.vercel.app/"
"compare duet admission series sum",c1_syllabus_programs,informational_transactional,en,"https://humayounkobir.vercel.app/"
"duet admission series sum compare",c1_syllabus_programs,informational_transactional,en,"https://humayounkobir.vercel.app/"
"practice duet admission series sum",c1_syllabus_programs,informational_transactional,en,"https://humayounkobir.vercel.app/"
"duet admission series sum practice",c1_syllabus_programs,informational_transactional,en,"https://humayounkobir.vercel.app/"
"copy duet admission series sum",c1_syllabus_programs,informational_transactional,en,"https://humayounkobir.vercel.app/"
"duet admission series sum copy",c1_syllabus_programs,informational_transactional,en,"https://humayounkobir.vercel.app/"
"read duet admission series sum",c1_syllabus_programs,informational_transactional,en,"https://humayounkobir.vercel.app/"
"duet admission series sum read",c1_syllabus_programs,informational_transactional,en,"https://humayounkobir.vercel.app/"
"view duet admission series sum",c1_syllabus_programs,informational_transactional,en,"https://humayounkobir.vercel.app/"
"duet admission series sum view",c1_syllabus_programs,informational_transactional,en,"https://humayounkobir.vercel.app/"
"run duet admission series sum",c1_syllabus_programs,informational_transactional,en,"https://humayounkobir.vercel.app/"
"duet admission series sum run",c1_syllabus_programs,informational_transactional,en,"https://humayounkobir.vercel.app/"
"prepare duet admission series sum",c1_syllabus_programs,informational_transactional,en,"https://humayounkobir.vercel.app/"
"duet admission series sum prepare",c1_syllabus_programs,informational_transactional,en,"https://humayounkobir.vercel.app/"
"solve duet admission series sum",c1_syllabus_programs,informational_transactional,en,"https://humayounkobir.vercel.app/"
"duet admission series sum solve",c1_syllabus_programs,informational_transactional,en,"https://humayounkobir.vercel.app/"
"duet admission loops",c1_syllabus_programs,informational_transactional,en,"https://humayounkobir.vercel.app/"
"download duet admission loops",c1_syllabus_programs,informational_transactional,en,"https://humayounkobir.vercel.app/"
"duet admission loops download",c1_syllabus_programs,informational_transactional,en,"https://humayounkobir.vercel.app/"
"learn duet admission loops",c1_syllabus_programs,informational_transactional,en,"https://humayounkobir.vercel.app/"
"duet admission loops learn",c1_syllabus_programs,informational_transactional,en,"https://humayounkobir.vercel.app/"
"study duet admission loops",c1_syllabus_programs,informational_transactional,en,"https://humayounkobir.vercel.app/"
"duet admission loops study",c1_syllabus_programs,informational_transactional,en,"https://humayounkobir.vercel.app/"
"compare duet admission loops",c1_syllabus_programs,informational_transactional,en,"https://humayounkobir.vercel.app/"
"duet admission loops compare",c1_syllabus_programs,informational_transactional,en,"https://humayounkobir.vercel.app/"
"practice duet admission loops",c1_syllabus_programs,informational_transactional,en,"https://humayounkobir.vercel.app/"
"duet admission loops practice",c1_syllabus_programs,informational_transactional,en,"https://humayounkobir.vercel.app/"
"copy duet admission loops",c1_syllabus_programs,informational_transactional,en,"https://humayounkobir.vercel.app/"
"duet admission loops copy",c1_syllabus_programs,informational_transactional,en,"https://humayounkobir.vercel.app/"
"read duet admission loops",c1_syllabus_programs,informational_transactional,en,"https://humayounkobir.vercel.app/"
"duet admission loops read",c1_syllabus_programs,informational_transactional,en,"https://humayounkobir.vercel.app/"
"view duet admission loops",c1_syllabus_programs,informational_transactional,en,"https://humayounkobir.vercel.app/"
"duet admission loops view",c1_syllabus_programs,informational_transactional,en,"https://humayounkobir.vercel.app/"
"run duet admission loops",c1_syllabus_programs,informational_transactional,en,"https://humayounkobir.vercel.app/"
"duet admission loops run",c1_syllabus_programs,informational_transactional,en,"https://humayounkobir.vercel.app/"
"prepare duet admission loops",c1_syllabus_programs,informational_transactional,en,"https://humayounkobir.vercel.app/"
"duet admission loops prepare",c1_syllabus_programs,informational_transactional,en,"https://humayounkobir.vercel.app/"
"solve duet admission loops",c1_syllabus_programs,informational_transactional,en,"https://humayounkobir.vercel.app/"
"duet admission loops solve",c1_syllabus_programs,informational_transactional,en,"https://humayounkobir.vercel.app/"
"duet admission recursion",c1_syllabus_programs,informational_transactional,en,"https://humayounkobir.vercel.app/"
"download duet admission recursion",c1_syllabus_programs,informational_transactional,en,"https://humayounkobir.vercel.app/"
"duet admission recursion download",c1_syllabus_programs,informational_transactional,en,"https://humayounkobir.vercel.app/"
"learn duet admission recursion",c1_syllabus_programs,informational_transactional,en,"https://humayounkobir.vercel.app/"
"duet admission recursion learn",c1_syllabus_programs,informational_transactional,en,"https://humayounkobir.vercel.app/"
"study duet admission recursion",c1_syllabus_programs,informational_transactional,en,"https://humayounkobir.vercel.app/"
"duet admission recursion study",c1_syllabus_programs,informational_transactional,en,"https://humayounkobir.vercel.app/"
"compare duet admission recursion",c1_syllabus_programs,informational_transactional,en,"https://humayounkobir.vercel.app/"
"duet admission recursion compare",c1_syllabus_programs,informational_transactional,en,"https://humayounkobir.vercel.app/"
"practice duet admission recursion",c1_syllabus_programs,informational_transactional,en,"https://humayounkobir.vercel.app/"
"duet admission recursion practice",c1_syllabus_programs,informational_transactional,en,"https://humayounkobir.vercel.app/"
"copy duet admission recursion",c1_syllabus_programs,informational_transactional,en,"https://humayounkobir.vercel.app/"
"duet admission recursion copy",c1_syllabus_programs,informational_transactional,en,"https://humayounkobir.vercel.app/"
"read duet admission recursion",c1_syllabus_programs,informational_transactional,en,"https://humayounkobir.vercel.app/"
"duet admission recursion read",c1_syllabus_programs,informational_transactional,en,"https://humayounkobir.vercel.app/"
"view duet admission recursion",c1_syllabus_programs,informational_transactional,en,"https://humayounkobir.vercel.app/"
"duet admission recursion view",c1_syllabus_programs,informational_transactional,en,"https://humayounkobir.vercel.app/"
"run duet admission recursion",c1_syllabus_programs,informational_transactional,en,"https://humayounkobir.vercel.app/"
"duet admission recursion run",c1_syllabus_programs,informational_transactional,en,"https://humayounkobir.vercel.app/"
"prepare duet admission recursion",c1_syllabus_programs,informational_transactional,en,"https://humayounkobir.vercel.app/"
"duet admission recursion prepare",c1_syllabus_programs,informational_transactional,en,"https://humayounkobir.vercel.app/"
"solve duet admission recursion",c1_syllabus_programs,informational_transactional,en,"https://humayounkobir.vercel.app/"
"duet admission recursion solve",c1_syllabus_programs,informational_transactional,en,"https://humayounkobir.vercel.app/"
"duet admission arrays",c1_syllabus_programs,informational_transactional,en,"https://humayounkobir.vercel.app/"
"download duet admission arrays",c1_syllabus_programs,informational_transactional,en,"https://humayounkobir.vercel.app/"
"duet admission arrays download",c1_syllabus_programs,informational_transactional,en,"https://humayounkobir.vercel.app/"
"learn duet admission arrays",c1_syllabus_programs,informational_transactional,en,"https://humayounkobir.vercel.app/"
"duet admission arrays learn",c1_syllabus_programs,informational_transactional,en,"https://humayounkobir.vercel.app/"
"study duet admission arrays",c1_syllabus_programs,informational_transactional,en,"https://humayounkobir.vercel.app/"
"duet admission arrays study",c1_syllabus_programs,informational_transactional,en,"https://humayounkobir.vercel.app/"
"compare duet admission arrays",c1_syllabus_programs,informational_transactional,en,"https://humayounkobir.vercel.app/"
"duet admission arrays compare",c1_syllabus_programs,informational_transactional,en,"https://humayounkobir.vercel.app/"
"practice duet admission arrays",c1_syllabus_programs,informational_transactional,en,"https://humayounkobir.vercel.app/"
"duet admission arrays practice",c1_syllabus_programs,informational_transactional,en,"https://humayounkobir.vercel.app/"
"copy duet admission arrays",c1_syllabus_programs,informational_transactional,en,"https://humayounkobir.vercel.app/"
"duet admission arrays copy",c1_syllabus_programs,informational_transactional,en,"https://humayounkobir.vercel.app/"
"read duet admission arrays",c1_syllabus_programs,informational_transactional,en,"https://humayounkobir.vercel.app/"
"duet admission arrays read",c1_syllabus_programs,informational_transactional,en,"https://humayounkobir.vercel.app/"
"view duet admission arrays",c1_syllabus_programs,informational_transactional,en,"https://humayounkobir.vercel.app/"
"duet admission arrays view",c1_syllabus_programs,informational_transactional,en,"https://humayounkobir.vercel.app/"
"run duet admission arrays",c1_syllabus_programs,informational_transactional,en,"https://humayounkobir.vercel.app/"
"duet admission arrays run",c1_syllabus_programs,informational_transactional,en,"https://humayounkobir.vercel.app/"
"prepare duet admission arrays",c1_syllabus_programs,informational_transactional,en,"https://humayounkobir.vercel.app/"
"duet admission arrays prepare",c1_syllabus_programs,informational_transactional,en,"https://humayounkobir.vercel.app/"
"solve duet admission arrays",c1_syllabus_programs,informational_transactional,en,"https://humayounkobir.vercel.app/"
"duet admission arrays solve",c1_syllabus_programs,informational_transactional,en,"https://humayounkobir.vercel.app/"
"duet admission pointers",c1_syllabus_programs,informational_transactional,en,"https://humayounkobir.vercel.app/"
"download duet admission pointers",c1_syllabus_programs,informational_transactional,en,"https://humayounkobir.vercel.app/"
"duet admission pointers download",c1_syllabus_programs,informational_transactional,en,"https://humayounkobir.vercel.app/"
"learn duet admission pointers",c1_syllabus_programs,informational_transactional,en,"https://humayounkobir.vercel.app/"
"duet admission pointers learn",c1_syllabus_programs,informational_transactional,en,"https://humayounkobir.vercel.app/"
"study duet admission pointers",c1_syllabus_programs,informational_transactional,en,"https://humayounkobir.vercel.app/"
"duet admission pointers study",c1_syllabus_programs,informational_transactional,en,"https://humayounkobir.vercel.app/"
"compare duet admission pointers",c1_syllabus_programs,informational_transactional,en,"https://humayounkobir.vercel.app/"
"duet admission pointers compare",c1_syllabus_programs,informational_transactional,en,"https://humayounkobir.vercel.app/"
"practice duet admission pointers",c1_syllabus_programs,informational_transactional,en,"https://humayounkobir.vercel.app/"
"duet admission pointers practice",c1_syllabus_programs,informational_transactional,en,"https://humayounkobir.vercel.app/"
"copy duet admission pointers",c1_syllabus_programs,informational_transactional,en,"https://humayounkobir.vercel.app/"
"duet admission pointers copy",c1_syllabus_programs,informational_transactional,en,"https://humayounkobir.vercel.app/"
"read duet admission pointers",c1_syllabus_programs,informational_transactional,en,"https://humayounkobir.vercel.app/"
"duet admission pointers read",c1_syllabus_programs,informational_transactional,en,"https://humayounkobir.vercel.app/"
"view duet admission pointers",c1_syllabus_programs,informational_transactional,en,"https://humayounkobir.vercel.app/"
"duet admission pointers view",c1_syllabus_programs,informational_transactional,en,"https://humayounkobir.vercel.app/"
"run duet admission pointers",c1_syllabus_programs,informational_transactional,en,"https://humayounkobir.vercel.app/"
"duet admission pointers run",c1_syllabus_programs,informational_transactional,en,"https://humayounkobir.vercel.app/"
"prepare duet admission pointers",c1_syllabus_programs,informational_transactional,en,"https://humayounkobir.vercel.app/"
"duet admission pointers prepare",c1_syllabus_programs,informational_transactional,en,"https://humayounkobir.vercel.app/"
"solve duet admission pointers",c1_syllabus_programs,informational_transactional,en,"https://humayounkobir.vercel.app/"
"duet admission pointers solve",c1_syllabus_programs,informational_transactional,en,"https://humayounkobir.vercel.app/"
"duet admission pdf",c1_syllabus_programs,informational_transactional,en,"https://humayounkobir.vercel.app/"
"download duet admission pdf",c1_syllabus_programs,informational_transactional,en,"https://humayounkobir.vercel.app/"
"duet admission pdf download",c1_syllabus_programs,informational_transactional,en,"https://humayounkobir.vercel.app/"
"learn duet admission pdf",c1_syllabus_programs,informational_transactional,en,"https://humayounkobir.vercel.app/"
"duet admission pdf learn",c1_syllabus_programs,informational_transactional,en,"https://humayounkobir.vercel.app/"
"study duet admission pdf",c1_syllabus_programs,informational_transactional,en,"https://humayounkobir.vercel.app/"
"duet admission pdf study",c1_syllabus_programs,informational_transactional,en,"https://humayounkobir.vercel.app/"
"compare duet admission pdf",c1_syllabus_programs,informational_transactional,en,"https://humayounkobir.vercel.app/"
"duet admission pdf compare",c1_syllabus_programs,informational_transactional,en,"https://humayounkobir.vercel.app/"
"practice duet admission pdf",c1_syllabus_programs,informational_transactional,en,"https://humayounkobir.vercel.app/"
"duet admission pdf practice",c1_syllabus_programs,informational_transactional,en,"https://humayounkobir.vercel.app/"
"copy duet admission pdf",c1_syllabus_programs,informational_transactional,en,"https://humayounkobir.vercel.app/"
"duet admission pdf copy",c1_syllabus_programs,informational_transactional,en,"https://humayounkobir.vercel.app/"
"read duet admission pdf",c1_syllabus_programs,informational_transactional,en,"https://humayounkobir.vercel.app/"
"duet admission pdf read",c1_syllabus_programs,informational_transactional,en,"https://humayounkobir.vercel.app/"
"view duet admission pdf",c1_syllabus_programs,informational_transactional,en,"https://humayounkobir.vercel.app/"
"duet admission pdf view",c1_syllabus_programs,informational_transactional,en,"https://humayounkobir.vercel.app/"
"run duet admission pdf",c1_syllabus_programs,informational_transactional,en,"https://humayounkobir.vercel.app/"
"duet admission pdf run",c1_syllabus_programs,informational_transactional,en,"https://humayounkobir.vercel.app/"
"prepare duet admission pdf",c1_syllabus_programs,informational_transactional,en,"https://humayounkobir.vercel.app/"
"duet admission pdf prepare",c1_syllabus_programs,informational_transactional,en,"https://humayounkobir.vercel.app/"
"solve duet admission pdf",c1_syllabus_programs,informational_transactional,en,"https://humayounkobir.vercel.app/"
"duet admission pdf solve",c1_syllabus_programs,informational_transactional,en,"https://humayounkobir.vercel.app/"
"duet admission book",c1_syllabus_programs,informational_transactional,en,"https://humayounkobir.vercel.app/"
"download duet admission book",c1_syllabus_programs,informational_transactional,en,"https://humayounkobir.vercel.app/"
"duet admission book download",c1_syllabus_programs,informational_transactional,en,"https://humayounkobir.vercel.app/"
"learn duet admission book",c1_syllabus_programs,informational_transactional,en,"https://humayounkobir.vercel.app/"
"duet admission book learn",c1_syllabus_programs,informational_transactional,en,"https://humayounkobir.vercel.app/"
"study duet admission book",c1_syllabus_programs,informational_transactional,en,"https://humayounkobir.vercel.app/"
"duet admission book study",c1_syllabus_programs,informational_transactional,en,"https://humayounkobir.vercel.app/"
"compare duet admission book",c1_syllabus_programs,informational_transactional,en,"https://humayounkobir.vercel.app/"
"duet admission book compare",c1_syllabus_programs,informational_transactional,en,"https://humayounkobir.vercel.app/"
"practice duet admission book",c1_syllabus_programs,informational_transactional,en,"https://humayounkobir.vercel.app/"
"duet admission book practice",c1_syllabus_programs,informational_transactional,en,"https://humayounkobir.vercel.app/"
"copy duet admission book",c1_syllabus_programs,informational_transactional,en,"https://humayounkobir.vercel.app/"
"duet admission book copy",c1_syllabus_programs,informational_transactional,en,"https://humayounkobir.vercel.app/"
"read duet admission book",c1_syllabus_programs,informational_transactional,en,"https://humayounkobir.vercel.app/"
"duet admission book read",c1_syllabus_programs,informational_transactional,en,"https://humayounkobir.vercel.app/"
"view duet admission book",c1_syllabus_programs,informational_transactional,en,"https://humayounkobir.vercel.app/"
"duet admission book view",c1_syllabus_programs,informational_transactional,en,"https://humayounkobir.vercel.app/"
"run duet admission book",c1_syllabus_programs,informational_transactional,en,"https://humayounkobir.vercel.app/"
"duet admission book run",c1_syllabus_programs,informational_transactional,en,"https://humayounkobir.vercel.app/"
"prepare duet admission book",c1_syllabus_programs,informational_transactional,en,"https://humayounkobir.vercel.app/"
"duet admission book prepare",c1_syllabus_programs,informational_transactional,en,"https://humayounkobir.vercel.app/"
"solve duet admission book",c1_syllabus_programs,informational_transactional,en,"https://humayounkobir.vercel.app/"
"duet admission book solve",c1_syllabus_programs,informational_transactional,en,"https://humayounkobir.vercel.app/"
"duet admission apk",c1_syllabus_programs,informational_transactional,en,"https://humayounkobir.vercel.app/"
"download duet admission apk",c1_syllabus_programs,informational_transactional,en,"https://humayounkobir.vercel.app/"
"duet admission apk download",c1_syllabus_programs,informational_transactional,en,"https://humayounkobir.vercel.app/"
"learn duet admission apk",c1_syllabus_programs,informational_transactional,en,"https://humayounkobir.vercel.app/"
"duet admission apk learn",c1_syllabus_programs,informational_transactional,en,"https://humayounkobir.vercel.app/"
"study duet admission apk",c1_syllabus_programs,informational_transactional,en,"https://humayounkobir.vercel.app/"
"duet admission apk study",c1_syllabus_programs,informational_transactional,en,"https://humayounkobir.vercel.app/"
"compare duet admission apk",c1_syllabus_programs,informational_transactional,en,"https://humayounkobir.vercel.app/"
"duet admission apk compare",c1_syllabus_programs,informational_transactional,en,"https://humayounkobir.vercel.app/"
"practice duet admission apk",c1_syllabus_programs,informational_transactional,en,"https://humayounkobir.vercel.app/"
"duet admission apk practice",c1_syllabus_programs,informational_transactional,en,"https://humayounkobir.vercel.app/"
"copy duet admission apk",c1_syllabus_programs,informational_transactional,en,"https://humayounkobir.vercel.app/"
"duet admission apk copy",c1_syllabus_programs,informational_transactional,en,"https://humayounkobir.vercel.app/"
"read duet admission apk",c1_syllabus_programs,informational_transactional,en,"https://humayounkobir.vercel.app/"
"duet admission apk read",c1_syllabus_programs,informational_transactional,en,"https://humayounkobir.vercel.app/"
"view duet admission apk",c1_syllabus_programs,informational_transactional,en,"https://humayounkobir.vercel.app/"
"duet admission apk view",c1_syllabus_programs,informational_transactional,en,"https://humayounkobir.vercel.app/"
"run duet admission apk",c1_syllabus_programs,informational_transactional,en,"https://humayounkobir.vercel.app/"
"duet admission apk run",c1_syllabus_programs,informational_transactional,en,"https://humayounkobir.vercel.app/"
"prepare duet admission apk",c1_syllabus_programs,informational_transactional,en,"https://humayounkobir.vercel.app/"
"duet admission apk prepare",c1_syllabus_programs,informational_transactional,en,"https://humayounkobir.vercel.app/"
"solve duet admission apk",c1_syllabus_programs,informational_transactional,en,"https://humayounkobir.vercel.app/"
"duet admission apk solve",c1_syllabus_programs,informational_transactional,en,"https://humayounkobir.vercel.app/"
"duet admission app",c1_syllabus_programs,informational_transactional,en,"https://humayounkobir.vercel.app/"
"download duet admission app",c1_syllabus_programs,informational_transactional,en,"https://humayounkobir.vercel.app/"
"duet admission app download",c1_syllabus_programs,informational_transactional,en,"https://humayounkobir.vercel.app/"
"learn duet admission app",c1_syllabus_programs,informational_transactional,en,"https://humayounkobir.vercel.app/"
"duet admission app learn",c1_syllabus_programs,informational_transactional,en,"https://humayounkobir.vercel.app/"
"study duet admission app",c1_syllabus_programs,informational_transactional,en,"https://humayounkobir.vercel.app/"
"duet admission app study",c1_syllabus_programs,informational_transactional,en,"https://humayounkobir.vercel.app/"
"compare duet admission app",c1_syllabus_programs,informational_transactional,en,"https://humayounkobir.vercel.app/"
"duet admission app compare",c1_syllabus_programs,informational_transactional,en,"https://humayounkobir.vercel.app/"
"practice duet admission app",c1_syllabus_programs,informational_transactional,en,"https://humayounkobir.vercel.app/"
"duet admission app practice",c1_syllabus_programs,informational_transactional,en,"https://humayounkobir.vercel.app/"
"copy duet admission app",c1_syllabus_programs,informational_transactional,en,"https://humayounkobir.vercel.app/"
"duet admission app copy",c1_syllabus_programs,informational_transactional,en,"https://humayounkobir.vercel.app/"
"read duet admission app",c1_syllabus_programs,informational_transactional,en,"https://humayounkobir.vercel.app/"
"duet admission app read",c1_syllabus_programs,informational_transactional,en,"https://humayounkobir.vercel.app/"
"view duet admission app",c1_syllabus_programs,informational_transactional,en,"https://humayounkobir.vercel.app/"
"duet admission app view",c1_syllabus_programs,informational_transactional,en,"https://humayounkobir.vercel.app/"
"run duet admission app",c1_syllabus_programs,informational_transactional,en,"https://humayounkobir.vercel.app/"
"duet admission app run",c1_syllabus_programs,informational_transactional,en,"https://humayounkobir.vercel.app/"
"prepare duet admission app",c1_syllabus_programs,informational_transactional,en,"https://humayounkobir.vercel.app/"
"duet admission app prepare",c1_syllabus_programs,informational_transactional,en,"https://humayounkobir.vercel.app/"
"solve duet admission app",c1_syllabus_programs,informational_transactional,en,"https://humayounkobir.vercel.app/"
"duet admission app solve",c1_syllabus_programs,informational_transactional,en,"https://humayounkobir.vercel.app/"
"duet admission notes",c1_syllabus_programs,informational_transactional,en,"https://humayounkobir.vercel.app/"
"download duet admission notes",c1_syllabus_programs,informational_transactional,en,"https://humayounkobir.vercel.app/"
"duet admission notes download",c1_syllabus_programs,informational_transactional,en,"https://humayounkobir.vercel.app/"
"learn duet admission notes",c1_syllabus_programs,informational_transactional,en,"https://humayounkobir.vercel.app/"
"duet admission notes learn",c1_syllabus_programs,informational_transactional,en,"https://humayounkobir.vercel.app/"
"study duet admission notes",c1_syllabus_programs,informational_transactional,en,"https://humayounkobir.vercel.app/"
"duet admission notes study",c1_syllabus_programs,informational_transactional,en,"https://humayounkobir.vercel.app/"
"compare duet admission notes",c1_syllabus_programs,informational_transactional,en,"https://humayounkobir.vercel.app/"
"duet admission notes compare",c1_syllabus_programs,informational_transactional,en,"https://humayounkobir.vercel.app/"
"practice duet admission notes",c1_syllabus_programs,informational_transactional,en,"https://humayounkobir.vercel.app/"
"duet admission notes practice",c1_syllabus_programs,informational_transactional,en,"https://humayounkobir.vercel.app/"
"copy duet admission notes",c1_syllabus_programs,informational_transactional,en,"https://humayounkobir.vercel.app/"
"duet admission notes copy",c1_syllabus_programs,informational_transactional,en,"https://humayounkobir.vercel.app/"
"read duet admission notes",c1_syllabus_programs,informational_transactional,en,"https://humayounkobir.vercel.app/"
"duet admission notes read",c1_syllabus_programs,informational_transactional,en,"https://humayounkobir.vercel.app/"
"view duet admission notes",c1_syllabus_programs,informational_transactional,en,"https://humayounkobir.vercel.app/"
"duet admission notes view",c1_syllabus_programs,informational_transactional,en,"https://humayounkobir.vercel.app/"
"run duet admission notes",c1_syllabus_programs,informational_transactional,en,"https://humayounkobir.vercel.app/"
"duet admission notes run",c1_syllabus_programs,informational_transactional,en,"https://humayounkobir.vercel.app/"
"prepare duet admission notes",c1_syllabus_programs,informational_transactional,en,"https://humayounkobir.vercel.app/"
"duet admission notes prepare",c1_syllabus_programs,informational_transactional,en,"https://humayounkobir.vercel.app/"
"solve duet admission notes",c1_syllabus_programs,informational_transactional,en,"https://humayounkobir.vercel.app/"
"duet admission notes solve",c1_syllabus_programs,informational_transactional,en,"https://humayounkobir.vercel.app/"
"duet admission solutions",c1_syllabus_programs,informational_transactional,en,"https://humayounkobir.vercel.app/"
"download duet admission solutions",c1_syllabus_programs,informational_transactional,en,"https://humayounkobir.vercel.app/"
"duet admission solutions download",c1_syllabus_programs,informational_transactional,en,"https://humayounkobir.vercel.app/"
"learn duet admission solutions",c1_syllabus_programs,informational_transactional,en,"https://humayounkobir.vercel.app/"
"duet admission solutions learn",c1_syllabus_programs,informational_transactional,en,"https://humayounkobir.vercel.app/"
"study duet admission solutions",c1_syllabus_programs,informational_transactional,en,"https://humayounkobir.vercel.app/"
"duet admission solutions study",c1_syllabus_programs,informational_transactional,en,"https://humayounkobir.vercel.app/"
"compare duet admission solutions",c1_syllabus_programs,informational_transactional,en,"https://humayounkobir.vercel.app/"
"duet admission solutions compare",c1_syllabus_programs,informational_transactional,en,"https://humayounkobir.vercel.app/"
"practice duet admission solutions",c1_syllabus_programs,informational_transactional,en,"https://humayounkobir.vercel.app/"
"duet admission solutions practice",c1_syllabus_programs,informational_transactional,en,"https://humayounkobir.vercel.app/"
"copy duet admission solutions",c1_syllabus_programs,informational_transactional,en,"https://humayounkobir.vercel.app/"
"duet admission solutions copy",c1_syllabus_programs,informational_transactional,en,"https://humayounkobir.vercel.app/"
"read duet admission solutions",c1_syllabus_programs,informational_transactional,en,"https://humayounkobir.vercel.app/"
"duet admission solutions read",c1_syllabus_programs,informational_transactional,en,"https://humayounkobir.vercel.app/"
"view duet admission solutions",c1_syllabus_programs,informational_transactional,en,"https://humayounkobir.vercel.app/"
"duet admission solutions view",c1_syllabus_programs,informational_transactional,en,"https://humayounkobir.vercel.app/"
"run duet admission solutions",c1_syllabus_programs,informational_transactional,en,"https://humayounkobir.vercel.app/"
"duet admission solutions run",c1_syllabus_programs,informational_transactional,en,"https://humayounkobir.vercel.app/"
"prepare duet admission solutions",c1_syllabus_programs,informational_transactional,en,"https://humayounkobir.vercel.app/"
"duet admission solutions prepare",c1_syllabus_programs,informational_transactional,en,"https://humayounkobir.vercel.app/"
"solve duet admission solutions",c1_syllabus_programs,informational_transactional,en,"https://humayounkobir.vercel.app/"
"duet admission solutions solve",c1_syllabus_programs,informational_transactional,en,"https://humayounkobir.vercel.app/"
"duet gazipur programs",c1_syllabus_programs,informational_transactional,en,"https://humayounkobir.vercel.app/"
"download duet gazipur programs",c1_syllabus_programs,informational_transactional,en,"https://humayounkobir.vercel.app/"
"duet gazipur programs download",c1_syllabus_programs,informational_transactional,en,"https://humayounkobir.vercel.app/"
"learn duet gazipur programs",c1_syllabus_programs,informational_transactional,en,"https://humayounkobir.vercel.app/"
"duet gazipur programs learn",c1_syllabus_programs,informational_transactional,en,"https://humayounkobir.vercel.app/"
"study duet gazipur programs",c1_syllabus_programs,informational_transactional,en,"https://humayounkobir.vercel.app/"
"duet gazipur programs study",c1_syllabus_programs,informational_transactional,en,"https://humayounkobir.vercel.app/"
"compare duet gazipur programs",c1_syllabus_programs,informational_transactional,en,"https://humayounkobir.vercel.app/"
"duet gazipur programs compare",c1_syllabus_programs,informational_transactional,en,"https://humayounkobir.vercel.app/"
"practice duet gazipur programs",c1_syllabus_programs,informational_transactional,en,"https://humayounkobir.vercel.app/"
"duet gazipur programs practice",c1_syllabus_programs,informational_transactional,en,"https://humayounkobir.vercel.app/"
"copy duet gazipur programs",c1_syllabus_programs,informational_transactional,en,"https://humayounkobir.vercel.app/"
"duet gazipur programs copy",c1_syllabus_programs,informational_transactional,en,"https://humayounkobir.vercel.app/"
"read duet gazipur programs",c1_syllabus_programs,informational_transactional,en,"https://humayounkobir.vercel.app/"
"duet gazipur programs read",c1_syllabus_programs,informational_transactional,en,"https://humayounkobir.vercel.app/"
"view duet gazipur programs",c1_syllabus_programs,informational_transactional,en,"https://humayounkobir.vercel.app/"
"duet gazipur programs view",c1_syllabus_programs,informational_transactional,en,"https://humayounkobir.vercel.app/"
"run duet gazipur programs",c1_syllabus_programs,informational_transactional,en,"https://humayounkobir.vercel.app/"
"duet gazipur programs run",c1_syllabus_programs,informational_transactional,en,"https://humayounkobir.vercel.app/"
"prepare duet gazipur programs",c1_syllabus_programs,informational_transactional,en,"https://humayounkobir.vercel.app/"
"duet gazipur programs prepare",c1_syllabus_programs,informational_transactional,en,"https://humayounkobir.vercel.app/"
"solve duet gazipur programs",c1_syllabus_programs,informational_transactional,en,"https://humayounkobir.vercel.app/"
"duet gazipur programs solve",c1_syllabus_programs,informational_transactional,en,"https://humayounkobir.vercel.app/"
"duet gazipur code",c1_syllabus_programs,informational_transactional,en,"https://humayounkobir.vercel.app/"
"download duet gazipur code",c1_syllabus_programs,informational_transactional,en,"https://humayounkobir.vercel.app/"
"duet gazipur code download",c1_syllabus_programs,informational_transactional,en,"https://humayounkobir.vercel.app/"
"learn duet gazipur code",c1_syllabus_programs,informational_transactional,en,"https://humayounkobir.vercel.app/"
"duet gazipur code learn",c1_syllabus_programs,informational_transactional,en,"https://humayounkobir.vercel.app/"
"study duet gazipur code",c1_syllabus_programs,informational_transactional,en,"https://humayounkobir.vercel.app/"
"duet gazipur code study",c1_syllabus_programs,informational_transactional,en,"https://humayounkobir.vercel.app/"
"compare duet gazipur code",c1_syllabus_programs,informational_transactional,en,"https://humayounkobir.vercel.app/"
"duet gazipur code compare",c1_syllabus_programs,informational_transactional,en,"https://humayounkobir.vercel.app/"
"practice duet gazipur code",c1_syllabus_programs,informational_transactional,en,"https://humayounkobir.vercel.app/"
"duet gazipur code practice",c1_syllabus_programs,informational_transactional,en,"https://humayounkobir.vercel.app/"
"copy duet gazipur code",c1_syllabus_programs,informational_transactional,en,"https://humayounkobir.vercel.app/"
"duet gazipur code copy",c1_syllabus_programs,informational_transactional,en,"https://humayounkobir.vercel.app/"
"read duet gazipur code",c1_syllabus_programs,informational_transactional,en,"https://humayounkobir.vercel.app/"
"duet gazipur code read",c1_syllabus_programs,informational_transactional,en,"https://humayounkobir.vercel.app/"
"view duet gazipur code",c1_syllabus_programs,informational_transactional,en,"https://humayounkobir.vercel.app/"
"duet gazipur code view",c1_syllabus_programs,informational_transactional,en,"https://humayounkobir.vercel.app/"
"run duet gazipur code",c1_syllabus_programs,informational_transactional,en,"https://humayounkobir.vercel.app/"
"duet gazipur code run",c1_syllabus_programs,informational_transactional,en,"https://humayounkobir.vercel.app/"
"prepare duet gazipur code",c1_syllabus_programs,informational_transactional,en,"https://humayounkobir.vercel.app/"
"duet gazipur code prepare",c1_syllabus_programs,informational_transactional,en,"https://humayounkobir.vercel.app/"
"solve duet gazipur code",c1_syllabus_programs,informational_transactional,en,"https://humayounkobir.vercel.app/"
"duet gazipur code solve",c1_syllabus_programs,informational_transactional,en,"https://humayounkobir.vercel.app/"
"duet gazipur basic programs",c1_syllabus_programs,informational_transactional,en,"https://humayounkobir.vercel.app/"
"download duet gazipur basic programs",c1_syllabus_programs,informational_transactional,en,"https://humayounkobir.vercel.app/"
"duet gazipur basic programs download",c1_syllabus_programs,informational_transactional,en,"https://humayounkobir.vercel.app/"
"learn duet gazipur basic programs",c1_syllabus_programs,informational_transactional,en,"https://humayounkobir.vercel.app/"
"duet gazipur basic programs learn",c1_syllabus_programs,informational_transactional,en,"https://humayounkobir.vercel.app/"
"study duet gazipur basic programs",c1_syllabus_programs,informational_transactional,en,"https://humayounkobir.vercel.app/"
"duet gazipur basic programs study",c1_syllabus_programs,informational_transactional,en,"https://humayounkobir.vercel.app/"
"compare duet gazipur basic programs",c1_syllabus_programs,informational_transactional,en,"https://humayounkobir.vercel.app/"
"duet gazipur basic programs compare",c1_syllabus_programs,informational_transactional,en,"https://humayounkobir.vercel.app/"
"practice duet gazipur basic programs",c1_syllabus_programs,informational_transactional,en,"https://humayounkobir.vercel.app/"
"duet gazipur basic programs practice",c1_syllabus_programs,informational_transactional,en,"https://humayounkobir.vercel.app/"
"copy duet gazipur basic programs",c1_syllabus_programs,informational_transactional,en,"https://humayounkobir.vercel.app/"
"duet gazipur basic programs copy",c1_syllabus_programs,informational_transactional,en,"https://humayounkobir.vercel.app/"
"read duet gazipur basic programs",c1_syllabus_programs,informational_transactional,en,"https://humayounkobir.vercel.app/"
"duet gazipur basic programs read",c1_syllabus_programs,informational_transactional,en,"https://humayounkobir.vercel.app/"
"view duet gazipur basic programs",c1_syllabus_programs,informational_transactional,en,"https://humayounkobir.vercel.app/"
"duet gazipur basic programs view",c1_syllabus_programs,informational_transactional,en,"https://humayounkobir.vercel.app/"
"run duet gazipur basic programs",c1_syllabus_programs,informational_transactional,en,"https://humayounkobir.vercel.app/"
"duet gazipur basic programs run",c1_syllabus_programs,informational_transactional,en,"https://humayounkobir.vercel.app/"
"prepare duet gazipur basic programs",c1_syllabus_programs,informational_transactional,en,"https://humayounkobir.vercel.app/"
"duet gazipur basic programs prepare",c1_syllabus_programs,informational_transactional,en,"https://humayounkobir.vercel.app/"
"solve duet gazipur basic programs",c1_syllabus_programs,informational_transactional,en,"https://humayounkobir.vercel.app/"
"duet gazipur basic programs solve",c1_syllabus_programs,informational_transactional,en,"https://humayounkobir.vercel.app/"
"duet gazipur syllabus",c1_syllabus_programs,informational_transactional,en,"https://humayounkobir.vercel.app/"
"download duet gazipur syllabus",c1_syllabus_programs,informational_transactional,en,"https://humayounkobir.vercel.app/"
"duet gazipur syllabus download",c1_syllabus_programs,informational_transactional,en,"https://humayounkobir.vercel.app/"
"learn duet gazipur syllabus",c1_syllabus_programs,informational_transactional,en,"https://humayounkobir.vercel.app/"
"duet gazipur syllabus learn",c1_syllabus_programs,informational_transactional,en,"https://humayounkobir.vercel.app/"
"study duet gazipur syllabus",c1_syllabus_programs,informational_transactional,en,"https://humayounkobir.vercel.app/"
"duet gazipur syllabus study",c1_syllabus_programs,informational_transactional,en,"https://humayounkobir.vercel.app/"
"compare duet gazipur syllabus",c1_syllabus_programs,informational_transactional,en,"https://humayounkobir.vercel.app/"
"duet gazipur syllabus compare",c1_syllabus_programs,informational_transactional,en,"https://humayounkobir.vercel.app/"
"practice duet gazipur syllabus",c1_syllabus_programs,informational_transactional,en,"https://humayounkobir.vercel.app/"
"duet gazipur syllabus practice",c1_syllabus_programs,informational_transactional,en,"https://humayounkobir.vercel.app/"
"copy duet gazipur syllabus",c1_syllabus_programs,informational_transactional,en,"https://humayounkobir.vercel.app/"
"duet gazipur syllabus copy",c1_syllabus_programs,informational_transactional,en,"https://humayounkobir.vercel.app/"
"read duet gazipur syllabus",c1_syllabus_programs,informational_transactional,en,"https://humayounkobir.vercel.app/"
"duet gazipur syllabus read",c1_syllabus_programs,informational_transactional,en,"https://humayounkobir.vercel.app/"
"view duet gazipur syllabus",c1_syllabus_programs,informational_transactional,en,"https://humayounkobir.vercel.app/"
"duet gazipur syllabus view",c1_syllabus_programs,informational_transactional,en,"https://humayounkobir.vercel.app/"
"run duet gazipur syllabus",c1_syllabus_programs,informational_transactional,en,"https://humayounkobir.vercel.app/"
"duet gazipur syllabus run",c1_syllabus_programs,informational_transactional,en,"https://humayounkobir.vercel.app/"
"prepare duet gazipur syllabus",c1_syllabus_programs,informational_transactional,en,"https://humayounkobir.vercel.app/"
"duet gazipur syllabus prepare",c1_syllabus_programs,informational_transactional,en,"https://humayounkobir.vercel.app/"
"solve duet gazipur syllabus",c1_syllabus_programs,informational_transactional,en,"https://humayounkobir.vercel.app/"
"duet gazipur syllabus solve",c1_syllabus_programs,informational_transactional,en,"https://humayounkobir.vercel.app/"
"duet gazipur admission questions",c1_syllabus_programs,informational_transactional,en,"https://humayounkobir.vercel.app/"
"download duet gazipur admission questions",c1_syllabus_programs,informational_transactional,en,"https://humayounkobir.vercel.app/"
"duet gazipur admission questions download",c1_syllabus_programs,informational_transactional,en,"https://humayounkobir.vercel.app/"
"learn duet gazipur admission questions",c1_syllabus_programs,informational_transactional,en,"https://humayounkobir.vercel.app/"
"duet gazipur admission questions learn",c1_syllabus_programs,informational_transactional,en,"https://humayounkobir.vercel.app/"
"study duet gazipur admission questions",c1_syllabus_programs,informational_transactional,en,"https://humayounkobir.vercel.app/"
"duet gazipur admission questions study",c1_syllabus_programs,informational_transactional,en,"https://humayounkobir.vercel.app/"
"compare duet gazipur admission questions",c1_syllabus_programs,informational_transactional,en,"https://humayounkobir.vercel.app/"
"duet gazipur admission questions compare",c1_syllabus_programs,informational_transactional,en,"https://humayounkobir.vercel.app/"
"practice duet gazipur admission questions",c1_syllabus_programs,informational_transactional,en,"https://humayounkobir.vercel.app/"
"duet gazipur admission questions practice",c1_syllabus_programs,informational_transactional,en,"https://humayounkobir.vercel.app/"
"copy duet gazipur admission questions",c1_syllabus_programs,informational_transactional,en,"https://humayounkobir.vercel.app/"
"duet gazipur admission questions copy",c1_syllabus_programs,informational_transactional,en,"https://humayounkobir.vercel.app/"
"read duet gazipur admission questions",c1_syllabus_programs,informational_transactional,en,"https://humayounkobir.vercel.app/"
"duet gazipur admission questions read",c1_syllabus_programs,informational_transactional,en,"https://humayounkobir.vercel.app/"
"view duet gazipur admission questions",c1_syllabus_programs,informational_transactional,en,"https://humayounkobir.vercel.app/"
"duet gazipur admission questions view",c1_syllabus_programs,informational_transactional,en,"https://humayounkobir.vercel.app/"
"run duet gazipur admission questions",c1_syllabus_programs,informational_transactional,en,"https://humayounkobir.vercel.app/"
"duet gazipur admission questions run",c1_syllabus_programs,informational_transactional,en,"https://humayounkobir.vercel.app/"
"prepare duet gazipur admission questions",c1_syllabus_programs,informational_transactional,en,"https://humayounkobir.vercel.app/"
"duet gazipur admission questions prepare",c1_syllabus_programs,informational_transactional,en,"https://humayounkobir.vercel.app/"
"solve duet gazipur admission questions",c1_syllabus_programs,informational_transactional,en,"https://humayounkobir.vercel.app/"
"duet gazipur admission questions solve",c1_syllabus_programs,informational_transactional,en,"https://humayounkobir.vercel.app/"
"duet gazipur pattern programs",c1_syllabus_programs,informational_transactional,en,"https://humayounkobir.vercel.app/"
"download duet gazipur pattern programs",c1_syllabus_programs,informational_transactional,en,"https://humayounkobir.vercel.app/"
"duet gazipur pattern programs download",c1_syllabus_programs,informational_transactional,en,"https://humayounkobir.vercel.app/"
"learn duet gazipur pattern programs",c1_syllabus_programs,informational_transactional,en,"https://humayounkobir.vercel.app/"
"duet gazipur pattern programs learn",c1_syllabus_programs,informational_transactional,en,"https://humayounkobir.vercel.app/"
"study duet gazipur pattern programs",c1_syllabus_programs,informational_transactional,en,"https://humayounkobir.vercel.app/"
"duet gazipur pattern programs study",c1_syllabus_programs,informational_transactional,en,"https://humayounkobir.vercel.app/"
"compare duet gazipur pattern programs",c1_syllabus_programs,informational_transactional,en,"https://humayounkobir.vercel.app/"
"duet gazipur pattern programs compare",c1_syllabus_programs,informational_transactional,en,"https://humayounkobir.vercel.app/"
"practice duet gazipur pattern programs",c1_syllabus_programs,informational_transactional,en,"https://humayounkobir.vercel.app/"
"duet gazipur pattern programs practice",c1_syllabus_programs,informational_transactional,en,"https://humayounkobir.vercel.app/"
"copy duet gazipur pattern programs",c1_syllabus_programs,informational_transactional,en,"https://humayounkobir.vercel.app/"
"duet gazipur pattern programs copy",c1_syllabus_programs,informational_transactional,en,"https://humayounkobir.vercel.app/"
"read duet gazipur pattern programs",c1_syllabus_programs,informational_transactional,en,"https://humayounkobir.vercel.app/"
"duet gazipur pattern programs read",c1_syllabus_programs,informational_transactional,en,"https://humayounkobir.vercel.app/"
"view duet gazipur pattern programs",c1_syllabus_programs,informational_transactional,en,"https://humayounkobir.vercel.app/"
"duet gazipur pattern programs view",c1_syllabus_programs,informational_transactional,en,"https://humayounkobir.vercel.app/"
"run duet gazipur pattern programs",c1_syllabus_programs,informational_transactional,en,"https://humayounkobir.vercel.app/"
"duet gazipur pattern programs run",c1_syllabus_programs,informational_transactional,en,"https://humayounkobir.vercel.app/"
"prepare duet gazipur pattern programs",c1_syllabus_programs,informational_transactional,en,"https://humayounkobir.vercel.app/"
"duet gazipur pattern programs prepare",c1_syllabus_programs,informational_transactional,en,"https://humayounkobir.vercel.app/"
"solve duet gazipur pattern programs",c1_syllabus_programs,informational_transactional,en,"https://humayounkobir.vercel.app/"
"duet gazipur pattern programs solve",c1_syllabus_programs,informational_transactional,en,"https://humayounkobir.vercel.app/"
"duet gazipur series sum",c1_syllabus_programs,informational_transactional,en,"https://humayounkobir.vercel.app/"
"download duet gazipur series sum",c1_syllabus_programs,informational_transactional,en,"https://humayounkobir.vercel.app/"
"duet gazipur series sum download",c1_syllabus_programs,informational_transactional,en,"https://humayounkobir.vercel.app/"
"learn duet gazipur series sum",c1_syllabus_programs,informational_transactional,en,"https://humayounkobir.vercel.app/"
"duet gazipur series sum learn",c1_syllabus_programs,informational_transactional,en,"https://humayounkobir.vercel.app/"
"study duet gazipur series sum",c1_syllabus_programs,informational_transactional,en,"https://humayounkobir.vercel.app/"
"duet gazipur series sum study",c1_syllabus_programs,informational_transactional,en,"https://humayounkobir.vercel.app/"
"compare duet gazipur series sum",c1_syllabus_programs,informational_transactional,en,"https://humayounkobir.vercel.app/"
"duet gazipur series sum compare",c1_syllabus_programs,informational_transactional,en,"https://humayounkobir.vercel.app/"
"practice duet gazipur series sum",c1_syllabus_programs,informational_transactional,en,"https://humayounkobir.vercel.app/"
"duet gazipur series sum practice",c1_syllabus_programs,informational_transactional,en,"https://humayounkobir.vercel.app/"
"copy duet gazipur series sum",c1_syllabus_programs,informational_transactional,en,"https://humayounkobir.vercel.app/"
"duet gazipur series sum copy",c1_syllabus_programs,informational_transactional,en,"https://humayounkobir.vercel.app/"
"read duet gazipur series sum",c1_syllabus_programs,informational_transactional,en,"https://humayounkobir.vercel.app/"
"duet gazipur series sum read",c1_syllabus_programs,informational_transactional,en,"https://humayounkobir.vercel.app/"
"view duet gazipur series sum",c1_syllabus_programs,informational_transactional,en,"https://humayounkobir.vercel.app/"
"duet gazipur series sum view",c1_syllabus_programs,informational_transactional,en,"https://humayounkobir.vercel.app/"
"run duet gazipur series sum",c1_syllabus_programs,informational_transactional,en,"https://humayounkobir.vercel.app/"
"duet gazipur series sum run",c1_syllabus_programs,informational_transactional,en,"https://humayounkobir.vercel.app/"
"prepare duet gazipur series sum",c1_syllabus_programs,informational_transactional,en,"https://humayounkobir.vercel.app/"
"duet gazipur series sum prepare",c1_syllabus_programs,informational_transactional,en,"https://humayounkobir.vercel.app/"
"solve duet gazipur series sum",c1_syllabus_programs,informational_transactional,en,"https://humayounkobir.vercel.app/"
"duet gazipur series sum solve",c1_syllabus_programs,informational_transactional,en,"https://humayounkobir.vercel.app/"
"duet gazipur loops",c1_syllabus_programs,informational_transactional,en,"https://humayounkobir.vercel.app/"
"download duet gazipur loops",c1_syllabus_programs,informational_transactional,en,"https://humayounkobir.vercel.app/"
"duet gazipur loops download",c1_syllabus_programs,informational_transactional,en,"https://humayounkobir.vercel.app/"
"learn duet gazipur loops",c1_syllabus_programs,informational_transactional,en,"https://humayounkobir.vercel.app/"
"duet gazipur loops learn",c1_syllabus_programs,informational_transactional,en,"https://humayounkobir.vercel.app/"
"study duet gazipur loops",c1_syllabus_programs,informational_transactional,en,"https://humayounkobir.vercel.app/"
"duet gazipur loops study",c1_syllabus_programs,informational_transactional,en,"https://humayounkobir.vercel.app/"
"compare duet gazipur loops",c1_syllabus_programs,informational_transactional,en,"https://humayounkobir.vercel.app/"
"duet gazipur loops compare",c1_syllabus_programs,informational_transactional,en,"https://humayounkobir.vercel.app/"
"practice duet gazipur loops",c1_syllabus_programs,informational_transactional,en,"https://humayounkobir.vercel.app/"
"duet gazipur loops practice",c1_syllabus_programs,informational_transactional,en,"https://humayounkobir.vercel.app/"
"copy duet gazipur loops",c1_syllabus_programs,informational_transactional,en,"https://humayounkobir.vercel.app/"
"duet gazipur loops copy",c1_syllabus_programs,informational_transactional,en,"https://humayounkobir.vercel.app/"
"read duet gazipur loops",c1_syllabus_programs,informational_transactional,en,"https://humayounkobir.vercel.app/"
"duet gazipur loops read",c1_syllabus_programs,informational_transactional,en,"https://humayounkobir.vercel.app/"
"view duet gazipur loops",c1_syllabus_programs,informational_transactional,en,"https://humayounkobir.vercel.app/"
"duet gazipur loops view",c1_syllabus_programs,informational_transactional,en,"https://humayounkobir.vercel.app/"
"run duet gazipur loops",c1_syllabus_programs,informational_transactional,en,"https://humayounkobir.vercel.app/"
"duet gazipur loops run",c1_syllabus_programs,informational_transactional,en,"https://humayounkobir.vercel.app/"
"prepare duet gazipur loops",c1_syllabus_programs,informational_transactional,en,"https://humayounkobir.vercel.app/"
"duet gazipur loops prepare",c1_syllabus_programs,informational_transactional,en,"https://humayounkobir.vercel.app/"
"solve duet gazipur loops",c1_syllabus_programs,informational_transactional,en,"https://humayounkobir.vercel.app/"
"duet gazipur loops solve",c1_syllabus_programs,informational_transactional,en,"https://humayounkobir.vercel.app/"
"duet gazipur recursion",c1_syllabus_programs,informational_transactional,en,"https://humayounkobir.vercel.app/"
"download duet gazipur recursion",c1_syllabus_programs,informational_transactional,en,"https://humayounkobir.vercel.app/"
"duet gazipur recursion download",c1_syllabus_programs,informational_transactional,en,"https://humayounkobir.vercel.app/"
"learn duet gazipur recursion",c1_syllabus_programs,informational_transactional,en,"https://humayounkobir.vercel.app/"
"duet gazipur recursion learn",c1_syllabus_programs,informational_transactional,en,"https://humayounkobir.vercel.app/"
"study duet gazipur recursion",c1_syllabus_programs,informational_transactional,en,"https://humayounkobir.vercel.app/"
"duet gazipur recursion study",c1_syllabus_programs,informational_transactional,en,"https://humayounkobir.vercel.app/"
"compare duet gazipur recursion",c1_syllabus_programs,informational_transactional,en,"https://humayounkobir.vercel.app/"
"duet gazipur recursion compare",c1_syllabus_programs,informational_transactional,en,"https://humayounkobir.vercel.app/"
"practice duet gazipur recursion",c1_syllabus_programs,informational_transactional,en,"https://humayounkobir.vercel.app/"
"duet gazipur recursion practice",c1_syllabus_programs,informational_transactional,en,"https://humayounkobir.vercel.app/"
"copy duet gazipur recursion",c1_syllabus_programs,informational_transactional,en,"https://humayounkobir.vercel.app/"
"duet gazipur recursion copy",c1_syllabus_programs,informational_transactional,en,"https://humayounkobir.vercel.app/"
"read duet gazipur recursion",c1_syllabus_programs,informational_transactional,en,"https://humayounkobir.vercel.app/"
"duet gazipur recursion read",c1_syllabus_programs,informational_transactional,en,"https://humayounkobir.vercel.app/"
"view duet gazipur recursion",c1_syllabus_programs,informational_transactional,en,"https://humayounkobir.vercel.app/"
"duet gazipur recursion view",c1_syllabus_programs,informational_transactional,en,"https://humayounkobir.vercel.app/"
"run duet gazipur recursion",c1_syllabus_programs,informational_transactional,en,"https://humayounkobir.vercel.app/"
"duet gazipur recursion run",c1_syllabus_programs,informational_transactional,en,"https://humayounkobir.vercel.app/"
"prepare duet gazipur recursion",c1_syllabus_programs,informational_transactional,en,"https://humayounkobir.vercel.app/"
"duet gazipur recursion prepare",c1_syllabus_programs,informational_transactional,en,"https://humayounkobir.vercel.app/"
"solve duet gazipur recursion",c1_syllabus_programs,informational_transactional,en,"https://humayounkobir.vercel.app/"
"duet gazipur recursion solve",c1_syllabus_programs,informational_transactional,en,"https://humayounkobir.vercel.app/"
"duet gazipur arrays",c1_syllabus_programs,informational_transactional,en,"https://humayounkobir.vercel.app/"
"download duet gazipur arrays",c1_syllabus_programs,informational_transactional,en,"https://humayounkobir.vercel.app/"
"duet gazipur arrays download",c1_syllabus_programs,informational_transactional,en,"https://humayounkobir.vercel.app/"
"learn duet gazipur arrays",c1_syllabus_programs,informational_transactional,en,"https://humayounkobir.vercel.app/"
"duet gazipur arrays learn",c1_syllabus_programs,informational_transactional,en,"https://humayounkobir.vercel.app/"
"study duet gazipur arrays",c1_syllabus_programs,informational_transactional,en,"https://humayounkobir.vercel.app/"
"duet gazipur arrays study",c1_syllabus_programs,informational_transactional,en,"https://humayounkobir.vercel.app/"
"compare duet gazipur arrays",c1_syllabus_programs,informational_transactional,en,"https://humayounkobir.vercel.app/"
"duet gazipur arrays compare",c1_syllabus_programs,informational_transactional,en,"https://humayounkobir.vercel.app/"
"practice duet gazipur arrays",c1_syllabus_programs,informational_transactional,en,"https://humayounkobir.vercel.app/"
"duet gazipur arrays practice",c1_syllabus_programs,informational_transactional,en,"https://humayounkobir.vercel.app/"
"copy duet gazipur arrays",c1_syllabus_programs,informational_transactional,en,"https://humayounkobir.vercel.app/"
"duet gazipur arrays copy",c1_syllabus_programs,informational_transactional,en,"https://humayounkobir.vercel.app/"
"read duet gazipur arrays",c1_syllabus_programs,informational_transactional,en,"https://humayounkobir.vercel.app/"
"duet gazipur arrays read",c1_syllabus_programs,informational_transactional,en,"https://humayounkobir.vercel.app/"
"view duet gazipur arrays",c1_syllabus_programs,informational_transactional,en,"https://humayounkobir.vercel.app/"
"duet gazipur arrays view",c1_syllabus_programs,informational_transactional,en,"https://humayounkobir.vercel.app/"
"run duet gazipur arrays",c1_syllabus_programs,informational_transactional,en,"https://humayounkobir.vercel.app/"
"duet gazipur arrays run",c1_syllabus_programs,informational_transactional,en,"https://humayounkobir.vercel.app/"
"prepare duet gazipur arrays",c1_syllabus_programs,informational_transactional,en,"https://humayounkobir.vercel.app/"
"duet gazipur arrays prepare",c1_syllabus_programs,informational_transactional,en,"https://humayounkobir.vercel.app/"
"solve duet gazipur arrays",c1_syllabus_programs,informational_transactional,en,"https://humayounkobir.vercel.app/"
"duet gazipur arrays solve",c1_syllabus_programs,informational_transactional,en,"https://humayounkobir.vercel.app/"
"duet gazipur pointers",c1_syllabus_programs,informational_transactional,en,"https://humayounkobir.vercel.app/"
"download duet gazipur pointers",c1_syllabus_programs,informational_transactional,en,"https://humayounkobir.vercel.app/"
"duet gazipur pointers download",c1_syllabus_programs,informational_transactional,en,"https://humayounkobir.vercel.app/"
"learn duet gazipur pointers",c1_syllabus_programs,informational_transactional,en,"https://humayounkobir.vercel.app/"
"duet gazipur pointers learn",c1_syllabus_programs,informational_transactional,en,"https://humayounkobir.vercel.app/"
"study duet gazipur pointers",c1_syllabus_programs,informational_transactional,en,"https://humayounkobir.vercel.app/"
"duet gazipur pointers study",c1_syllabus_programs,informational_transactional,en,"https://humayounkobir.vercel.app/"
"compare duet gazipur pointers",c1_syllabus_programs,informational_transactional,en,"https://humayounkobir.vercel.app/"
"duet gazipur pointers compare",c1_syllabus_programs,informational_transactional,en,"https://humayounkobir.vercel.app/"
"practice duet gazipur pointers",c1_syllabus_programs,informational_transactional,en,"https://humayounkobir.vercel.app/"
"duet gazipur pointers practice",c1_syllabus_programs,informational_transactional,en,"https://humayounkobir.vercel.app/"
"copy duet gazipur pointers",c1_syllabus_programs,informational_transactional,en,"https://humayounkobir.vercel.app/"
"duet gazipur pointers copy",c1_syllabus_programs,informational_transactional,en,"https://humayounkobir.vercel.app/"
"read duet gazipur pointers",c1_syllabus_programs,informational_transactional,en,"https://humayounkobir.vercel.app/"
"duet gazipur pointers read",c1_syllabus_programs,informational_transactional,en,"https://humayounkobir.vercel.app/"
"view duet gazipur pointers",c1_syllabus_programs,informational_transactional,en,"https://humayounkobir.vercel.app/"
"duet gazipur pointers view",c1_syllabus_programs,informational_transactional,en,"https://humayounkobir.vercel.app/"
"run duet gazipur pointers",c1_syllabus_programs,informational_transactional,en,"https://humayounkobir.vercel.app/"
"duet gazipur pointers run",c1_syllabus_programs,informational_transactional,en,"https://humayounkobir.vercel.app/"
"prepare duet gazipur pointers",c1_syllabus_programs,informational_transactional,en,"https://humayounkobir.vercel.app/"
"duet gazipur pointers prepare",c1_syllabus_programs,informational_transactional,en,"https://humayounkobir.vercel.app/"
"solve duet gazipur pointers",c1_syllabus_programs,informational_transactional,en,"https://humayounkobir.vercel.app/"
"duet gazipur pointers solve",c1_syllabus_programs,informational_transactional,en,"https://humayounkobir.vercel.app/"
"duet gazipur pdf",c1_syllabus_programs,informational_transactional,en,"https://humayounkobir.vercel.app/"
"download duet gazipur pdf",c1_syllabus_programs,informational_transactional,en,"https://humayounkobir.vercel.app/"
"duet gazipur pdf download",c1_syllabus_programs,informational_transactional,en,"https://humayounkobir.vercel.app/"
"learn duet gazipur pdf",c1_syllabus_programs,informational_transactional,en,"https://humayounkobir.vercel.app/"
"duet gazipur pdf learn",c1_syllabus_programs,informational_transactional,en,"https://humayounkobir.vercel.app/"
"study duet gazipur pdf",c1_syllabus_programs,informational_transactional,en,"https://humayounkobir.vercel.app/"
"duet gazipur pdf study",c1_syllabus_programs,informational_transactional,en,"https://humayounkobir.vercel.app/"
"compare duet gazipur pdf",c1_syllabus_programs,informational_transactional,en,"https://humayounkobir.vercel.app/"
"duet gazipur pdf compare",c1_syllabus_programs,informational_transactional,en,"https://humayounkobir.vercel.app/"
"practice duet gazipur pdf",c1_syllabus_programs,informational_transactional,en,"https://humayounkobir.vercel.app/"
"duet gazipur pdf practice",c1_syllabus_programs,informational_transactional,en,"https://humayounkobir.vercel.app/"
"copy duet gazipur pdf",c1_syllabus_programs,informational_transactional,en,"https://humayounkobir.vercel.app/"
"duet gazipur pdf copy",c1_syllabus_programs,informational_transactional,en,"https://humayounkobir.vercel.app/"
"read duet gazipur pdf",c1_syllabus_programs,informational_transactional,en,"https://humayounkobir.vercel.app/"
"duet gazipur pdf read",c1_syllabus_programs,informational_transactional,en,"https://humayounkobir.vercel.app/"
"view duet gazipur pdf",c1_syllabus_programs,informational_transactional,en,"https://humayounkobir.vercel.app/"
"duet gazipur pdf view",c1_syllabus_programs,informational_transactional,en,"https://humayounkobir.vercel.app/"
"run duet gazipur pdf",c1_syllabus_programs,informational_transactional,en,"https://humayounkobir.vercel.app/"
"duet gazipur pdf run",c1_syllabus_programs,informational_transactional,en,"https://humayounkobir.vercel.app/"
"prepare duet gazipur pdf",c1_syllabus_programs,informational_transactional,en,"https://humayounkobir.vercel.app/"
"duet gazipur pdf prepare",c1_syllabus_programs,informational_transactional,en,"https://humayounkobir.vercel.app/"
"solve duet gazipur pdf",c1_syllabus_programs,informational_transactional,en,"https://humayounkobir.vercel.app/"
"duet gazipur pdf solve",c1_syllabus_programs,informational_transactional,en,"https://humayounkobir.vercel.app/"
"duet gazipur book",c1_syllabus_programs,informational_transactional,en,"https://humayounkobir.vercel.app/"
"download duet gazipur book",c1_syllabus_programs,informational_transactional,en,"https://humayounkobir.vercel.app/"
"duet gazipur book download",c1_syllabus_programs,informational_transactional,en,"https://humayounkobir.vercel.app/"
"learn duet gazipur book",c1_syllabus_programs,informational_transactional,en,"https://humayounkobir.vercel.app/"
"duet gazipur book learn",c1_syllabus_programs,informational_transactional,en,"https://humayounkobir.vercel.app/"
"study duet gazipur book",c1_syllabus_programs,informational_transactional,en,"https://humayounkobir.vercel.app/"
"duet gazipur book study",c1_syllabus_programs,informational_transactional,en,"https://humayounkobir.vercel.app/"
"compare duet gazipur book",c1_syllabus_programs,informational_transactional,en,"https://humayounkobir.vercel.app/"
"duet gazipur book compare",c1_syllabus_programs,informational_transactional,en,"https://humayounkobir.vercel.app/"
"practice duet gazipur book",c1_syllabus_programs,informational_transactional,en,"https://humayounkobir.vercel.app/"
"duet gazipur book practice",c1_syllabus_programs,informational_transactional,en,"https://humayounkobir.vercel.app/"
"copy duet gazipur book",c1_syllabus_programs,informational_transactional,en,"https://humayounkobir.vercel.app/"
"duet gazipur book copy",c1_syllabus_programs,informational_transactional,en,"https://humayounkobir.vercel.app/"
"read duet gazipur book",c1_syllabus_programs,informational_transactional,en,"https://humayounkobir.vercel.app/"
"duet gazipur book read",c1_syllabus_programs,informational_transactional,en,"https://humayounkobir.vercel.app/"
"view duet gazipur book",c1_syllabus_programs,informational_transactional,en,"https://humayounkobir.vercel.app/"
"duet gazipur book view",c1_syllabus_programs,informational_transactional,en,"https://humayounkobir.vercel.app/"
"run duet gazipur book",c1_syllabus_programs,informational_transactional,en,"https://humayounkobir.vercel.app/"
"duet gazipur book run",c1_syllabus_programs,informational_transactional,en,"https://humayounkobir.vercel.app/"
"prepare duet gazipur book",c1_syllabus_programs,informational_transactional,en,"https://humayounkobir.vercel.app/"
"duet gazipur book prepare",c1_syllabus_programs,informational_transactional,en,"https://humayounkobir.vercel.app/"
"solve duet gazipur book",c1_syllabus_programs,informational_transactional,en,"https://humayounkobir.vercel.app/"
"duet gazipur book solve",c1_syllabus_programs,informational_transactional,en,"https://humayounkobir.vercel.app/"
"duet gazipur apk",c1_syllabus_programs,informational_transactional,en,"https://humayounkobir.vercel.app/"
"download duet gazipur apk",c1_syllabus_programs,informational_transactional,en,"https://humayounkobir.vercel.app/"
"duet gazipur apk download",c1_syllabus_programs,informational_transactional,en,"https://humayounkobir.vercel.app/"
"learn duet gazipur apk",c1_syllabus_programs,informational_transactional,en,"https://humayounkobir.vercel.app/"
"duet gazipur apk learn",c1_syllabus_programs,informational_transactional,en,"https://humayounkobir.vercel.app/"
"study duet gazipur apk",c1_syllabus_programs,informational_transactional,en,"https://humayounkobir.vercel.app/"
"duet gazipur apk study",c1_syllabus_programs,informational_transactional,en,"https://humayounkobir.vercel.app/"
"compare duet gazipur apk",c1_syllabus_programs,informational_transactional,en,"https://humayounkobir.vercel.app/"
"duet gazipur apk compare",c1_syllabus_programs,informational_transactional,en,"https://humayounkobir.vercel.app/"
"practice duet gazipur apk",c1_syllabus_programs,informational_transactional,en,"https://humayounkobir.vercel.app/"
"duet gazipur apk practice",c1_syllabus_programs,informational_transactional,en,"https://humayounkobir.vercel.app/"
"copy duet gazipur apk",c1_syllabus_programs,informational_transactional,en,"https://humayounkobir.vercel.app/"
"duet gazipur apk copy",c1_syllabus_programs,informational_transactional,en,"https://humayounkobir.vercel.app/"
"read duet gazipur apk",c1_syllabus_programs,informational_transactional,en,"https://humayounkobir.vercel.app/"
"duet gazipur apk read",c1_syllabus_programs,informational_transactional,en,"https://humayounkobir.vercel.app/"
"view duet gazipur apk",c1_syllabus_programs,informational_transactional,en,"https://humayounkobir.vercel.app/"
"duet gazipur apk view",c1_syllabus_programs,informational_transactional,en,"https://humayounkobir.vercel.app/"
"run duet gazipur apk",c1_syllabus_programs,informational_transactional,en,"https://humayounkobir.vercel.app/"
"duet gazipur apk run",c1_syllabus_programs,informational_transactional,en,"https://humayounkobir.vercel.app/"
"prepare duet gazipur apk",c1_syllabus_programs,informational_transactional,en,"https://humayounkobir.vercel.app/"
"duet gazipur apk prepare",c1_syllabus_programs,informational_transactional,en,"https://humayounkobir.vercel.app/"
"solve duet gazipur apk",c1_syllabus_programs,informational_transactional,en,"https://humayounkobir.vercel.app/"
"duet gazipur apk solve",c1_syllabus_programs,informational_transactional,en,"https://humayounkobir.vercel.app/"
"duet gazipur app",c1_syllabus_programs,informational_transactional,en,"https://humayounkobir.vercel.app/"
"download duet gazipur app",c1_syllabus_programs,informational_transactional,en,"https://humayounkobir.vercel.app/"
"duet gazipur app download",c1_syllabus_programs,informational_transactional,en,"https://humayounkobir.vercel.app/"
"learn duet gazipur app",c1_syllabus_programs,informational_transactional,en,"https://humayounkobir.vercel.app/"
"duet gazipur app learn",c1_syllabus_programs,informational_transactional,en,"https://humayounkobir.vercel.app/"
"study duet gazipur app",c1_syllabus_programs,informational_transactional,en,"https://humayounkobir.vercel.app/"
"duet gazipur app study",c1_syllabus_programs,informational_transactional,en,"https://humayounkobir.vercel.app/"
"compare duet gazipur app",c1_syllabus_programs,informational_transactional,en,"https://humayounkobir.vercel.app/"
"duet gazipur app compare",c1_syllabus_programs,informational_transactional,en,"https://humayounkobir.vercel.app/"
"practice duet gazipur app",c1_syllabus_programs,informational_transactional,en,"https://humayounkobir.vercel.app/"
"duet gazipur app practice",c1_syllabus_programs,informational_transactional,en,"https://humayounkobir.vercel.app/"
"copy duet gazipur app",c1_syllabus_programs,informational_transactional,en,"https://humayounkobir.vercel.app/"
"duet gazipur app copy",c1_syllabus_programs,informational_transactional,en,"https://humayounkobir.vercel.app/"
"read duet gazipur app",c1_syllabus_programs,informational_transactional,en,"https://humayounkobir.vercel.app/"
"duet gazipur app read",c1_syllabus_programs,informational_transactional,en,"https://humayounkobir.vercel.app/"
"view duet gazipur app",c1_syllabus_programs,informational_transactional,en,"https://humayounkobir.vercel.app/"
"duet gazipur app view",c1_syllabus_programs,informational_transactional,en,"https://humayounkobir.vercel.app/"
"run duet gazipur app",c1_syllabus_programs,informational_transactional,en,"https://humayounkobir.vercel.app/"
"duet gazipur app run",c1_syllabus_programs,informational_transactional,en,"https://humayounkobir.vercel.app/"
"prepare duet gazipur app",c1_syllabus_programs,informational_transactional,en,"https://humayounkobir.vercel.app/"
"duet gazipur app prepare",c1_syllabus_programs,informational_transactional,en,"https://humayounkobir.vercel.app/"
"solve duet gazipur app",c1_syllabus_programs,informational_transactional,en,"https://humayounkobir.vercel.app/"
"duet gazipur app solve",c1_syllabus_programs,informational_transactional,en,"https://humayounkobir.vercel.app/"
"duet gazipur notes",c1_syllabus_programs,informational_transactional,en,"https://humayounkobir.vercel.app/"
"download duet gazipur notes",c1_syllabus_programs,informational_transactional,en,"https://humayounkobir.vercel.app/"
"duet gazipur notes download",c1_syllabus_programs,informational_transactional,en,"https://humayounkobir.vercel.app/"
"learn duet gazipur notes",c1_syllabus_programs,informational_transactional,en,"https://humayounkobir.vercel.app/"
"duet gazipur notes learn",c1_syllabus_programs,informational_transactional,en,"https://humayounkobir.vercel.app/"
"study duet gazipur notes",c1_syllabus_programs,informational_transactional,en,"https://humayounkobir.vercel.app/"
"duet gazipur notes study",c1_syllabus_programs,informational_transactional,en,"https://humayounkobir.vercel.app/"
"compare duet gazipur notes",c1_syllabus_programs,informational_transactional,en,"https://humayounkobir.vercel.app/"
"duet gazipur notes compare",c1_syllabus_programs,informational_transactional,en,"https://humayounkobir.vercel.app/"
"practice duet gazipur notes",c1_syllabus_programs,informational_transactional,en,"https://humayounkobir.vercel.app/"
"duet gazipur notes practice",c1_syllabus_programs,informational_transactional,en,"https://humayounkobir.vercel.app/"
"copy duet gazipur notes",c1_syllabus_programs,informational_transactional,en,"https://humayounkobir.vercel.app/"
"duet gazipur notes copy",c1_syllabus_programs,informational_transactional,en,"https://humayounkobir.vercel.app/"
"read duet gazipur notes",c1_syllabus_programs,informational_transactional,en,"https://humayounkobir.vercel.app/"
"duet gazipur notes read",c1_syllabus_programs,informational_transactional,en,"https://humayounkobir.vercel.app/"
"view duet gazipur notes",c1_syllabus_programs,informational_transactional,en,"https://humayounkobir.vercel.app/"
"duet gazipur notes view",c1_syllabus_programs,informational_transactional,en,"https://humayounkobir.vercel.app/"
"run duet gazipur notes",c1_syllabus_programs,informational_transactional,en,"https://humayounkobir.vercel.app/"
"duet gazipur notes run",c1_syllabus_programs,informational_transactional,en,"https://humayounkobir.vercel.app/"
"prepare duet gazipur notes",c1_syllabus_programs,informational_transactional,en,"https://humayounkobir.vercel.app/"
"duet gazipur notes prepare",c1_syllabus_programs,informational_transactional,en,"https://humayounkobir.vercel.app/"
"solve duet gazipur notes",c1_syllabus_programs,informational_transactional,en,"https://humayounkobir.vercel.app/"
"duet gazipur notes solve",c1_syllabus_programs,informational_transactional,en,"https://humayounkobir.vercel.app/"
"duet gazipur solutions",c1_syllabus_programs,informational_transactional,en,"https://humayounkobir.vercel.app/"
"download duet gazipur solutions",c1_syllabus_programs,informational_transactional,en,"https://humayounkobir.vercel.app/"
"duet gazipur solutions download",c1_syllabus_programs,informational_transactional,en,"https://humayounkobir.vercel.app/"
"learn duet gazipur solutions",c1_syllabus_programs,informational_transactional,en,"https://humayounkobir.vercel.app/"
"duet gazipur solutions learn",c1_syllabus_programs,informational_transactional,en,"https://humayounkobir.vercel.app/"
"study duet gazipur solutions",c1_syllabus_programs,informational_transactional,en,"https://humayounkobir.vercel.app/"
"duet gazipur solutions study",c1_syllabus_programs,informational_transactional,en,"https://humayounkobir.vercel.app/"
"compare duet gazipur solutions",c1_syllabus_programs,informational_transactional,en,"https://humayounkobir.vercel.app/"
"duet gazipur solutions compare",c1_syllabus_programs,informational_transactional,en,"https://humayounkobir.vercel.app/"
"practice duet gazipur solutions",c1_syllabus_programs,informational_transactional,en,"https://humayounkobir.vercel.app/"
"duet gazipur solutions practice",c1_syllabus_programs,informational_transactional,en,"https://humayounkobir.vercel.app/"
"copy duet gazipur solutions",c1_syllabus_programs,informational_transactional,en,"https://humayounkobir.vercel.app/"
"duet gazipur solutions copy",c1_syllabus_programs,informational_transactional,en,"https://humayounkobir.vercel.app/"
"read duet gazipur solutions",c1_syllabus_programs,informational_transactional,en,"https://humayounkobir.vercel.app/"
"duet gazipur solutions read",c1_syllabus_programs,informational_transactional,en,"https://humayounkobir.vercel.app/"
"view duet gazipur solutions",c1_syllabus_programs,informational_transactional,en,"https://humayounkobir.vercel.app/"
"duet gazipur solutions view",c1_syllabus_programs,informational_transactional,en,"https://humayounkobir.vercel.app/"
"run duet gazipur solutions",c1_syllabus_programs,informational_transactional,en,"https://humayounkobir.vercel.app/"
"duet gazipur solutions run",c1_syllabus_programs,informational_transactional,en,"https://humayounkobir.vercel.app/"
"prepare duet gazipur solutions",c1_syllabus_programs,informational_transactional,en,"https://humayounkobir.vercel.app/"
"duet gazipur solutions prepare",c1_syllabus_programs,informational_transactional,en,"https://humayounkobir.vercel.app/"
"solve duet gazipur solutions",c1_syllabus_programs,informational_transactional,en,"https://humayounkobir.vercel.app/"
"duet gazipur solutions solve",c1_syllabus_programs,informational_transactional,en,"https://humayounkobir.vercel.app/"
"polytechnic programs",c1_syllabus_programs,informational_transactional,en,"https://humayounkobir.vercel.app/"
"download polytechnic programs",c1_syllabus_programs,informational_transactional,en,"https://humayounkobir.vercel.app/"
"polytechnic programs download",c1_syllabus_programs,informational_transactional,en,"https://humayounkobir.vercel.app/"
"learn polytechnic programs",c1_syllabus_programs,informational_transactional,en,"https://humayounkobir.vercel.app/"
"polytechnic programs learn",c1_syllabus_programs,informational_transactional,en,"https://humayounkobir.vercel.app/"
"study polytechnic programs",c1_syllabus_programs,informational_transactional,en,"https://humayounkobir.vercel.app/"
"polytechnic programs study",c1_syllabus_programs,informational_transactional,en,"https://humayounkobir.vercel.app/"
"compare polytechnic programs",c1_syllabus_programs,informational_transactional,en,"https://humayounkobir.vercel.app/"
"polytechnic programs compare",c1_syllabus_programs,informational_transactional,en,"https://humayounkobir.vercel.app/"
"practice polytechnic programs",c1_syllabus_programs,informational_transactional,en,"https://humayounkobir.vercel.app/"
"polytechnic programs practice",c1_syllabus_programs,informational_transactional,en,"https://humayounkobir.vercel.app/"
"copy polytechnic programs",c1_syllabus_programs,informational_transactional,en,"https://humayounkobir.vercel.app/"
"polytechnic programs copy",c1_syllabus_programs,informational_transactional,en,"https://humayounkobir.vercel.app/"
"read polytechnic programs",c1_syllabus_programs,informational_transactional,en,"https://humayounkobir.vercel.app/"
"polytechnic programs read",c1_syllabus_programs,informational_transactional,en,"https://humayounkobir.vercel.app/"
"view polytechnic programs",c1_syllabus_programs,informational_transactional,en,"https://humayounkobir.vercel.app/"
"polytechnic programs view",c1_syllabus_programs,informational_transactional,en,"https://humayounkobir.vercel.app/"
"run polytechnic programs",c1_syllabus_programs,informational_transactional,en,"https://humayounkobir.vercel.app/"
"polytechnic programs run",c1_syllabus_programs,informational_transactional,en,"https://humayounkobir.vercel.app/"
"prepare polytechnic programs",c1_syllabus_programs,informational_transactional,en,"https://humayounkobir.vercel.app/"
"polytechnic programs prepare",c1_syllabus_programs,informational_transactional,en,"https://humayounkobir.vercel.app/"
"solve polytechnic programs",c1_syllabus_programs,informational_transactional,en,"https://humayounkobir.vercel.app/"
"polytechnic programs solve",c1_syllabus_programs,informational_transactional,en,"https://humayounkobir.vercel.app/"
"polytechnic code",c1_syllabus_programs,informational_transactional,en,"https://humayounkobir.vercel.app/"
"download polytechnic code",c1_syllabus_programs,informational_transactional,en,"https://humayounkobir.vercel.app/"
"polytechnic code download",c1_syllabus_programs,informational_transactional,en,"https://humayounkobir.vercel.app/"
"learn polytechnic code",c1_syllabus_programs,informational_transactional,en,"https://humayounkobir.vercel.app/"
"polytechnic code learn",c1_syllabus_programs,informational_transactional,en,"https://humayounkobir.vercel.app/"
"study polytechnic code",c1_syllabus_programs,informational_transactional,en,"https://humayounkobir.vercel.app/"
"polytechnic code study",c1_syllabus_programs,informational_transactional,en,"https://humayounkobir.vercel.app/"
"compare polytechnic code",c1_syllabus_programs,informational_transactional,en,"https://humayounkobir.vercel.app/"
"polytechnic code compare",c1_syllabus_programs,informational_transactional,en,"https://humayounkobir.vercel.app/"
"practice polytechnic code",c1_syllabus_programs,informational_transactional,en,"https://humayounkobir.vercel.app/"
"polytechnic code practice",c1_syllabus_programs,informational_transactional,en,"https://humayounkobir.vercel.app/"
"copy polytechnic code",c1_syllabus_programs,informational_transactional,en,"https://humayounkobir.vercel.app/"
"polytechnic code copy",c1_syllabus_programs,informational_transactional,en,"https://humayounkobir.vercel.app/"
"read polytechnic code",c1_syllabus_programs,informational_transactional,en,"https://humayounkobir.vercel.app/"
"polytechnic code read",c1_syllabus_programs,informational_transactional,en,"https://humayounkobir.vercel.app/"
"view polytechnic code",c1_syllabus_programs,informational_transactional,en,"https://humayounkobir.vercel.app/"
"polytechnic code view",c1_syllabus_programs,informational_transactional,en,"https://humayounkobir.vercel.app/"
"run polytechnic code",c1_syllabus_programs,informational_transactional,en,"https://humayounkobir.vercel.app/"
"polytechnic code run",c1_syllabus_programs,informational_transactional,en,"https://humayounkobir.vercel.app/"
"prepare polytechnic code",c1_syllabus_programs,informational_transactional,en,"https://humayounkobir.vercel.app/"
"polytechnic code prepare",c1_syllabus_programs,informational_transactional,en,"https://humayounkobir.vercel.app/"
"solve polytechnic code",c1_syllabus_programs,informational_transactional,en,"https://humayounkobir.vercel.app/"
"polytechnic code solve",c1_syllabus_programs,informational_transactional,en,"https://humayounkobir.vercel.app/"
"polytechnic basic programs",c1_syllabus_programs,informational_transactional,en,"https://humayounkobir.vercel.app/"
"download polytechnic basic programs",c1_syllabus_programs,informational_transactional,en,"https://humayounkobir.vercel.app/"
"polytechnic basic programs download",c1_syllabus_programs,informational_transactional,en,"https://humayounkobir.vercel.app/"
"learn polytechnic basic programs",c1_syllabus_programs,informational_transactional,en,"https://humayounkobir.vercel.app/"
"polytechnic basic programs learn",c1_syllabus_programs,informational_transactional,en,"https://humayounkobir.vercel.app/"
"study polytechnic basic programs",c1_syllabus_programs,informational_transactional,en,"https://humayounkobir.vercel.app/"
"polytechnic basic programs study",c1_syllabus_programs,informational_transactional,en,"https://humayounkobir.vercel.app/"
"compare polytechnic basic programs",c1_syllabus_programs,informational_transactional,en,"https://humayounkobir.vercel.app/"
"polytechnic basic programs compare",c1_syllabus_programs,informational_transactional,en,"https://humayounkobir.vercel.app/"
"practice polytechnic basic programs",c1_syllabus_programs,informational_transactional,en,"https://humayounkobir.vercel.app/"
"polytechnic basic programs practice",c1_syllabus_programs,informational_transactional,en,"https://humayounkobir.vercel.app/"
"copy polytechnic basic programs",c1_syllabus_programs,informational_transactional,en,"https://humayounkobir.vercel.app/"
"polytechnic basic programs copy",c1_syllabus_programs,informational_transactional,en,"https://humayounkobir.vercel.app/"
"read polytechnic basic programs",c1_syllabus_programs,informational_transactional,en,"https://humayounkobir.vercel.app/"
"polytechnic basic programs read",c1_syllabus_programs,informational_transactional,en,"https://humayounkobir.vercel.app/"
"view polytechnic basic programs",c1_syllabus_programs,informational_transactional,en,"https://humayounkobir.vercel.app/"
"polytechnic basic programs view",c1_syllabus_programs,informational_transactional,en,"https://humayounkobir.vercel.app/"
"run polytechnic basic programs",c1_syllabus_programs,informational_transactional,en,"https://humayounkobir.vercel.app/"
"polytechnic basic programs run",c1_syllabus_programs,informational_transactional,en,"https://humayounkobir.vercel.app/"
"prepare polytechnic basic programs",c1_syllabus_programs,informational_transactional,en,"https://humayounkobir.vercel.app/"
"polytechnic basic programs prepare",c1_syllabus_programs,informational_transactional,en,"https://humayounkobir.vercel.app/"
"solve polytechnic basic programs",c1_syllabus_programs,informational_transactional,en,"https://humayounkobir.vercel.app/"
"polytechnic basic programs solve",c1_syllabus_programs,informational_transactional,en,"https://humayounkobir.vercel.app/"
"polytechnic syllabus",c1_syllabus_programs,informational_transactional,en,"https://humayounkobir.vercel.app/"
"download polytechnic syllabus",c1_syllabus_programs,informational_transactional,en,"https://humayounkobir.vercel.app/"
"polytechnic syllabus download",c1_syllabus_programs,informational_transactional,en,"https://humayounkobir.vercel.app/"
"learn polytechnic syllabus",c1_syllabus_programs,informational_transactional,en,"https://humayounkobir.vercel.app/"
"polytechnic syllabus learn",c1_syllabus_programs,informational_transactional,en,"https://humayounkobir.vercel.app/"
"study polytechnic syllabus",c1_syllabus_programs,informational_transactional,en,"https://humayounkobir.vercel.app/"
"polytechnic syllabus study",c1_syllabus_programs,informational_transactional,en,"https://humayounkobir.vercel.app/"
"compare polytechnic syllabus",c1_syllabus_programs,informational_transactional,en,"https://humayounkobir.vercel.app/"
"polytechnic syllabus compare",c1_syllabus_programs,informational_transactional,en,"https://humayounkobir.vercel.app/"
"practice polytechnic syllabus",c1_syllabus_programs,informational_transactional,en,"https://humayounkobir.vercel.app/"
"polytechnic syllabus practice",c1_syllabus_programs,informational_transactional,en,"https://humayounkobir.vercel.app/"
"copy polytechnic syllabus",c1_syllabus_programs,informational_transactional,en,"https://humayounkobir.vercel.app/"
"polytechnic syllabus copy",c1_syllabus_programs,informational_transactional,en,"https://humayounkobir.vercel.app/"
"read polytechnic syllabus",c1_syllabus_programs,informational_transactional,en,"https://humayounkobir.vercel.app/"
"polytechnic syllabus read",c1_syllabus_programs,informational_transactional,en,"https://humayounkobir.vercel.app/"
"view polytechnic syllabus",c1_syllabus_programs,informational_transactional,en,"https://humayounkobir.vercel.app/"
"polytechnic syllabus view",c1_syllabus_programs,informational_transactional,en,"https://humayounkobir.vercel.app/"
"run polytechnic syllabus",c1_syllabus_programs,informational_transactional,en,"https://humayounkobir.vercel.app/"
"polytechnic syllabus run",c1_syllabus_programs,informational_transactional,en,"https://humayounkobir.vercel.app/"
"prepare polytechnic syllabus",c1_syllabus_programs,informational_transactional,en,"https://humayounkobir.vercel.app/"
"polytechnic syllabus prepare",c1_syllabus_programs,informational_transactional,en,"https://humayounkobir.vercel.app/"
"solve polytechnic syllabus",c1_syllabus_programs,informational_transactional,en,"https://humayounkobir.vercel.app/"
"polytechnic syllabus solve",c1_syllabus_programs,informational_transactional,en,"https://humayounkobir.vercel.app/"
"polytechnic admission questions",c1_syllabus_programs,informational_transactional,en,"https://humayounkobir.vercel.app/"
"download polytechnic admission questions",c1_syllabus_programs,informational_transactional,en,"https://humayounkobir.vercel.app/"
"polytechnic admission questions download",c1_syllabus_programs,informational_transactional,en,"https://humayounkobir.vercel.app/"
"learn polytechnic admission questions",c1_syllabus_programs,informational_transactional,en,"https://humayounkobir.vercel.app/"
"polytechnic admission questions learn",c1_syllabus_programs,informational_transactional,en,"https://humayounkobir.vercel.app/"
"study polytechnic admission questions",c1_syllabus_programs,informational_transactional,en,"https://humayounkobir.vercel.app/"
"polytechnic admission questions study",c1_syllabus_programs,informational_transactional,en,"https://humayounkobir.vercel.app/"
"compare polytechnic admission questions",c1_syllabus_programs,informational_transactional,en,"https://humayounkobir.vercel.app/"
"polytechnic admission questions compare",c1_syllabus_programs,informational_transactional,en,"https://humayounkobir.vercel.app/"
"practice polytechnic admission questions",c1_syllabus_programs,informational_transactional,en,"https://humayounkobir.vercel.app/"
"polytechnic admission questions practice",c1_syllabus_programs,informational_transactional,en,"https://humayounkobir.vercel.app/"
"copy polytechnic admission questions",c1_syllabus_programs,informational_transactional,en,"https://humayounkobir.vercel.app/"
"polytechnic admission questions copy",c1_syllabus_programs,informational_transactional,en,"https://humayounkobir.vercel.app/"
"read polytechnic admission questions",c1_syllabus_programs,informational_transactional,en,"https://humayounkobir.vercel.app/"
"polytechnic admission questions read",c1_syllabus_programs,informational_transactional,en,"https://humayounkobir.vercel.app/"
"view polytechnic admission questions",c1_syllabus_programs,informational_transactional,en,"https://humayounkobir.vercel.app/"
"polytechnic admission questions view",c1_syllabus_programs,informational_transactional,en,"https://humayounkobir.vercel.app/"
"run polytechnic admission questions",c1_syllabus_programs,informational_transactional,en,"https://humayounkobir.vercel.app/"
"polytechnic admission questions run",c1_syllabus_programs,informational_transactional,en,"https://humayounkobir.vercel.app/"
"prepare polytechnic admission questions",c1_syllabus_programs,informational_transactional,en,"https://humayounkobir.vercel.app/"
"polytechnic admission questions prepare",c1_syllabus_programs,informational_transactional,en,"https://humayounkobir.vercel.app/"
"solve polytechnic admission questions",c1_syllabus_programs,informational_transactional,en,"https://humayounkobir.vercel.app/"
"polytechnic admission questions solve",c1_syllabus_programs,informational_transactional,en,"https://humayounkobir.vercel.app/"
"polytechnic pattern programs",c1_syllabus_programs,informational_transactional,en,"https://humayounkobir.vercel.app/"
"download polytechnic pattern programs",c1_syllabus_programs,informational_transactional,en,"https://humayounkobir.vercel.app/"
"polytechnic pattern programs download",c1_syllabus_programs,informational_transactional,en,"https://humayounkobir.vercel.app/"
"learn polytechnic pattern programs",c1_syllabus_programs,informational_transactional,en,"https://humayounkobir.vercel.app/"
"polytechnic pattern programs learn",c1_syllabus_programs,informational_transactional,en,"https://humayounkobir.vercel.app/"
"study polytechnic pattern programs",c1_syllabus_programs,informational_transactional,en,"https://humayounkobir.vercel.app/"
"polytechnic pattern programs study",c1_syllabus_programs,informational_transactional,en,"https://humayounkobir.vercel.app/"
"compare polytechnic pattern programs",c1_syllabus_programs,informational_transactional,en,"https://humayounkobir.vercel.app/"
"polytechnic pattern programs compare",c1_syllabus_programs,informational_transactional,en,"https://humayounkobir.vercel.app/"
"practice polytechnic pattern programs",c1_syllabus_programs,informational_transactional,en,"https://humayounkobir.vercel.app/"
"polytechnic pattern programs practice",c1_syllabus_programs,informational_transactional,en,"https://humayounkobir.vercel.app/"
"copy polytechnic pattern programs",c1_syllabus_programs,informational_transactional,en,"https://humayounkobir.vercel.app/"
"polytechnic pattern programs copy",c1_syllabus_programs,informational_transactional,en,"https://humayounkobir.vercel.app/"
"read polytechnic pattern programs",c1_syllabus_programs,informational_transactional,en,"https://humayounkobir.vercel.app/"
"polytechnic pattern programs read",c1_syllabus_programs,informational_transactional,en,"https://humayounkobir.vercel.app/"
"view polytechnic pattern programs",c1_syllabus_programs,informational_transactional,en,"https://humayounkobir.vercel.app/"
"polytechnic pattern programs view",c1_syllabus_programs,informational_transactional,en,"https://humayounkobir.vercel.app/"
"run polytechnic pattern programs",c1_syllabus_programs,informational_transactional,en,"https://humayounkobir.vercel.app/"
"polytechnic pattern programs run",c1_syllabus_programs,informational_transactional,en,"https://humayounkobir.vercel.app/"
"prepare polytechnic pattern programs",c1_syllabus_programs,informational_transactional,en,"https://humayounkobir.vercel.app/"
"polytechnic pattern programs prepare",c1_syllabus_programs,informational_transactional,en,"https://humayounkobir.vercel.app/"
"solve polytechnic pattern programs",c1_syllabus_programs,informational_transactional,en,"https://humayounkobir.vercel.app/"
"polytechnic pattern programs solve",c1_syllabus_programs,informational_transactional,en,"https://humayounkobir.vercel.app/"
"polytechnic series sum",c1_syllabus_programs,informational_transactional,en,"https://humayounkobir.vercel.app/"
"download polytechnic series sum",c1_syllabus_programs,informational_transactional,en,"https://humayounkobir.vercel.app/"
"polytechnic series sum download",c1_syllabus_programs,informational_transactional,en,"https://humayounkobir.vercel.app/"
"learn polytechnic series sum",c1_syllabus_programs,informational_transactional,en,"https://humayounkobir.vercel.app/"
"polytechnic series sum learn",c1_syllabus_programs,informational_transactional,en,"https://humayounkobir.vercel.app/"
"study polytechnic series sum",c1_syllabus_programs,informational_transactional,en,"https://humayounkobir.vercel.app/"
"polytechnic series sum study",c1_syllabus_programs,informational_transactional,en,"https://humayounkobir.vercel.app/"
"compare polytechnic series sum",c1_syllabus_programs,informational_transactional,en,"https://humayounkobir.vercel.app/"
"polytechnic series sum compare",c1_syllabus_programs,informational_transactional,en,"https://humayounkobir.vercel.app/"
"practice polytechnic series sum",c1_syllabus_programs,informational_transactional,en,"https://humayounkobir.vercel.app/"
"polytechnic series sum practice",c1_syllabus_programs,informational_transactional,en,"https://humayounkobir.vercel.app/"
"copy polytechnic series sum",c1_syllabus_programs,informational_transactional,en,"https://humayounkobir.vercel.app/"
"polytechnic series sum copy",c1_syllabus_programs,informational_transactional,en,"https://humayounkobir.vercel.app/"
"read polytechnic series sum",c1_syllabus_programs,informational_transactional,en,"https://humayounkobir.vercel.app/"
"polytechnic series sum read",c1_syllabus_programs,informational_transactional,en,"https://humayounkobir.vercel.app/"
"view polytechnic series sum",c1_syllabus_programs,informational_transactional,en,"https://humayounkobir.vercel.app/"
"polytechnic series sum view",c1_syllabus_programs,informational_transactional,en,"https://humayounkobir.vercel.app/"
"run polytechnic series sum",c1_syllabus_programs,informational_transactional,en,"https://humayounkobir.vercel.app/"
"polytechnic series sum run",c1_syllabus_programs,informational_transactional,en,"https://humayounkobir.vercel.app/"
"prepare polytechnic series sum",c1_syllabus_programs,informational_transactional,en,"https://humayounkobir.vercel.app/"
"polytechnic series sum prepare",c1_syllabus_programs,informational_transactional,en,"https://humayounkobir.vercel.app/"
"solve polytechnic series sum",c1_syllabus_programs,informational_transactional,en,"https://humayounkobir.vercel.app/"
"polytechnic series sum solve",c1_syllabus_programs,informational_transactional,en,"https://humayounkobir.vercel.app/"
"polytechnic loops",c1_syllabus_programs,informational_transactional,en,"https://humayounkobir.vercel.app/"
"download polytechnic loops",c1_syllabus_programs,informational_transactional,en,"https://humayounkobir.vercel.app/"
"polytechnic loops download",c1_syllabus_programs,informational_transactional,en,"https://humayounkobir.vercel.app/"
"learn polytechnic loops",c1_syllabus_programs,informational_transactional,en,"https://humayounkobir.vercel.app/"
"polytechnic loops learn",c1_syllabus_programs,informational_transactional,en,"https://humayounkobir.vercel.app/"
"study polytechnic loops",c1_syllabus_programs,informational_transactional,en,"https://humayounkobir.vercel.app/"
"polytechnic loops study",c1_syllabus_programs,informational_transactional,en,"https://humayounkobir.vercel.app/"
"compare polytechnic loops",c1_syllabus_programs,informational_transactional,en,"https://humayounkobir.vercel.app/"
"polytechnic loops compare",c1_syllabus_programs,informational_transactional,en,"https://humayounkobir.vercel.app/"
"practice polytechnic loops",c1_syllabus_programs,informational_transactional,en,"https://humayounkobir.vercel.app/"
"polytechnic loops practice",c1_syllabus_programs,informational_transactional,en,"https://humayounkobir.vercel.app/"
"copy polytechnic loops",c1_syllabus_programs,informational_transactional,en,"https://humayounkobir.vercel.app/"
"polytechnic loops copy",c1_syllabus_programs,informational_transactional,en,"https://humayounkobir.vercel.app/"
"read polytechnic loops",c1_syllabus_programs,informational_transactional,en,"https://humayounkobir.vercel.app/"
"polytechnic loops read",c1_syllabus_programs,informational_transactional,en,"https://humayounkobir.vercel.app/"
"view polytechnic loops",c1_syllabus_programs,informational_transactional,en,"https://humayounkobir.vercel.app/"
"polytechnic loops view",c1_syllabus_programs,informational_transactional,en,"https://humayounkobir.vercel.app/"
"run polytechnic loops",c1_syllabus_programs,informational_transactional,en,"https://humayounkobir.vercel.app/"
"polytechnic loops run",c1_syllabus_programs,informational_transactional,en,"https://humayounkobir.vercel.app/"
"prepare polytechnic loops",c1_syllabus_programs,informational_transactional,en,"https://humayounkobir.vercel.app/"
"polytechnic loops prepare",c1_syllabus_programs,informational_transactional,en,"https://humayounkobir.vercel.app/"
"solve polytechnic loops",c1_syllabus_programs,informational_transactional,en,"https://humayounkobir.vercel.app/"
"polytechnic loops solve",c1_syllabus_programs,informational_transactional,en,"https://humayounkobir.vercel.app/"
"polytechnic recursion",c1_syllabus_programs,informational_transactional,en,"https://humayounkobir.vercel.app/"
"download polytechnic recursion",c1_syllabus_programs,informational_transactional,en,"https://humayounkobir.vercel.app/"
"polytechnic recursion download",c1_syllabus_programs,informational_transactional,en,"https://humayounkobir.vercel.app/"
"learn polytechnic recursion",c1_syllabus_programs,informational_transactional,en,"https://humayounkobir.vercel.app/"
"polytechnic recursion learn",c1_syllabus_programs,informational_transactional,en,"https://humayounkobir.vercel.app/"
"study polytechnic recursion",c1_syllabus_programs,informational_transactional,en,"https://humayounkobir.vercel.app/"
"polytechnic recursion study",c1_syllabus_programs,informational_transactional,en,"https://humayounkobir.vercel.app/"
"compare polytechnic recursion",c1_syllabus_programs,informational_transactional,en,"https://humayounkobir.vercel.app/"
"polytechnic recursion compare",c1_syllabus_programs,informational_transactional,en,"https://humayounkobir.vercel.app/"
"practice polytechnic recursion",c1_syllabus_programs,informational_transactional,en,"https://humayounkobir.vercel.app/"
"polytechnic recursion practice",c1_syllabus_programs,informational_transactional,en,"https://humayounkobir.vercel.app/"
"copy polytechnic recursion",c1_syllabus_programs,informational_transactional,en,"https://humayounkobir.vercel.app/"
"polytechnic recursion copy",c1_syllabus_programs,informational_transactional,en,"https://humayounkobir.vercel.app/"
"read polytechnic recursion",c1_syllabus_programs,informational_transactional,en,"https://humayounkobir.vercel.app/"
"polytechnic recursion read",c1_syllabus_programs,informational_transactional,en,"https://humayounkobir.vercel.app/"
"view polytechnic recursion",c1_syllabus_programs,informational_transactional,en,"https://humayounkobir.vercel.app/"
"polytechnic recursion view",c1_syllabus_programs,informational_transactional,en,"https://humayounkobir.vercel.app/"
"run polytechnic recursion",c1_syllabus_programs,informational_transactional,en,"https://humayounkobir.vercel.app/"
"polytechnic recursion run",c1_syllabus_programs,informational_transactional,en,"https://humayounkobir.vercel.app/"
"prepare polytechnic recursion",c1_syllabus_programs,informational_transactional,en,"https://humayounkobir.vercel.app/"
"polytechnic recursion prepare",c1_syllabus_programs,informational_transactional,en,"https://humayounkobir.vercel.app/"
"solve polytechnic recursion",c1_syllabus_programs,informational_transactional,en,"https://humayounkobir.vercel.app/"
"polytechnic recursion solve",c1_syllabus_programs,informational_transactional,en,"https://humayounkobir.vercel.app/"
"polytechnic arrays",c1_syllabus_programs,informational_transactional,en,"https://humayounkobir.vercel.app/"
"download polytechnic arrays",c1_syllabus_programs,informational_transactional,en,"https://humayounkobir.vercel.app/"
"polytechnic arrays download",c1_syllabus_programs,informational_transactional,en,"https://humayounkobir.vercel.app/"
"learn polytechnic arrays",c1_syllabus_programs,informational_transactional,en,"https://humayounkobir.vercel.app/"
"polytechnic arrays learn",c1_syllabus_programs,informational_transactional,en,"https://humayounkobir.vercel.app/"
"study polytechnic arrays",c1_syllabus_programs,informational_transactional,en,"https://humayounkobir.vercel.app/"
"polytechnic arrays study",c1_syllabus_programs,informational_transactional,en,"https://humayounkobir.vercel.app/"
"compare polytechnic arrays",c1_syllabus_programs,informational_transactional,en,"https://humayounkobir.vercel.app/"
"polytechnic arrays compare",c1_syllabus_programs,informational_transactional,en,"https://humayounkobir.vercel.app/"
"practice polytechnic arrays",c1_syllabus_programs,informational_transactional,en,"https://humayounkobir.vercel.app/"
"polytechnic arrays practice",c1_syllabus_programs,informational_transactional,en,"https://humayounkobir.vercel.app/"
"copy polytechnic arrays",c1_syllabus_programs,informational_transactional,en,"https://humayounkobir.vercel.app/"
"polytechnic arrays copy",c1_syllabus_programs,informational_transactional,en,"https://humayounkobir.vercel.app/"
"read polytechnic arrays",c1_syllabus_programs,informational_transactional,en,"https://humayounkobir.vercel.app/"
"polytechnic arrays read",c1_syllabus_programs,informational_transactional,en,"https://humayounkobir.vercel.app/"
"view polytechnic arrays",c1_syllabus_programs,informational_transactional,en,"https://humayounkobir.vercel.app/"
"polytechnic arrays view",c1_syllabus_programs,informational_transactional,en,"https://humayounkobir.vercel.app/"
"run polytechnic arrays",c1_syllabus_programs,informational_transactional,en,"https://humayounkobir.vercel.app/"
"polytechnic arrays run",c1_syllabus_programs,informational_transactional,en,"https://humayounkobir.vercel.app/"
"prepare polytechnic arrays",c1_syllabus_programs,informational_transactional,en,"https://humayounkobir.vercel.app/"
"polytechnic arrays prepare",c1_syllabus_programs,informational_transactional,en,"https://humayounkobir.vercel.app/"
"solve polytechnic arrays",c1_syllabus_programs,informational_transactional,en,"https://humayounkobir.vercel.app/"
"polytechnic arrays solve",c1_syllabus_programs,informational_transactional,en,"https://humayounkobir.vercel.app/"
"polytechnic pointers",c1_syllabus_programs,informational_transactional,en,"https://humayounkobir.vercel.app/"
"download polytechnic pointers",c1_syllabus_programs,informational_transactional,en,"https://humayounkobir.vercel.app/"
"polytechnic pointers download",c1_syllabus_programs,informational_transactional,en,"https://humayounkobir.vercel.app/"
"learn polytechnic pointers",c1_syllabus_programs,informational_transactional,en,"https://humayounkobir.vercel.app/"
"polytechnic pointers learn",c1_syllabus_programs,informational_transactional,en,"https://humayounkobir.vercel.app/"
"study polytechnic pointers",c1_syllabus_programs,informational_transactional,en,"https://humayounkobir.vercel.app/"
"polytechnic pointers study",c1_syllabus_programs,informational_transactional,en,"https://humayounkobir.vercel.app/"
"compare polytechnic pointers",c1_syllabus_programs,informational_transactional,en,"https://humayounkobir.vercel.app/"
"polytechnic pointers compare",c1_syllabus_programs,informational_transactional,en,"https://humayounkobir.vercel.app/"
"practice polytechnic pointers",c1_syllabus_programs,informational_transactional,en,"https://humayounkobir.vercel.app/"
"polytechnic pointers practice",c1_syllabus_programs,informational_transactional,en,"https://humayounkobir.vercel.app/"
"copy polytechnic pointers",c1_syllabus_programs,informational_transactional,en,"https://humayounkobir.vercel.app/"
"polytechnic pointers copy",c1_syllabus_programs,informational_transactional,en,"https://humayounkobir.vercel.app/"
"read polytechnic pointers",c1_syllabus_programs,informational_transactional,en,"https://humayounkobir.vercel.app/"
"polytechnic pointers read",c1_syllabus_programs,informational_transactional,en,"https://humayounkobir.vercel.app/"
"view polytechnic pointers",c1_syllabus_programs,informational_transactional,en,"https://humayounkobir.vercel.app/"
"polytechnic pointers view",c1_syllabus_programs,informational_transactional,en,"https://humayounkobir.vercel.app/"
"run polytechnic pointers",c1_syllabus_programs,informational_transactional,en,"https://humayounkobir.vercel.app/"
"polytechnic pointers run",c1_syllabus_programs,informational_transactional,en,"https://humayounkobir.vercel.app/"
"prepare polytechnic pointers",c1_syllabus_programs,informational_transactional,en,"https://humayounkobir.vercel.app/"
"polytechnic pointers prepare",c1_syllabus_programs,informational_transactional,en,"https://humayounkobir.vercel.app/"
"solve polytechnic pointers",c1_syllabus_programs,informational_transactional,en,"https://humayounkobir.vercel.app/"
"polytechnic pointers solve",c1_syllabus_programs,informational_transactional,en,"https://humayounkobir.vercel.app/"
"polytechnic pdf",c1_syllabus_programs,informational_transactional,en,"https://humayounkobir.vercel.app/"
"download polytechnic pdf",c1_syllabus_programs,informational_transactional,en,"https://humayounkobir.vercel.app/"
"polytechnic pdf download",c1_syllabus_programs,informational_transactional,en,"https://humayounkobir.vercel.app/"
"learn polytechnic pdf",c1_syllabus_programs,informational_transactional,en,"https://humayounkobir.vercel.app/"
"polytechnic pdf learn",c1_syllabus_programs,informational_transactional,en,"https://humayounkobir.vercel.app/"
"study polytechnic pdf",c1_syllabus_programs,informational_transactional,en,"https://humayounkobir.vercel.app/"
"polytechnic pdf study",c1_syllabus_programs,informational_transactional,en,"https://humayounkobir.vercel.app/"
"compare polytechnic pdf",c1_syllabus_programs,informational_transactional,en,"https://humayounkobir.vercel.app/"
"polytechnic pdf compare",c1_syllabus_programs,informational_transactional,en,"https://humayounkobir.vercel.app/"
"practice polytechnic pdf",c1_syllabus_programs,informational_transactional,en,"https://humayounkobir.vercel.app/"
"polytechnic pdf practice",c1_syllabus_programs,informational_transactional,en,"https://humayounkobir.vercel.app/"
"copy polytechnic pdf",c1_syllabus_programs,informational_transactional,en,"https://humayounkobir.vercel.app/"
"polytechnic pdf copy",c1_syllabus_programs,informational_transactional,en,"https://humayounkobir.vercel.app/"
"read polytechnic pdf",c1_syllabus_programs,informational_transactional,en,"https://humayounkobir.vercel.app/"
"polytechnic pdf read",c1_syllabus_programs,informational_transactional,en,"https://humayounkobir.vercel.app/"
"view polytechnic pdf",c1_syllabus_programs,informational_transactional,en,"https://humayounkobir.vercel.app/"
"polytechnic pdf view",c1_syllabus_programs,informational_transactional,en,"https://humayounkobir.vercel.app/"
"run polytechnic pdf",c1_syllabus_programs,informational_transactional,en,"https://humayounkobir.vercel.app/"
"polytechnic pdf run",c1_syllabus_programs,informational_transactional,en,"https://humayounkobir.vercel.app/"
"prepare polytechnic pdf",c1_syllabus_programs,informational_transactional,en,"https://humayounkobir.vercel.app/"
"polytechnic pdf prepare",c1_syllabus_programs,informational_transactional,en,"https://humayounkobir.vercel.app/"
"solve polytechnic pdf",c1_syllabus_programs,informational_transactional,en,"https://humayounkobir.vercel.app/"
"polytechnic pdf solve",c1_syllabus_programs,informational_transactional,en,"https://humayounkobir.vercel.app/"
"polytechnic book",c1_syllabus_programs,informational_transactional,en,"https://humayounkobir.vercel.app/"
"download polytechnic book",c1_syllabus_programs,informational_transactional,en,"https://humayounkobir.vercel.app/"
"polytechnic book download",c1_syllabus_programs,informational_transactional,en,"https://humayounkobir.vercel.app/"
"learn polytechnic book",c1_syllabus_programs,informational_transactional,en,"https://humayounkobir.vercel.app/"
"polytechnic book learn",c1_syllabus_programs,informational_transactional,en,"https://humayounkobir.vercel.app/"
"study polytechnic book",c1_syllabus_programs,informational_transactional,en,"https://humayounkobir.vercel.app/"
"polytechnic book study",c1_syllabus_programs,informational_transactional,en,"https://humayounkobir.vercel.app/"
"compare polytechnic book",c1_syllabus_programs,informational_transactional,en,"https://humayounkobir.vercel.app/"
"polytechnic book compare",c1_syllabus_programs,informational_transactional,en,"https://humayounkobir.vercel.app/"
"practice polytechnic book",c1_syllabus_programs,informational_transactional,en,"https://humayounkobir.vercel.app/"
"polytechnic book practice",c1_syllabus_programs,informational_transactional,en,"https://humayounkobir.vercel.app/"
"copy polytechnic book",c1_syllabus_programs,informational_transactional,en,"https://humayounkobir.vercel.app/"
"polytechnic book copy",c1_syllabus_programs,informational_transactional,en,"https://humayounkobir.vercel.app/"
"read polytechnic book",c1_syllabus_programs,informational_transactional,en,"https://humayounkobir.vercel.app/"
"polytechnic book read",c1_syllabus_programs,informational_transactional,en,"https://humayounkobir.vercel.app/"
"view polytechnic book",c1_syllabus_programs,informational_transactional,en,"https://humayounkobir.vercel.app/"
"polytechnic book view",c1_syllabus_programs,informational_transactional,en,"https://humayounkobir.vercel.app/"
"run polytechnic book",c1_syllabus_programs,informational_transactional,en,"https://humayounkobir.vercel.app/"
"polytechnic book run",c1_syllabus_programs,informational_transactional,en,"https://humayounkobir.vercel.app/"
"prepare polytechnic book",c1_syllabus_programs,informational_transactional,en,"https://humayounkobir.vercel.app/"
"polytechnic book prepare",c1_syllabus_programs,informational_transactional,en,"https://humayounkobir.vercel.app/"
"solve polytechnic book",c1_syllabus_programs,informational_transactional,en,"https://humayounkobir.vercel.app/"
"polytechnic book solve",c1_syllabus_programs,informational_transactional,en,"https://humayounkobir.vercel.app/"
"polytechnic apk",c1_syllabus_programs,informational_transactional,en,"https://humayounkobir.vercel.app/"
"download polytechnic apk",c1_syllabus_programs,informational_transactional,en,"https://humayounkobir.vercel.app/"
"polytechnic apk download",c1_syllabus_programs,informational_transactional,en,"https://humayounkobir.vercel.app/"
"learn polytechnic apk",c1_syllabus_programs,informational_transactional,en,"https://humayounkobir.vercel.app/"
"polytechnic apk learn",c1_syllabus_programs,informational_transactional,en,"https://humayounkobir.vercel.app/"
"study polytechnic apk",c1_syllabus_programs,informational_transactional,en,"https://humayounkobir.vercel.app/"
"polytechnic apk study",c1_syllabus_programs,informational_transactional,en,"https://humayounkobir.vercel.app/"
"compare polytechnic apk",c1_syllabus_programs,informational_transactional,en,"https://humayounkobir.vercel.app/"
"polytechnic apk compare",c1_syllabus_programs,informational_transactional,en,"https://humayounkobir.vercel.app/"
"practice polytechnic apk",c1_syllabus_programs,informational_transactional,en,"https://humayounkobir.vercel.app/"
"polytechnic apk practice",c1_syllabus_programs,informational_transactional,en,"https://humayounkobir.vercel.app/"
"copy polytechnic apk",c1_syllabus_programs,informational_transactional,en,"https://humayounkobir.vercel.app/"
"polytechnic apk copy",c1_syllabus_programs,informational_transactional,en,"https://humayounkobir.vercel.app/"
"read polytechnic apk",c1_syllabus_programs,informational_transactional,en,"https://humayounkobir.vercel.app/"
"polytechnic apk read",c1_syllabus_programs,informational_transactional,en,"https://humayounkobir.vercel.app/"
"view polytechnic apk",c1_syllabus_programs,informational_transactional,en,"https://humayounkobir.vercel.app/"
"polytechnic apk view",c1_syllabus_programs,informational_transactional,en,"https://humayounkobir.vercel.app/"
"run polytechnic apk",c1_syllabus_programs,informational_transactional,en,"https://humayounkobir.vercel.app/"
"polytechnic apk run",c1_syllabus_programs,informational_transactional,en,"https://humayounkobir.vercel.app/"
"prepare polytechnic apk",c1_syllabus_programs,informational_transactional,en,"https://humayounkobir.vercel.app/"
"polytechnic apk prepare",c1_syllabus_programs,informational_transactional,en,"https://humayounkobir.vercel.app/"
"solve polytechnic apk",c1_syllabus_programs,informational_transactional,en,"https://humayounkobir.vercel.app/"
"polytechnic apk solve",c1_syllabus_programs,informational_transactional,en,"https://humayounkobir.vercel.app/"
"polytechnic app",c1_syllabus_programs,informational_transactional,en,"https://humayounkobir.vercel.app/"
"download polytechnic app",c1_syllabus_programs,informational_transactional,en,"https://humayounkobir.vercel.app/"
"polytechnic app download",c1_syllabus_programs,informational_transactional,en,"https://humayounkobir.vercel.app/"
"learn polytechnic app",c1_syllabus_programs,informational_transactional,en,"https://humayounkobir.vercel.app/"
"polytechnic app learn",c1_syllabus_programs,informational_transactional,en,"https://humayounkobir.vercel.app/"
"study polytechnic app",c1_syllabus_programs,informational_transactional,en,"https://humayounkobir.vercel.app/"
"polytechnic app study",c1_syllabus_programs,informational_transactional,en,"https://humayounkobir.vercel.app/"
"compare polytechnic app",c1_syllabus_programs,informational_transactional,en,"https://humayounkobir.vercel.app/"
"polytechnic app compare",c1_syllabus_programs,informational_transactional,en,"https://humayounkobir.vercel.app/"
"practice polytechnic app",c1_syllabus_programs,informational_transactional,en,"https://humayounkobir.vercel.app/"
"polytechnic app practice",c1_syllabus_programs,informational_transactional,en,"https://humayounkobir.vercel.app/"
"copy polytechnic app",c1_syllabus_programs,informational_transactional,en,"https://humayounkobir.vercel.app/"
"polytechnic app copy",c1_syllabus_programs,informational_transactional,en,"https://humayounkobir.vercel.app/"
"read polytechnic app",c1_syllabus_programs,informational_transactional,en,"https://humayounkobir.vercel.app/"
"polytechnic app read",c1_syllabus_programs,informational_transactional,en,"https://humayounkobir.vercel.app/"
"view polytechnic app",c1_syllabus_programs,informational_transactional,en,"https://humayounkobir.vercel.app/"
"polytechnic app view",c1_syllabus_programs,informational_transactional,en,"https://humayounkobir.vercel.app/"
"run polytechnic app",c1_syllabus_programs,informational_transactional,en,"https://humayounkobir.vercel.app/"
"polytechnic app run",c1_syllabus_programs,informational_transactional,en,"https://humayounkobir.vercel.app/"
"prepare polytechnic app",c1_syllabus_programs,informational_transactional,en,"https://humayounkobir.vercel.app/"
"polytechnic app prepare",c1_syllabus_programs,informational_transactional,en,"https://humayounkobir.vercel.app/"
"solve polytechnic app",c1_syllabus_programs,informational_transactional,en,"https://humayounkobir.vercel.app/"
"polytechnic app solve",c1_syllabus_programs,informational_transactional,en,"https://humayounkobir.vercel.app/"
"polytechnic notes",c1_syllabus_programs,informational_transactional,en,"https://humayounkobir.vercel.app/"
"download polytechnic notes",c1_syllabus_programs,informational_transactional,en,"https://humayounkobir.vercel.app/"
"polytechnic notes download",c1_syllabus_programs,informational_transactional,en,"https://humayounkobir.vercel.app/"
"learn polytechnic notes",c1_syllabus_programs,informational_transactional,en,"https://humayounkobir.vercel.app/"
"polytechnic notes learn",c1_syllabus_programs,informational_transactional,en,"https://humayounkobir.vercel.app/"
"study polytechnic notes",c1_syllabus_programs,informational_transactional,en,"https://humayounkobir.vercel.app/"
"polytechnic notes study",c1_syllabus_programs,informational_transactional,en,"https://humayounkobir.vercel.app/"
"compare polytechnic notes",c1_syllabus_programs,informational_transactional,en,"https://humayounkobir.vercel.app/"
"polytechnic notes compare",c1_syllabus_programs,informational_transactional,en,"https://humayounkobir.vercel.app/"
"practice polytechnic notes",c1_syllabus_programs,informational_transactional,en,"https://humayounkobir.vercel.app/"
"polytechnic notes practice",c1_syllabus_programs,informational_transactional,en,"https://humayounkobir.vercel.app/"
"copy polytechnic notes",c1_syllabus_programs,informational_transactional,en,"https://humayounkobir.vercel.app/"
"polytechnic notes copy",c1_syllabus_programs,informational_transactional,en,"https://humayounkobir.vercel.app/"
"read polytechnic notes",c1_syllabus_programs,informational_transactional,en,"https://humayounkobir.vercel.app/"
"polytechnic notes read",c1_syllabus_programs,informational_transactional,en,"https://humayounkobir.vercel.app/"
"view polytechnic notes",c1_syllabus_programs,informational_transactional,en,"https://humayounkobir.vercel.app/"
"polytechnic notes view",c1_syllabus_programs,informational_transactional,en,"https://humayounkobir.vercel.app/"
"run polytechnic notes",c1_syllabus_programs,informational_transactional,en,"https://humayounkobir.vercel.app/"
"polytechnic notes run",c1_syllabus_programs,informational_transactional,en,"https://humayounkobir.vercel.app/"
"prepare polytechnic notes",c1_syllabus_programs,informational_transactional,en,"https://humayounkobir.vercel.app/"
"polytechnic notes prepare",c1_syllabus_programs,informational_transactional,en,"https://humayounkobir.vercel.app/"
"solve polytechnic notes",c1_syllabus_programs,informational_transactional,en,"https://humayounkobir.vercel.app/"
"polytechnic notes solve",c1_syllabus_programs,informational_transactional,en,"https://humayounkobir.vercel.app/"
"polytechnic solutions",c1_syllabus_programs,informational_transactional,en,"https://humayounkobir.vercel.app/"
"download polytechnic solutions",c1_syllabus_programs,informational_transactional,en,"https://humayounkobir.vercel.app/"
"polytechnic solutions download",c1_syllabus_programs,informational_transactional,en,"https://humayounkobir.vercel.app/"
"learn polytechnic solutions",c1_syllabus_programs,informational_transactional,en,"https://humayounkobir.vercel.app/"
"polytechnic solutions learn",c1_syllabus_programs,informational_transactional,en,"https://humayounkobir.vercel.app/"
"study polytechnic solutions",c1_syllabus_programs,informational_transactional,en,"https://humayounkobir.vercel.app/"
"polytechnic solutions study",c1_syllabus_programs,informational_transactional,en,"https://humayounkobir.vercel.app/"
"compare polytechnic solutions",c1_syllabus_programs,informational_transactional,en,"https://humayounkobir.vercel.app/"
"polytechnic solutions compare",c1_syllabus_programs,informational_transactional,en,"https://humayounkobir.vercel.app/"
"practice polytechnic solutions",c1_syllabus_programs,informational_transactional,en,"https://humayounkobir.vercel.app/"
"polytechnic solutions practice",c1_syllabus_programs,informational_transactional,en,"https://humayounkobir.vercel.app/"
"copy polytechnic solutions",c1_syllabus_programs,informational_transactional,en,"https://humayounkobir.vercel.app/"
"polytechnic solutions copy",c1_syllabus_programs,informational_transactional,en,"https://humayounkobir.vercel.app/"
"read polytechnic solutions",c1_syllabus_programs,informational_transactional,en,"https://humayounkobir.vercel.app/"
"polytechnic solutions read",c1_syllabus_programs,informational_transactional,en,"https://humayounkobir.vercel.app/"
"view polytechnic solutions",c1_syllabus_programs,informational_transactional,en,"https://humayounkobir.vercel.app/"
"polytechnic solutions view",c1_syllabus_programs,informational_transactional,en,"https://humayounkobir.vercel.app/"
"run polytechnic solutions",c1_syllabus_programs,informational_transactional,en,"https://humayounkobir.vercel.app/"
"polytechnic solutions run",c1_syllabus_programs,informational_transactional,en,"https://humayounkobir.vercel.app/"
"prepare polytechnic solutions",c1_syllabus_programs,informational_transactional,en,"https://humayounkobir.vercel.app/"
"polytechnic solutions prepare",c1_syllabus_programs,informational_transactional,en,"https://humayounkobir.vercel.app/"
"solve polytechnic solutions",c1_syllabus_programs,informational_transactional,en,"https://humayounkobir.vercel.app/"
"polytechnic solutions solve",c1_syllabus_programs,informational_transactional,en,"https://humayounkobir.vercel.app/"
"diploma engineering programs",c1_syllabus_programs,informational_transactional,en,"https://humayounkobir.vercel.app/"
"download diploma engineering programs",c1_syllabus_programs,informational_transactional,en,"https://humayounkobir.vercel.app/"
"diploma engineering programs download",c1_syllabus_programs,informational_transactional,en,"https://humayounkobir.vercel.app/"
"learn diploma engineering programs",c1_syllabus_programs,informational_transactional,en,"https://humayounkobir.vercel.app/"
"diploma engineering programs learn",c1_syllabus_programs,informational_transactional,en,"https://humayounkobir.vercel.app/"
"study diploma engineering programs",c1_syllabus_programs,informational_transactional,en,"https://humayounkobir.vercel.app/"
"diploma engineering programs study",c1_syllabus_programs,informational_transactional,en,"https://humayounkobir.vercel.app/"
"compare diploma engineering programs",c1_syllabus_programs,informational_transactional,en,"https://humayounkobir.vercel.app/"
"diploma engineering programs compare",c1_syllabus_programs,informational_transactional,en,"https://humayounkobir.vercel.app/"
"practice diploma engineering programs",c1_syllabus_programs,informational_transactional,en,"https://humayounkobir.vercel.app/"
"diploma engineering programs practice",c1_syllabus_programs,informational_transactional,en,"https://humayounkobir.vercel.app/"
"copy diploma engineering programs",c1_syllabus_programs,informational_transactional,en,"https://humayounkobir.vercel.app/"
"diploma engineering programs copy",c1_syllabus_programs,informational_transactional,en,"https://humayounkobir.vercel.app/"
"read diploma engineering programs",c1_syllabus_programs,informational_transactional,en,"https://humayounkobir.vercel.app/"
"diploma engineering programs read",c1_syllabus_programs,informational_transactional,en,"https://humayounkobir.vercel.app/"
"view diploma engineering programs",c1_syllabus_programs,informational_transactional,en,"https://humayounkobir.vercel.app/"
"diploma engineering programs view",c1_syllabus_programs,informational_transactional,en,"https://humayounkobir.vercel.app/"
"run diploma engineering programs",c1_syllabus_programs,informational_transactional,en,"https://humayounkobir.vercel.app/"
"diploma engineering programs run",c1_syllabus_programs,informational_transactional,en,"https://humayounkobir.vercel.app/"
"prepare diploma engineering programs",c1_syllabus_programs,informational_transactional,en,"https://humayounkobir.vercel.app/"
"diploma engineering programs prepare",c1_syllabus_programs,informational_transactional,en,"https://humayounkobir.vercel.app/"
"solve diploma engineering programs",c1_syllabus_programs,informational_transactional,en,"https://humayounkobir.vercel.app/"
"diploma engineering programs solve",c1_syllabus_programs,informational_transactional,en,"https://humayounkobir.vercel.app/"
"diploma engineering code",c1_syllabus_programs,informational_transactional,en,"https://humayounkobir.vercel.app/"
"download diploma engineering code",c1_syllabus_programs,informational_transactional,en,"https://humayounkobir.vercel.app/"
"diploma engineering code download",c1_syllabus_programs,informational_transactional,en,"https://humayounkobir.vercel.app/"
"learn diploma engineering code",c1_syllabus_programs,informational_transactional,en,"https://humayounkobir.vercel.app/"
"diploma engineering code learn",c1_syllabus_programs,informational_transactional,en,"https://humayounkobir.vercel.app/"
"study diploma engineering code",c1_syllabus_programs,informational_transactional,en,"https://humayounkobir.vercel.app/"
"diploma engineering code study",c1_syllabus_programs,informational_transactional,en,"https://humayounkobir.vercel.app/"
"compare diploma engineering code",c1_syllabus_programs,informational_transactional,en,"https://humayounkobir.vercel.app/"
"diploma engineering code compare",c1_syllabus_programs,informational_transactional,en,"https://humayounkobir.vercel.app/"
"practice diploma engineering code",c1_syllabus_programs,informational_transactional,en,"https://humayounkobir.vercel.app/"
"diploma engineering code practice",c1_syllabus_programs,informational_transactional,en,"https://humayounkobir.vercel.app/"
"copy diploma engineering code",c1_syllabus_programs,informational_transactional,en,"https://humayounkobir.vercel.app/"
"diploma engineering code copy",c1_syllabus_programs,informational_transactional,en,"https://humayounkobir.vercel.app/"
"read diploma engineering code",c1_syllabus_programs,informational_transactional,en,"https://humayounkobir.vercel.app/"
"diploma engineering code read",c1_syllabus_programs,informational_transactional,en,"https://humayounkobir.vercel.app/"
"view diploma engineering code",c1_syllabus_programs,informational_transactional,en,"https://humayounkobir.vercel.app/"
"diploma engineering code view",c1_syllabus_programs,informational_transactional,en,"https://humayounkobir.vercel.app/"
"run diploma engineering code",c1_syllabus_programs,informational_transactional,en,"https://humayounkobir.vercel.app/"
"diploma engineering code run",c1_syllabus_programs,informational_transactional,en,"https://humayounkobir.vercel.app/"
"prepare diploma engineering code",c1_syllabus_programs,informational_transactional,en,"https://humayounkobir.vercel.app/"
"diploma engineering code prepare",c1_syllabus_programs,informational_transactional,en,"https://humayounkobir.vercel.app/"
"solve diploma engineering code",c1_syllabus_programs,informational_transactional,en,"https://humayounkobir.vercel.app/"
"diploma engineering code solve",c1_syllabus_programs,informational_transactional,en,"https://humayounkobir.vercel.app/"
"diploma engineering basic programs",c1_syllabus_programs,informational_transactional,en,"https://humayounkobir.vercel.app/"
"download diploma engineering basic programs",c1_syllabus_programs,informational_transactional,en,"https://humayounkobir.vercel.app/"
"diploma engineering basic programs download",c1_syllabus_programs,informational_transactional,en,"https://humayounkobir.vercel.app/"
"learn diploma engineering basic programs",c1_syllabus_programs,informational_transactional,en,"https://humayounkobir.vercel.app/"
"diploma engineering basic programs learn",c1_syllabus_programs,informational_transactional,en,"https://humayounkobir.vercel.app/"
"study diploma engineering basic programs",c1_syllabus_programs,informational_transactional,en,"https://humayounkobir.vercel.app/"
"diploma engineering basic programs study",c1_syllabus_programs,informational_transactional,en,"https://humayounkobir.vercel.app/"
"compare diploma engineering basic programs",c1_syllabus_programs,informational_transactional,en,"https://humayounkobir.vercel.app/"
"diploma engineering basic programs compare",c1_syllabus_programs,informational_transactional,en,"https://humayounkobir.vercel.app/"
"practice diploma engineering basic programs",c1_syllabus_programs,informational_transactional,en,"https://humayounkobir.vercel.app/"
"diploma engineering basic programs practice",c1_syllabus_programs,informational_transactional,en,"https://humayounkobir.vercel.app/"
"copy diploma engineering basic programs",c1_syllabus_programs,informational_transactional,en,"https://humayounkobir.vercel.app/"
"diploma engineering basic programs copy",c1_syllabus_programs,informational_transactional,en,"https://humayounkobir.vercel.app/"
"read diploma engineering basic programs",c1_syllabus_programs,informational_transactional,en,"https://humayounkobir.vercel.app/"
"diploma engineering basic programs read",c1_syllabus_programs,informational_transactional,en,"https://humayounkobir.vercel.app/"
"view diploma engineering basic programs",c1_syllabus_programs,informational_transactional,en,"https://humayounkobir.vercel.app/"
"diploma engineering basic programs view",c1_syllabus_programs,informational_transactional,en,"https://humayounkobir.vercel.app/"
"run diploma engineering basic programs",c1_syllabus_programs,informational_transactional,en,"https://humayounkobir.vercel.app/"
"diploma engineering basic programs run",c1_syllabus_programs,informational_transactional,en,"https://humayounkobir.vercel.app/"
"prepare diploma engineering basic programs",c1_syllabus_programs,informational_transactional,en,"https://humayounkobir.vercel.app/"
"diploma engineering basic programs prepare",c1_syllabus_programs,informational_transactional,en,"https://humayounkobir.vercel.app/"
"solve diploma engineering basic programs",c1_syllabus_programs,informational_transactional,en,"https://humayounkobir.vercel.app/"
"diploma engineering basic programs solve",c1_syllabus_programs,informational_transactional,en,"https://humayounkobir.vercel.app/"
"diploma engineering syllabus",c1_syllabus_programs,informational_transactional,en,"https://humayounkobir.vercel.app/"
"download diploma engineering syllabus",c1_syllabus_programs,informational_transactional,en,"https://humayounkobir.vercel.app/"
"diploma engineering syllabus download",c1_syllabus_programs,informational_transactional,en,"https://humayounkobir.vercel.app/"
"learn diploma engineering syllabus",c1_syllabus_programs,informational_transactional,en,"https://humayounkobir.vercel.app/"
"diploma engineering syllabus learn",c1_syllabus_programs,informational_transactional,en,"https://humayounkobir.vercel.app/"
"study diploma engineering syllabus",c1_syllabus_programs,informational_transactional,en,"https://humayounkobir.vercel.app/"
"diploma engineering syllabus study",c1_syllabus_programs,informational_transactional,en,"https://humayounkobir.vercel.app/"
"compare diploma engineering syllabus",c1_syllabus_programs,informational_transactional,en,"https://humayounkobir.vercel.app/"
"diploma engineering syllabus compare",c1_syllabus_programs,informational_transactional,en,"https://humayounkobir.vercel.app/"
"practice diploma engineering syllabus",c1_syllabus_programs,informational_transactional,en,"https://humayounkobir.vercel.app/"
"diploma engineering syllabus practice",c1_syllabus_programs,informational_transactional,en,"https://humayounkobir.vercel.app/"
"copy diploma engineering syllabus",c1_syllabus_programs,informational_transactional,en,"https://humayounkobir.vercel.app/"
"diploma engineering syllabus copy",c1_syllabus_programs,informational_transactional,en,"https://humayounkobir.vercel.app/"
"read diploma engineering syllabus",c1_syllabus_programs,informational_transactional,en,"https://humayounkobir.vercel.app/"
"diploma engineering syllabus read",c1_syllabus_programs,informational_transactional,en,"https://humayounkobir.vercel.app/"
"view diploma engineering syllabus",c1_syllabus_programs,informational_transactional,en,"https://humayounkobir.vercel.app/"
"diploma engineering syllabus view",c1_syllabus_programs,informational_transactional,en,"https://humayounkobir.vercel.app/"
"run diploma engineering syllabus",c1_syllabus_programs,informational_transactional,en,"https://humayounkobir.vercel.app/"
"diploma engineering syllabus run",c1_syllabus_programs,informational_transactional,en,"https://humayounkobir.vercel.app/"
"prepare diploma engineering syllabus",c1_syllabus_programs,informational_transactional,en,"https://humayounkobir.vercel.app/"
"diploma engineering syllabus prepare",c1_syllabus_programs,informational_transactional,en,"https://humayounkobir.vercel.app/"
"solve diploma engineering syllabus",c1_syllabus_programs,informational_transactional,en,"https://humayounkobir.vercel.app/"
"diploma engineering syllabus solve",c1_syllabus_programs,informational_transactional,en,"https://humayounkobir.vercel.app/"
"diploma engineering admission questions",c1_syllabus_programs,informational_transactional,en,"https://humayounkobir.vercel.app/"
"download diploma engineering admission questions",c1_syllabus_programs,informational_transactional,en,"https://humayounkobir.vercel.app/"
"diploma engineering admission questions download",c1_syllabus_programs,informational_transactional,en,"https://humayounkobir.vercel.app/"
"learn diploma engineering admission questions",c1_syllabus_programs,informational_transactional,en,"https://humayounkobir.vercel.app/"
"diploma engineering admission questions learn",c1_syllabus_programs,informational_transactional,en,"https://humayounkobir.vercel.app/"
"study diploma engineering admission questions",c1_syllabus_programs,informational_transactional,en,"https://humayounkobir.vercel.app/"
"diploma engineering admission questions study",c1_syllabus_programs,informational_transactional,en,"https://humayounkobir.vercel.app/"
"compare diploma engineering admission questions",c1_syllabus_programs,informational_transactional,en,"https://humayounkobir.vercel.app/"
"diploma engineering admission questions compare",c1_syllabus_programs,informational_transactional,en,"https://humayounkobir.vercel.app/"
"practice diploma engineering admission questions",c1_syllabus_programs,informational_transactional,en,"https://humayounkobir.vercel.app/"
"diploma engineering admission questions practice",c1_syllabus_programs,informational_transactional,en,"https://humayounkobir.vercel.app/"
"copy diploma engineering admission questions",c1_syllabus_programs,informational_transactional,en,"https://humayounkobir.vercel.app/"
"diploma engineering admission questions copy",c1_syllabus_programs,informational_transactional,en,"https://humayounkobir.vercel.app/"
"read diploma engineering admission questions",c1_syllabus_programs,informational_transactional,en,"https://humayounkobir.vercel.app/"
"diploma engineering admission questions read",c1_syllabus_programs,informational_transactional,en,"https://humayounkobir.vercel.app/"
"view diploma engineering admission questions",c1_syllabus_programs,informational_transactional,en,"https://humayounkobir.vercel.app/"
"diploma engineering admission questions view",c1_syllabus_programs,informational_transactional,en,"https://humayounkobir.vercel.app/"
"run diploma engineering admission questions",c1_syllabus_programs,informational_transactional,en,"https://humayounkobir.vercel.app/"
"diploma engineering admission questions run",c1_syllabus_programs,informational_transactional,en,"https://humayounkobir.vercel.app/"
"prepare diploma engineering admission questions",c1_syllabus_programs,informational_transactional,en,"https://humayounkobir.vercel.app/"
"diploma engineering admission questions prepare",c1_syllabus_programs,informational_transactional,en,"https://humayounkobir.vercel.app/"
"solve diploma engineering admission questions",c1_syllabus_programs,informational_transactional,en,"https://humayounkobir.vercel.app/"
"diploma engineering admission questions solve",c1_syllabus_programs,informational_transactional,en,"https://humayounkobir.vercel.app/"
"diploma engineering pattern programs",c1_syllabus_programs,informational_transactional,en,"https://humayounkobir.vercel.app/"
"download diploma engineering pattern programs",c1_syllabus_programs,informational_transactional,en,"https://humayounkobir.vercel.app/"
"diploma engineering pattern programs download",c1_syllabus_programs,informational_transactional,en,"https://humayounkobir.vercel.app/"
"learn diploma engineering pattern programs",c1_syllabus_programs,informational_transactional,en,"https://humayounkobir.vercel.app/"
"diploma engineering pattern programs learn",c1_syllabus_programs,informational_transactional,en,"https://humayounkobir.vercel.app/"
"study diploma engineering pattern programs",c1_syllabus_programs,informational_transactional,en,"https://humayounkobir.vercel.app/"
"diploma engineering pattern programs study",c1_syllabus_programs,informational_transactional,en,"https://humayounkobir.vercel.app/"
"compare diploma engineering pattern programs",c1_syllabus_programs,informational_transactional,en,"https://humayounkobir.vercel.app/"
"diploma engineering pattern programs compare",c1_syllabus_programs,informational_transactional,en,"https://humayounkobir.vercel.app/"
"practice diploma engineering pattern programs",c1_syllabus_programs,informational_transactional,en,"https://humayounkobir.vercel.app/"
"diploma engineering pattern programs practice",c1_syllabus_programs,informational_transactional,en,"https://humayounkobir.vercel.app/"
"copy diploma engineering pattern programs",c1_syllabus_programs,informational_transactional,en,"https://humayounkobir.vercel.app/"
"diploma engineering pattern programs copy",c1_syllabus_programs,informational_transactional,en,"https://humayounkobir.vercel.app/"
"read diploma engineering pattern programs",c1_syllabus_programs,informational_transactional,en,"https://humayounkobir.vercel.app/"
"diploma engineering pattern programs read",c1_syllabus_programs,informational_transactional,en,"https://humayounkobir.vercel.app/"
"view diploma engineering pattern programs",c1_syllabus_programs,informational_transactional,en,"https://humayounkobir.vercel.app/"
"diploma engineering pattern programs view",c1_syllabus_programs,informational_transactional,en,"https://humayounkobir.vercel.app/"
"run diploma engineering pattern programs",c1_syllabus_programs,informational_transactional,en,"https://humayounkobir.vercel.app/"
"diploma engineering pattern programs run",c1_syllabus_programs,informational_transactional,en,"https://humayounkobir.vercel.app/"
"prepare diploma engineering pattern programs",c1_syllabus_programs,informational_transactional,en,"https://humayounkobir.vercel.app/"
"diploma engineering pattern programs prepare",c1_syllabus_programs,informational_transactional,en,"https://humayounkobir.vercel.app/"
"solve diploma engineering pattern programs",c1_syllabus_programs,informational_transactional,en,"https://humayounkobir.vercel.app/"
"diploma engineering pattern programs solve",c1_syllabus_programs,informational_transactional,en,"https://humayounkobir.vercel.app/"
"diploma engineering series sum",c1_syllabus_programs,informational_transactional,en,"https://humayounkobir.vercel.app/"
"download diploma engineering series sum",c1_syllabus_programs,informational_transactional,en,"https://humayounkobir.vercel.app/"
"diploma engineering series sum download",c1_syllabus_programs,informational_transactional,en,"https://humayounkobir.vercel.app/"
"learn diploma engineering series sum",c1_syllabus_programs,informational_transactional,en,"https://humayounkobir.vercel.app/"
"diploma engineering series sum learn",c1_syllabus_programs,informational_transactional,en,"https://humayounkobir.vercel.app/"
"study diploma engineering series sum",c1_syllabus_programs,informational_transactional,en,"https://humayounkobir.vercel.app/"
"diploma engineering series sum study",c1_syllabus_programs,informational_transactional,en,"https://humayounkobir.vercel.app/"
"compare diploma engineering series sum",c1_syllabus_programs,informational_transactional,en,"https://humayounkobir.vercel.app/"
"diploma engineering series sum compare",c1_syllabus_programs,informational_transactional,en,"https://humayounkobir.vercel.app/"
"practice diploma engineering series sum",c1_syllabus_programs,informational_transactional,en,"https://humayounkobir.vercel.app/"
"diploma engineering series sum practice",c1_syllabus_programs,informational_transactional,en,"https://humayounkobir.vercel.app/"
"copy diploma engineering series sum",c1_syllabus_programs,informational_transactional,en,"https://humayounkobir.vercel.app/"
"diploma engineering series sum copy",c1_syllabus_programs,informational_transactional,en,"https://humayounkobir.vercel.app/"
"read diploma engineering series sum",c1_syllabus_programs,informational_transactional,en,"https://humayounkobir.vercel.app/"
"diploma engineering series sum read",c1_syllabus_programs,informational_transactional,en,"https://humayounkobir.vercel.app/"
"view diploma engineering series sum",c1_syllabus_programs,informational_transactional,en,"https://humayounkobir.vercel.app/"
"diploma engineering series sum view",c1_syllabus_programs,informational_transactional,en,"https://humayounkobir.vercel.app/"
"run diploma engineering series sum",c1_syllabus_programs,informational_transactional,en,"https://humayounkobir.vercel.app/"
"diploma engineering series sum run",c1_syllabus_programs,informational_transactional,en,"https://humayounkobir.vercel.app/"
"prepare diploma engineering series sum",c1_syllabus_programs,informational_transactional,en,"https://humayounkobir.vercel.app/"
"diploma engineering series sum prepare",c1_syllabus_programs,informational_transactional,en,"https://humayounkobir.vercel.app/"
"solve diploma engineering series sum",c1_syllabus_programs,informational_transactional,en,"https://humayounkobir.vercel.app/"
"diploma engineering series sum solve",c1_syllabus_programs,informational_transactional,en,"https://humayounkobir.vercel.app/"
"diploma engineering loops",c1_syllabus_programs,informational_transactional,en,"https://humayounkobir.vercel.app/"
"download diploma engineering loops",c1_syllabus_programs,informational_transactional,en,"https://humayounkobir.vercel.app/"
"diploma engineering loops download",c1_syllabus_programs,informational_transactional,en,"https://humayounkobir.vercel.app/"
"learn diploma engineering loops",c1_syllabus_programs,informational_transactional,en,"https://humayounkobir.vercel.app/"
"diploma engineering loops learn",c1_syllabus_programs,informational_transactional,en,"https://humayounkobir.vercel.app/"
"study diploma engineering loops",c1_syllabus_programs,informational_transactional,en,"https://humayounkobir.vercel.app/"
"diploma engineering loops study",c1_syllabus_programs,informational_transactional,en,"https://humayounkobir.vercel.app/"
"compare diploma engineering loops",c1_syllabus_programs,informational_transactional,en,"https://humayounkobir.vercel.app/"
"diploma engineering loops compare",c1_syllabus_programs,informational_transactional,en,"https://humayounkobir.vercel.app/"
"practice diploma engineering loops",c1_syllabus_programs,informational_transactional,en,"https://humayounkobir.vercel.app/"
"diploma engineering loops practice",c1_syllabus_programs,informational_transactional,en,"https://humayounkobir.vercel.app/"
"copy diploma engineering loops",c1_syllabus_programs,informational_transactional,en,"https://humayounkobir.vercel.app/"
"diploma engineering loops copy",c1_syllabus_programs,informational_transactional,en,"https://humayounkobir.vercel.app/"
"read diploma engineering loops",c1_syllabus_programs,informational_transactional,en,"https://humayounkobir.vercel.app/"
"diploma engineering loops read",c1_syllabus_programs,informational_transactional,en,"https://humayounkobir.vercel.app/"
"view diploma engineering loops",c1_syllabus_programs,informational_transactional,en,"https://humayounkobir.vercel.app/"
"diploma engineering loops view",c1_syllabus_programs,informational_transactional,en,"https://humayounkobir.vercel.app/"
"run diploma engineering loops",c1_syllabus_programs,informational_transactional,en,"https://humayounkobir.vercel.app/"
"diploma engineering loops run",c1_syllabus_programs,informational_transactional,en,"https://humayounkobir.vercel.app/"
"prepare diploma engineering loops",c1_syllabus_programs,informational_transactional,en,"https://humayounkobir.vercel.app/"
"diploma engineering loops prepare",c1_syllabus_programs,informational_transactional,en,"https://humayounkobir.vercel.app/"
"solve diploma engineering loops",c1_syllabus_programs,informational_transactional,en,"https://humayounkobir.vercel.app/"
"diploma engineering loops solve",c1_syllabus_programs,informational_transactional,en,"https://humayounkobir.vercel.app/"
"diploma engineering recursion",c1_syllabus_programs,informational_transactional,en,"https://humayounkobir.vercel.app/"
"download diploma engineering recursion",c1_syllabus_programs,informational_transactional,en,"https://humayounkobir.vercel.app/"
"diploma engineering recursion download",c1_syllabus_programs,informational_transactional,en,"https://humayounkobir.vercel.app/"
"learn diploma engineering recursion",c1_syllabus_programs,informational_transactional,en,"https://humayounkobir.vercel.app/"
"diploma engineering recursion learn",c1_syllabus_programs,informational_transactional,en,"https://humayounkobir.vercel.app/"
"study diploma engineering recursion",c1_syllabus_programs,informational_transactional,en,"https://humayounkobir.vercel.app/"
"diploma engineering recursion study",c1_syllabus_programs,informational_transactional,en,"https://humayounkobir.vercel.app/"
"compare diploma engineering recursion",c1_syllabus_programs,informational_transactional,en,"https://humayounkobir.vercel.app/"
"diploma engineering recursion compare",c1_syllabus_programs,informational_transactional,en,"https://humayounkobir.vercel.app/"
"practice diploma engineering recursion",c1_syllabus_programs,informational_transactional,en,"https://humayounkobir.vercel.app/"
"diploma engineering recursion practice",c1_syllabus_programs,informational_transactional,en,"https://humayounkobir.vercel.app/"
"copy diploma engineering recursion",c1_syllabus_programs,informational_transactional,en,"https://humayounkobir.vercel.app/"
"diploma engineering recursion copy",c1_syllabus_programs,informational_transactional,en,"https://humayounkobir.vercel.app/"
"read diploma engineering recursion",c1_syllabus_programs,informational_transactional,en,"https://humayounkobir.vercel.app/"
"diploma engineering recursion read",c1_syllabus_programs,informational_transactional,en,"https://humayounkobir.vercel.app/"
"view diploma engineering recursion",c1_syllabus_programs,informational_transactional,en,"https://humayounkobir.vercel.app/"
"diploma engineering recursion view",c1_syllabus_programs,informational_transactional,en,"https://humayounkobir.vercel.app/"
"run diploma engineering recursion",c1_syllabus_programs,informational_transactional,en,"https://humayounkobir.vercel.app/"
"diploma engineering recursion run",c1_syllabus_programs,informational_transactional,en,"https://humayounkobir.vercel.app/"
"prepare diploma engineering recursion",c1_syllabus_programs,informational_transactional,en,"https://humayounkobir.vercel.app/"
"diploma engineering recursion prepare",c1_syllabus_programs,informational_transactional,en,"https://humayounkobir.vercel.app/"
"solve diploma engineering recursion",c1_syllabus_programs,informational_transactional,en,"https://humayounkobir.vercel.app/"
"diploma engineering recursion solve",c1_syllabus_programs,informational_transactional,en,"https://humayounkobir.vercel.app/"
"diploma engineering arrays",c1_syllabus_programs,informational_transactional,en,"https://humayounkobir.vercel.app/"
"download diploma engineering arrays",c1_syllabus_programs,informational_transactional,en,"https://humayounkobir.vercel.app/"
"diploma engineering arrays download",c1_syllabus_programs,informational_transactional,en,"https://humayounkobir.vercel.app/"
"learn diploma engineering arrays",c1_syllabus_programs,informational_transactional,en,"https://humayounkobir.vercel.app/"
"diploma engineering arrays learn",c1_syllabus_programs,informational_transactional,en,"https://humayounkobir.vercel.app/"
"study diploma engineering arrays",c1_syllabus_programs,informational_transactional,en,"https://humayounkobir.vercel.app/"
"diploma engineering arrays study",c1_syllabus_programs,informational_transactional,en,"https://humayounkobir.vercel.app/"
"compare diploma engineering arrays",c1_syllabus_programs,informational_transactional,en,"https://humayounkobir.vercel.app/"
"diploma engineering arrays compare",c1_syllabus_programs,informational_transactional,en,"https://humayounkobir.vercel.app/"
"practice diploma engineering arrays",c1_syllabus_programs,informational_transactional,en,"https://humayounkobir.vercel.app/"
"diploma engineering arrays practice",c1_syllabus_programs,informational_transactional,en,"https://humayounkobir.vercel.app/"
"copy diploma engineering arrays",c1_syllabus_programs,informational_transactional,en,"https://humayounkobir.vercel.app/"
"diploma engineering arrays copy",c1_syllabus_programs,informational_transactional,en,"https://humayounkobir.vercel.app/"
"read diploma engineering arrays",c1_syllabus_programs,informational_transactional,en,"https://humayounkobir.vercel.app/"
"diploma engineering arrays read",c1_syllabus_programs,informational_transactional,en,"https://humayounkobir.vercel.app/"
"view diploma engineering arrays",c1_syllabus_programs,informational_transactional,en,"https://humayounkobir.vercel.app/"
"diploma engineering arrays view",c1_syllabus_programs,informational_transactional,en,"https://humayounkobir.vercel.app/"
"run diploma engineering arrays",c1_syllabus_programs,informational_transactional,en,"https://humayounkobir.vercel.app/"
"diploma engineering arrays run",c1_syllabus_programs,informational_transactional,en,"https://humayounkobir.vercel.app/"
"prepare diploma engineering arrays",c1_syllabus_programs,informational_transactional,en,"https://humayounkobir.vercel.app/"
"diploma engineering arrays prepare",c1_syllabus_programs,informational_transactional,en,"https://humayounkobir.vercel.app/"
"solve diploma engineering arrays",c1_syllabus_programs,informational_transactional,en,"https://humayounkobir.vercel.app/"
"diploma engineering arrays solve",c1_syllabus_programs,informational_transactional,en,"https://humayounkobir.vercel.app/"
"diploma engineering pointers",c1_syllabus_programs,informational_transactional,en,"https://humayounkobir.vercel.app/"
"download diploma engineering pointers",c1_syllabus_programs,informational_transactional,en,"https://humayounkobir.vercel.app/"
"diploma engineering pointers download",c1_syllabus_programs,informational_transactional,en,"https://humayounkobir.vercel.app/"
"learn diploma engineering pointers",c1_syllabus_programs,informational_transactional,en,"https://humayounkobir.vercel.app/"
"diploma engineering pointers learn",c1_syllabus_programs,informational_transactional,en,"https://humayounkobir.vercel.app/"
"study diploma engineering pointers",c1_syllabus_programs,informational_transactional,en,"https://humayounkobir.vercel.app/"
"diploma engineering pointers study",c1_syllabus_programs,informational_transactional,en,"https://humayounkobir.vercel.app/"
"compare diploma engineering pointers",c1_syllabus_programs,informational_transactional,en,"https://humayounkobir.vercel.app/"
"diploma engineering pointers compare",c1_syllabus_programs,informational_transactional,en,"https://humayounkobir.vercel.app/"
"practice diploma engineering pointers",c1_syllabus_programs,informational_transactional,en,"https://humayounkobir.vercel.app/"
"diploma engineering pointers practice",c1_syllabus_programs,informational_transactional,en,"https://humayounkobir.vercel.app/"
"copy diploma engineering pointers",c1_syllabus_programs,informational_transactional,en,"https://humayounkobir.vercel.app/"
"diploma engineering pointers copy",c1_syllabus_programs,informational_transactional,en,"https://humayounkobir.vercel.app/"
"read diploma engineering pointers",c1_syllabus_programs,informational_transactional,en,"https://humayounkobir.vercel.app/"
"diploma engineering pointers read",c1_syllabus_programs,informational_transactional,en,"https://humayounkobir.vercel.app/"
"view diploma engineering pointers",c1_syllabus_programs,informational_transactional,en,"https://humayounkobir.vercel.app/"
"diploma engineering pointers view",c1_syllabus_programs,informational_transactional,en,"https://humayounkobir.vercel.app/"
"run diploma engineering pointers",c1_syllabus_programs,informational_transactional,en,"https://humayounkobir.vercel.app/"
"diploma engineering pointers run",c1_syllabus_programs,informational_transactional,en,"https://humayounkobir.vercel.app/"
"prepare diploma engineering pointers",c1_syllabus_programs,informational_transactional,en,"https://humayounkobir.vercel.app/"
"diploma engineering pointers prepare",c1_syllabus_programs,informational_transactional,en,"https://humayounkobir.vercel.app/"
"solve diploma engineering pointers",c1_syllabus_programs,informational_transactional,en,"https://humayounkobir.vercel.app/"
"diploma engineering pointers solve",c1_syllabus_programs,informational_transactional,en,"https://humayounkobir.vercel.app/"
"diploma engineering pdf",c1_syllabus_programs,informational_transactional,en,"https://humayounkobir.vercel.app/"
"download diploma engineering pdf",c1_syllabus_programs,informational_transactional,en,"https://humayounkobir.vercel.app/"
"diploma engineering pdf download",c1_syllabus_programs,informational_transactional,en,"https://humayounkobir.vercel.app/"
"learn diploma engineering pdf",c1_syllabus_programs,informational_transactional,en,"https://humayounkobir.vercel.app/"
"diploma engineering pdf learn",c1_syllabus_programs,informational_transactional,en,"https://humayounkobir.vercel.app/"
"study diploma engineering pdf",c1_syllabus_programs,informational_transactional,en,"https://humayounkobir.vercel.app/"
"diploma engineering pdf study",c1_syllabus_programs,informational_transactional,en,"https://humayounkobir.vercel.app/"
"compare diploma engineering pdf",c1_syllabus_programs,informational_transactional,en,"https://humayounkobir.vercel.app/"
"diploma engineering pdf compare",c1_syllabus_programs,informational_transactional,en,"https://humayounkobir.vercel.app/"
"practice diploma engineering pdf",c1_syllabus_programs,informational_transactional,en,"https://humayounkobir.vercel.app/"
"diploma engineering pdf practice",c1_syllabus_programs,informational_transactional,en,"https://humayounkobir.vercel.app/"
"copy diploma engineering pdf",c1_syllabus_programs,informational_transactional,en,"https://humayounkobir.vercel.app/"
"diploma engineering pdf copy",c1_syllabus_programs,informational_transactional,en,"https://humayounkobir.vercel.app/"
"read diploma engineering pdf",c1_syllabus_programs,informational_transactional,en,"https://humayounkobir.vercel.app/"
"diploma engineering pdf read",c1_syllabus_programs,informational_transactional,en,"https://humayounkobir.vercel.app/"
"view diploma engineering pdf",c1_syllabus_programs,informational_transactional,en,"https://humayounkobir.vercel.app/"
"diploma engineering pdf view",c1_syllabus_programs,informational_transactional,en,"https://humayounkobir.vercel.app/"
"run diploma engineering pdf",c1_syllabus_programs,informational_transactional,en,"https://humayounkobir.vercel.app/"
"diploma engineering pdf run",c1_syllabus_programs,informational_transactional,en,"https://humayounkobir.vercel.app/"
"prepare diploma engineering pdf",c1_syllabus_programs,informational_transactional,en,"https://humayounkobir.vercel.app/"
"diploma engineering pdf prepare",c1_syllabus_programs,informational_transactional,en,"https://humayounkobir.vercel.app/"
"solve diploma engineering pdf",c1_syllabus_programs,informational_transactional,en,"https://humayounkobir.vercel.app/"
"diploma engineering pdf solve",c1_syllabus_programs,informational_transactional,en,"https://humayounkobir.vercel.app/"
"diploma engineering book",c1_syllabus_programs,informational_transactional,en,"https://humayounkobir.vercel.app/"
"download diploma engineering book",c1_syllabus_programs,informational_transactional,en,"https://humayounkobir.vercel.app/"
"diploma engineering book download",c1_syllabus_programs,informational_transactional,en,"https://humayounkobir.vercel.app/"
"learn diploma engineering book",c1_syllabus_programs,informational_transactional,en,"https://humayounkobir.vercel.app/"
"diploma engineering book learn",c1_syllabus_programs,informational_transactional,en,"https://humayounkobir.vercel.app/"
"study diploma engineering book",c1_syllabus_programs,informational_transactional,en,"https://humayounkobir.vercel.app/"
"diploma engineering book study",c1_syllabus_programs,informational_transactional,en,"https://humayounkobir.vercel.app/"
"compare diploma engineering book",c1_syllabus_programs,informational_transactional,en,"https://humayounkobir.vercel.app/"
"diploma engineering book compare",c1_syllabus_programs,informational_transactional,en,"https://humayounkobir.vercel.app/"
"practice diploma engineering book",c1_syllabus_programs,informational_transactional,en,"https://humayounkobir.vercel.app/"
"diploma engineering book practice",c1_syllabus_programs,informational_transactional,en,"https://humayounkobir.vercel.app/"
"copy diploma engineering book",c1_syllabus_programs,informational_transactional,en,"https://humayounkobir.vercel.app/"
"diploma engineering book copy",c1_syllabus_programs,informational_transactional,en,"https://humayounkobir.vercel.app/"
"read diploma engineering book",c1_syllabus_programs,informational_transactional,en,"https://humayounkobir.vercel.app/"
"diploma engineering book read",c1_syllabus_programs,informational_transactional,en,"https://humayounkobir.vercel.app/"
"view diploma engineering book",c1_syllabus_programs,informational_transactional,en,"https://humayounkobir.vercel.app/"
"diploma engineering book view",c1_syllabus_programs,informational_transactional,en,"https://humayounkobir.vercel.app/"
"run diploma engineering book",c1_syllabus_programs,informational_transactional,en,"https://humayounkobir.vercel.app/"
"diploma engineering book run",c1_syllabus_programs,informational_transactional,en,"https://humayounkobir.vercel.app/"
"prepare diploma engineering book",c1_syllabus_programs,informational_transactional,en,"https://humayounkobir.vercel.app/"
"diploma engineering book prepare",c1_syllabus_programs,informational_transactional,en,"https://humayounkobir.vercel.app/"
"solve diploma engineering book",c1_syllabus_programs,informational_transactional,en,"https://humayounkobir.vercel.app/"
"diploma engineering book solve",c1_syllabus_programs,informational_transactional,en,"https://humayounkobir.vercel.app/"
"diploma engineering apk",c1_syllabus_programs,informational_transactional,en,"https://humayounkobir.vercel.app/"
"download diploma engineering apk",c1_syllabus_programs,informational_transactional,en,"https://humayounkobir.vercel.app/"
"diploma engineering apk download",c1_syllabus_programs,informational_transactional,en,"https://humayounkobir.vercel.app/"
"learn diploma engineering apk",c1_syllabus_programs,informational_transactional,en,"https://humayounkobir.vercel.app/"
"diploma engineering apk learn",c1_syllabus_programs,informational_transactional,en,"https://humayounkobir.vercel.app/"
"study diploma engineering apk",c1_syllabus_programs,informational_transactional,en,"https://humayounkobir.vercel.app/"
"diploma engineering apk study",c1_syllabus_programs,informational_transactional,en,"https://humayounkobir.vercel.app/"
"compare diploma engineering apk",c1_syllabus_programs,informational_transactional,en,"https://humayounkobir.vercel.app/"
"diploma engineering apk compare",c1_syllabus_programs,informational_transactional,en,"https://humayounkobir.vercel.app/"
"practice diploma engineering apk",c1_syllabus_programs,informational_transactional,en,"https://humayounkobir.vercel.app/"
"diploma engineering apk practice",c1_syllabus_programs,informational_transactional,en,"https://humayounkobir.vercel.app/"
"copy diploma engineering apk",c1_syllabus_programs,informational_transactional,en,"https://humayounkobir.vercel.app/"
"diploma engineering apk copy",c1_syllabus_programs,informational_transactional,en,"https://humayounkobir.vercel.app/"
"read diploma engineering apk",c1_syllabus_programs,informational_transactional,en,"https://humayounkobir.vercel.app/"
"diploma engineering apk read",c1_syllabus_programs,informational_transactional,en,"https://humayounkobir.vercel.app/"
"view diploma engineering apk",c1_syllabus_programs,informational_transactional,en,"https://humayounkobir.vercel.app/"
"diploma engineering apk view",c1_syllabus_programs,informational_transactional,en,"https://humayounkobir.vercel.app/"
"run diploma engineering apk",c1_syllabus_programs,informational_transactional,en,"https://humayounkobir.vercel.app/"
"diploma engineering apk run",c1_syllabus_programs,informational_transactional,en,"https://humayounkobir.vercel.app/"
"prepare diploma engineering apk",c1_syllabus_programs,informational_transactional,en,"https://humayounkobir.vercel.app/"
"diploma engineering apk prepare",c1_syllabus_programs,informational_transactional,en,"https://humayounkobir.vercel.app/"
"solve diploma engineering apk",c1_syllabus_programs,informational_transactional,en,"https://humayounkobir.vercel.app/"
"diploma engineering apk solve",c1_syllabus_programs,informational_transactional,en,"https://humayounkobir.vercel.app/"
"diploma engineering app",c1_syllabus_programs,informational_transactional,en,"https://humayounkobir.vercel.app/"
"download diploma engineering app",c1_syllabus_programs,informational_transactional,en,"https://humayounkobir.vercel.app/"
"diploma engineering app download",c1_syllabus_programs,informational_transactional,en,"https://humayounkobir.vercel.app/"
"learn diploma engineering app",c1_syllabus_programs,informational_transactional,en,"https://humayounkobir.vercel.app/"
"diploma engineering app learn",c1_syllabus_programs,informational_transactional,en,"https://humayounkobir.vercel.app/"
"study diploma engineering app",c1_syllabus_programs,informational_transactional,en,"https://humayounkobir.vercel.app/"
"diploma engineering app study",c1_syllabus_programs,informational_transactional,en,"https://humayounkobir.vercel.app/"
"compare diploma engineering app",c1_syllabus_programs,informational_transactional,en,"https://humayounkobir.vercel.app/"
"diploma engineering app compare",c1_syllabus_programs,informational_transactional,en,"https://humayounkobir.vercel.app/"
"practice diploma engineering app",c1_syllabus_programs,informational_transactional,en,"https://humayounkobir.vercel.app/"
"diploma engineering app practice",c1_syllabus_programs,informational_transactional,en,"https://humayounkobir.vercel.app/"
"copy diploma engineering app",c1_syllabus_programs,informational_transactional,en,"https://humayounkobir.vercel.app/"
"diploma engineering app copy",c1_syllabus_programs,informational_transactional,en,"https://humayounkobir.vercel.app/"
"read diploma engineering app",c1_syllabus_programs,informational_transactional,en,"https://humayounkobir.vercel.app/"
"diploma engineering app read",c1_syllabus_programs,informational_transactional,en,"https://humayounkobir.vercel.app/"
"view diploma engineering app",c1_syllabus_programs,informational_transactional,en,"https://humayounkobir.vercel.app/"
"diploma engineering app view",c1_syllabus_programs,informational_transactional,en,"https://humayounkobir.vercel.app/"
"run diploma engineering app",c1_syllabus_programs,informational_transactional,en,"https://humayounkobir.vercel.app/"
"diploma engineering app run",c1_syllabus_programs,informational_transactional,en,"https://humayounkobir.vercel.app/"
"prepare diploma engineering app",c1_syllabus_programs,informational_transactional,en,"https://humayounkobir.vercel.app/"
"diploma engineering app prepare",c1_syllabus_programs,informational_transactional,en,"https://humayounkobir.vercel.app/"
"solve diploma engineering app",c1_syllabus_programs,informational_transactional,en,"https://humayounkobir.vercel.app/"
"diploma engineering app solve",c1_syllabus_programs,informational_transactional,en,"https://humayounkobir.vercel.app/"
"diploma engineering notes",c1_syllabus_programs,informational_transactional,en,"https://humayounkobir.vercel.app/"
"download diploma engineering notes",c1_syllabus_programs,informational_transactional,en,"https://humayounkobir.vercel.app/"
"diploma engineering notes download",c1_syllabus_programs,informational_transactional,en,"https://humayounkobir.vercel.app/"
"learn diploma engineering notes",c1_syllabus_programs,informational_transactional,en,"https://humayounkobir.vercel.app/"
"diploma engineering notes learn",c1_syllabus_programs,informational_transactional,en,"https://humayounkobir.vercel.app/"
"study diploma engineering notes",c1_syllabus_programs,informational_transactional,en,"https://humayounkobir.vercel.app/"
"diploma engineering notes study",c1_syllabus_programs,informational_transactional,en,"https://humayounkobir.vercel.app/"
"compare diploma engineering notes",c1_syllabus_programs,informational_transactional,en,"https://humayounkobir.vercel.app/"
"diploma engineering notes compare",c1_syllabus_programs,informational_transactional,en,"https://humayounkobir.vercel.app/"
"practice diploma engineering notes",c1_syllabus_programs,informational_transactional,en,"https://humayounkobir.vercel.app/"
"diploma engineering notes practice",c1_syllabus_programs,informational_transactional,en,"https://humayounkobir.vercel.app/"
"copy diploma engineering notes",c1_syllabus_programs,informational_transactional,en,"https://humayounkobir.vercel.app/"
"diploma engineering notes copy",c1_syllabus_programs,informational_transactional,en,"https://humayounkobir.vercel.app/"
"read diploma engineering notes",c1_syllabus_programs,informational_transactional,en,"https://humayounkobir.vercel.app/"
"diploma engineering notes read",c1_syllabus_programs,informational_transactional,en,"https://humayounkobir.vercel.app/"
"view diploma engineering notes",c1_syllabus_programs,informational_transactional,en,"https://humayounkobir.vercel.app/"
"diploma engineering notes view",c1_syllabus_programs,informational_transactional,en,"https://humayounkobir.vercel.app/"
"run diploma engineering notes",c1_syllabus_programs,informational_transactional,en,"https://humayounkobir.vercel.app/"
"diploma engineering notes run",c1_syllabus_programs,informational_transactional,en,"https://humayounkobir.vercel.app/"
"prepare diploma engineering notes",c1_syllabus_programs,informational_transactional,en,"https://humayounkobir.vercel.app/"
"diploma engineering notes prepare",c1_syllabus_programs,informational_transactional,en,"https://humayounkobir.vercel.app/"
"solve diploma engineering notes",c1_syllabus_programs,informational_transactional,en,"https://humayounkobir.vercel.app/"
"diploma engineering notes solve",c1_syllabus_programs,informational_transactional,en,"https://humayounkobir.vercel.app/"
"diploma engineering solutions",c1_syllabus_programs,informational_transactional,en,"https://humayounkobir.vercel.app/"
"download diploma engineering solutions",c1_syllabus_programs,informational_transactional,en,"https://humayounkobir.vercel.app/"
"diploma engineering solutions download",c1_syllabus_programs,informational_transactional,en,"https://humayounkobir.vercel.app/"
"learn diploma engineering solutions",c1_syllabus_programs,informational_transactional,en,"https://humayounkobir.vercel.app/"
"diploma engineering solutions learn",c1_syllabus_programs,informational_transactional,en,"https://humayounkobir.vercel.app/"
"study diploma engineering solutions",c1_syllabus_programs,informational_transactional,en,"https://humayounkobir.vercel.app/"
"diploma engineering solutions study",c1_syllabus_programs,informational_transactional,en,"https://humayounkobir.vercel.app/"
"compare diploma engineering solutions",c1_syllabus_programs,informational_transactional,en,"https://humayounkobir.vercel.app/"
"diploma engineering solutions compare",c1_syllabus_programs,informational_transactional,en,"https://humayounkobir.vercel.app/"
"practice diploma engineering solutions",c1_syllabus_programs,informational_transactional,en,"https://humayounkobir.vercel.app/"
"diploma engineering solutions practice",c1_syllabus_programs,informational_transactional,en,"https://humayounkobir.vercel.app/"
"copy diploma engineering solutions",c1_syllabus_programs,informational_transactional,en,"https://humayounkobir.vercel.app/"
"diploma engineering solutions copy",c1_syllabus_programs,informational_transactional,en,"https://humayounkobir.vercel.app/"
"read diploma engineering solutions",c1_syllabus_programs,informational_transactional,en,"https://humayounkobir.vercel.app/"
"diploma engineering solutions read",c1_syllabus_programs,informational_transactional,en,"https://humayounkobir.vercel.app/"
"view diploma engineering solutions",c1_syllabus_programs,informational_transactional,en,"https://humayounkobir.vercel.app/"
"diploma engineering solutions view",c1_syllabus_programs,informational_transactional,en,"https://humayounkobir.vercel.app/"
"run diploma engineering solutions",c1_syllabus_programs,informational_transactional,en,"https://humayounkobir.vercel.app/"
"diploma engineering solutions run",c1_syllabus_programs,informational_transactional,en,"https://humayounkobir.vercel.app/"
"prepare diploma engineering solutions",c1_syllabus_programs,informational_transactional,en,"https://humayounkobir.vercel.app/"
"diploma engineering solutions prepare",c1_syllabus_programs,informational_transactional,en,"https://humayounkobir.vercel.app/"
"solve diploma engineering solutions",c1_syllabus_programs,informational_transactional,en,"https://humayounkobir.vercel.app/"
"diploma engineering solutions solve",c1_syllabus_programs,informational_transactional,en,"https://humayounkobir.vercel.app/"
"bteb programs",c1_syllabus_programs,informational_transactional,en,"https://humayounkobir.vercel.app/"
"download bteb programs",c1_syllabus_programs,informational_transactional,en,"https://humayounkobir.vercel.app/"
"bteb programs download",c1_syllabus_programs,informational_transactional,en,"https://humayounkobir.vercel.app/"
"learn bteb programs",c1_syllabus_programs,informational_transactional,en,"https://humayounkobir.vercel.app/"
"bteb programs learn",c1_syllabus_programs,informational_transactional,en,"https://humayounkobir.vercel.app/"
"study bteb programs",c1_syllabus_programs,informational_transactional,en,"https://humayounkobir.vercel.app/"
"bteb programs study",c1_syllabus_programs,informational_transactional,en,"https://humayounkobir.vercel.app/"
"compare bteb programs",c1_syllabus_programs,informational_transactional,en,"https://humayounkobir.vercel.app/"
"bteb programs compare",c1_syllabus_programs,informational_transactional,en,"https://humayounkobir.vercel.app/"
"practice bteb programs",c1_syllabus_programs,informational_transactional,en,"https://humayounkobir.vercel.app/"
"bteb programs practice",c1_syllabus_programs,informational_transactional,en,"https://humayounkobir.vercel.app/"
"copy bteb programs",c1_syllabus_programs,informational_transactional,en,"https://humayounkobir.vercel.app/"
"bteb programs copy",c1_syllabus_programs,informational_transactional,en,"https://humayounkobir.vercel.app/"
"read bteb programs",c1_syllabus_programs,informational_transactional,en,"https://humayounkobir.vercel.app/"
"bteb programs read",c1_syllabus_programs,informational_transactional,en,"https://humayounkobir.vercel.app/"
"view bteb programs",c1_syllabus_programs,informational_transactional,en,"https://humayounkobir.vercel.app/"
"bteb programs view",c1_syllabus_programs,informational_transactional,en,"https://humayounkobir.vercel.app/"
"run bteb programs",c1_syllabus_programs,informational_transactional,en,"https://humayounkobir.vercel.app/"
"bteb programs run",c1_syllabus_programs,informational_transactional,en,"https://humayounkobir.vercel.app/"
"prepare bteb programs",c1_syllabus_programs,informational_transactional,en,"https://humayounkobir.vercel.app/"
"bteb programs prepare",c1_syllabus_programs,informational_transactional,en,"https://humayounkobir.vercel.app/"
"solve bteb programs",c1_syllabus_programs,informational_transactional,en,"https://humayounkobir.vercel.app/"
"bteb programs solve",c1_syllabus_programs,informational_transactional,en,"https://humayounkobir.vercel.app/"
"bteb code",c1_syllabus_programs,informational_transactional,en,"https://humayounkobir.vercel.app/"
"download bteb code",c1_syllabus_programs,informational_transactional,en,"https://humayounkobir.vercel.app/"
"bteb code download",c1_syllabus_programs,informational_transactional,en,"https://humayounkobir.vercel.app/"
"learn bteb code",c1_syllabus_programs,informational_transactional,en,"https://humayounkobir.vercel.app/"
"bteb code learn",c1_syllabus_programs,informational_transactional,en,"https://humayounkobir.vercel.app/"
"study bteb code",c1_syllabus_programs,informational_transactional,en,"https://humayounkobir.vercel.app/"
"bteb code study",c1_syllabus_programs,informational_transactional,en,"https://humayounkobir.vercel.app/"
"compare bteb code",c1_syllabus_programs,informational_transactional,en,"https://humayounkobir.vercel.app/"
"bteb code compare",c1_syllabus_programs,informational_transactional,en,"https://humayounkobir.vercel.app/"
"practice bteb code",c1_syllabus_programs,informational_transactional,en,"https://humayounkobir.vercel.app/"
"bteb code practice",c1_syllabus_programs,informational_transactional,en,"https://humayounkobir.vercel.app/"
"copy bteb code",c1_syllabus_programs,informational_transactional,en,"https://humayounkobir.vercel.app/"
"bteb code copy",c1_syllabus_programs,informational_transactional,en,"https://humayounkobir.vercel.app/"
"read bteb code",c1_syllabus_programs,informational_transactional,en,"https://humayounkobir.vercel.app/"
"bteb code read",c1_syllabus_programs,informational_transactional,en,"https://humayounkobir.vercel.app/"
"view bteb code",c1_syllabus_programs,informational_transactional,en,"https://humayounkobir.vercel.app/"
"bteb code view",c1_syllabus_programs,informational_transactional,en,"https://humayounkobir.vercel.app/"
"run bteb code",c1_syllabus_programs,informational_transactional,en,"https://humayounkobir.vercel.app/"
"bteb code run",c1_syllabus_programs,informational_transactional,en,"https://humayounkobir.vercel.app/"
"prepare bteb code",c1_syllabus_programs,informational_transactional,en,"https://humayounkobir.vercel.app/"
"bteb code prepare",c1_syllabus_programs,informational_transactional,en,"https://humayounkobir.vercel.app/"
"solve bteb code",c1_syllabus_programs,informational_transactional,en,"https://humayounkobir.vercel.app/"
"bteb code solve",c1_syllabus_programs,informational_transactional,en,"https://humayounkobir.vercel.app/"
"bteb basic programs",c1_syllabus_programs,informational_transactional,en,"https://humayounkobir.vercel.app/"
"download bteb basic programs",c1_syllabus_programs,informational_transactional,en,"https://humayounkobir.vercel.app/"
"bteb basic programs download",c1_syllabus_programs,informational_transactional,en,"https://humayounkobir.vercel.app/"
"learn bteb basic programs",c1_syllabus_programs,informational_transactional,en,"https://humayounkobir.vercel.app/"
"bteb basic programs learn",c1_syllabus_programs,informational_transactional,en,"https://humayounkobir.vercel.app/"
"study bteb basic programs",c1_syllabus_programs,informational_transactional,en,"https://humayounkobir.vercel.app/"
"bteb basic programs study",c1_syllabus_programs,informational_transactional,en,"https://humayounkobir.vercel.app/"
"compare bteb basic programs",c1_syllabus_programs,informational_transactional,en,"https://humayounkobir.vercel.app/"
"bteb basic programs compare",c1_syllabus_programs,informational_transactional,en,"https://humayounkobir.vercel.app/"
"practice bteb basic programs",c1_syllabus_programs,informational_transactional,en,"https://humayounkobir.vercel.app/"
"bteb basic programs practice",c1_syllabus_programs,informational_transactional,en,"https://humayounkobir.vercel.app/"
"copy bteb basic programs",c1_syllabus_programs,informational_transactional,en,"https://humayounkobir.vercel.app/"
"bteb basic programs copy",c1_syllabus_programs,informational_transactional,en,"https://humayounkobir.vercel.app/"
"read bteb basic programs",c1_syllabus_programs,informational_transactional,en,"https://humayounkobir.vercel.app/"
"bteb basic programs read",c1_syllabus_programs,informational_transactional,en,"https://humayounkobir.vercel.app/"
"view bteb basic programs",c1_syllabus_programs,informational_transactional,en,"https://humayounkobir.vercel.app/"
"bteb basic programs view",c1_syllabus_programs,informational_transactional,en,"https://humayounkobir.vercel.app/"
"run bteb basic programs",c1_syllabus_programs,informational_transactional,en,"https://humayounkobir.vercel.app/"
"bteb basic programs run",c1_syllabus_programs,informational_transactional,en,"https://humayounkobir.vercel.app/"
"prepare bteb basic programs",c1_syllabus_programs,informational_transactional,en,"https://humayounkobir.vercel.app/"
"bteb basic programs prepare",c1_syllabus_programs,informational_transactional,en,"https://humayounkobir.vercel.app/"
"solve bteb basic programs",c1_syllabus_programs,informational_transactional,en,"https://humayounkobir.vercel.app/"
"bteb basic programs solve",c1_syllabus_programs,informational_transactional,en,"https://humayounkobir.vercel.app/"
"bteb syllabus",c1_syllabus_programs,informational_transactional,en,"https://humayounkobir.vercel.app/"
"download bteb syllabus",c1_syllabus_programs,informational_transactional,en,"https://humayounkobir.vercel.app/"
"bteb syllabus download",c1_syllabus_programs,informational_transactional,en,"https://humayounkobir.vercel.app/"
"learn bteb syllabus",c1_syllabus_programs,informational_transactional,en,"https://humayounkobir.vercel.app/"
"bteb syllabus learn",c1_syllabus_programs,informational_transactional,en,"https://humayounkobir.vercel.app/"
"study bteb syllabus",c1_syllabus_programs,informational_transactional,en,"https://humayounkobir.vercel.app/"
"bteb syllabus study",c1_syllabus_programs,informational_transactional,en,"https://humayounkobir.vercel.app/"
"compare bteb syllabus",c1_syllabus_programs,informational_transactional,en,"https://humayounkobir.vercel.app/"
"bteb syllabus compare",c1_syllabus_programs,informational_transactional,en,"https://humayounkobir.vercel.app/"
"practice bteb syllabus",c1_syllabus_programs,informational_transactional,en,"https://humayounkobir.vercel.app/"
"bteb syllabus practice",c1_syllabus_programs,informational_transactional,en,"https://humayounkobir.vercel.app/"
"copy bteb syllabus",c1_syllabus_programs,informational_transactional,en,"https://humayounkobir.vercel.app/"
"bteb syllabus copy",c1_syllabus_programs,informational_transactional,en,"https://humayounkobir.vercel.app/"
"read bteb syllabus",c1_syllabus_programs,informational_transactional,en,"https://humayounkobir.vercel.app/"
"bteb syllabus read",c1_syllabus_programs,informational_transactional,en,"https://humayounkobir.vercel.app/"
"view bteb syllabus",c1_syllabus_programs,informational_transactional,en,"https://humayounkobir.vercel.app/"
"bteb syllabus view",c1_syllabus_programs,informational_transactional,en,"https://humayounkobir.vercel.app/"
"run bteb syllabus",c1_syllabus_programs,informational_transactional,en,"https://humayounkobir.vercel.app/"
"bteb syllabus run",c1_syllabus_programs,informational_transactional,en,"https://humayounkobir.vercel.app/"
"prepare bteb syllabus",c1_syllabus_programs,informational_transactional,en,"https://humayounkobir.vercel.app/"
"bteb syllabus prepare",c1_syllabus_programs,informational_transactional,en,"https://humayounkobir.vercel.app/"
"solve bteb syllabus",c1_syllabus_programs,informational_transactional,en,"https://humayounkobir.vercel.app/"
"bteb syllabus solve",c1_syllabus_programs,informational_transactional,en,"https://humayounkobir.vercel.app/"
"bteb admission questions",c1_syllabus_programs,informational_transactional,en,"https://humayounkobir.vercel.app/"
"download bteb admission questions",c1_syllabus_programs,informational_transactional,en,"https://humayounkobir.vercel.app/"
"bteb admission questions download",c1_syllabus_programs,informational_transactional,en,"https://humayounkobir.vercel.app/"
"learn bteb admission questions",c1_syllabus_programs,informational_transactional,en,"https://humayounkobir.vercel.app/"
"bteb admission questions learn",c1_syllabus_programs,informational_transactional,en,"https://humayounkobir.vercel.app/"
"study bteb admission questions",c1_syllabus_programs,informational_transactional,en,"https://humayounkobir.vercel.app/"
"bteb admission questions study",c1_syllabus_programs,informational_transactional,en,"https://humayounkobir.vercel.app/"
"compare bteb admission questions",c1_syllabus_programs,informational_transactional,en,"https://humayounkobir.vercel.app/"
"bteb admission questions compare",c1_syllabus_programs,informational_transactional,en,"https://humayounkobir.vercel.app/"
"practice bteb admission questions",c1_syllabus_programs,informational_transactional,en,"https://humayounkobir.vercel.app/"
"bteb admission questions practice",c1_syllabus_programs,informational_transactional,en,"https://humayounkobir.vercel.app/"
"copy bteb admission questions",c1_syllabus_programs,informational_transactional,en,"https://humayounkobir.vercel.app/"
"bteb admission questions copy",c1_syllabus_programs,informational_transactional,en,"https://humayounkobir.vercel.app/"
"read bteb admission questions",c1_syllabus_programs,informational_transactional,en,"https://humayounkobir.vercel.app/"
"bteb admission questions read",c1_syllabus_programs,informational_transactional,en,"https://humayounkobir.vercel.app/"
"view bteb admission questions",c1_syllabus_programs,informational_transactional,en,"https://humayounkobir.vercel.app/"
"bteb admission questions view",c1_syllabus_programs,informational_transactional,en,"https://humayounkobir.vercel.app/"
"run bteb admission questions",c1_syllabus_programs,informational_transactional,en,"https://humayounkobir.vercel.app/"
"bteb admission questions run",c1_syllabus_programs,informational_transactional,en,"https://humayounkobir.vercel.app/"
"prepare bteb admission questions",c1_syllabus_programs,informational_transactional,en,"https://humayounkobir.vercel.app/"
"bteb admission questions prepare",c1_syllabus_programs,informational_transactional,en,"https://humayounkobir.vercel.app/"
"solve bteb admission questions",c1_syllabus_programs,informational_transactional,en,"https://humayounkobir.vercel.app/"
"bteb admission questions solve",c1_syllabus_programs,informational_transactional,en,"https://humayounkobir.vercel.app/"
"bteb pattern programs",c1_syllabus_programs,informational_transactional,en,"https://humayounkobir.vercel.app/"
"download bteb pattern programs",c1_syllabus_programs,informational_transactional,en,"https://humayounkobir.vercel.app/"
"bteb pattern programs download",c1_syllabus_programs,informational_transactional,en,"https://humayounkobir.vercel.app/"
"learn bteb pattern programs",c1_syllabus_programs,informational_transactional,en,"https://humayounkobir.vercel.app/"
"bteb pattern programs learn",c1_syllabus_programs,informational_transactional,en,"https://humayounkobir.vercel.app/"
"study bteb pattern programs",c1_syllabus_programs,informational_transactional,en,"https://humayounkobir.vercel.app/"
"bteb pattern programs study",c1_syllabus_programs,informational_transactional,en,"https://humayounkobir.vercel.app/"
"compare bteb pattern programs",c1_syllabus_programs,informational_transactional,en,"https://humayounkobir.vercel.app/"
"bteb pattern programs compare",c1_syllabus_programs,informational_transactional,en,"https://humayounkobir.vercel.app/"
"practice bteb pattern programs",c1_syllabus_programs,informational_transactional,en,"https://humayounkobir.vercel.app/"
"bteb pattern programs practice",c1_syllabus_programs,informational_transactional,en,"https://humayounkobir.vercel.app/"
"copy bteb pattern programs",c1_syllabus_programs,informational_transactional,en,"https://humayounkobir.vercel.app/"
"bteb pattern programs copy",c1_syllabus_programs,informational_transactional,en,"https://humayounkobir.vercel.app/"
"read bteb pattern programs",c1_syllabus_programs,informational_transactional,en,"https://humayounkobir.vercel.app/"
"bteb pattern programs read",c1_syllabus_programs,informational_transactional,en,"https://humayounkobir.vercel.app/"
"view bteb pattern programs",c1_syllabus_programs,informational_transactional,en,"https://humayounkobir.vercel.app/"
"bteb pattern programs view",c1_syllabus_programs,informational_transactional,en,"https://humayounkobir.vercel.app/"
"run bteb pattern programs",c1_syllabus_programs,informational_transactional,en,"https://humayounkobir.vercel.app/"
"bteb pattern programs run",c1_syllabus_programs,informational_transactional,en,"https://humayounkobir.vercel.app/"
"prepare bteb pattern programs",c1_syllabus_programs,informational_transactional,en,"https://humayounkobir.vercel.app/"
"bteb pattern programs prepare",c1_syllabus_programs,informational_transactional,en,"https://humayounkobir.vercel.app/"
"solve bteb pattern programs",c1_syllabus_programs,informational_transactional,en,"https://humayounkobir.vercel.app/"
"bteb pattern programs solve",c1_syllabus_programs,informational_transactional,en,"https://humayounkobir.vercel.app/"
"bteb series sum",c1_syllabus_programs,informational_transactional,en,"https://humayounkobir.vercel.app/"
"download bteb series sum",c1_syllabus_programs,informational_transactional,en,"https://humayounkobir.vercel.app/"
"bteb series sum download",c1_syllabus_programs,informational_transactional,en,"https://humayounkobir.vercel.app/"
"learn bteb series sum",c1_syllabus_programs,informational_transactional,en,"https://humayounkobir.vercel.app/"
"bteb series sum learn",c1_syllabus_programs,informational_transactional,en,"https://humayounkobir.vercel.app/"
"study bteb series sum",c1_syllabus_programs,informational_transactional,en,"https://humayounkobir.vercel.app/"
"bteb series sum study",c1_syllabus_programs,informational_transactional,en,"https://humayounkobir.vercel.app/"
"compare bteb series sum",c1_syllabus_programs,informational_transactional,en,"https://humayounkobir.vercel.app/"
"bteb series sum compare",c1_syllabus_programs,informational_transactional,en,"https://humayounkobir.vercel.app/"
"practice bteb series sum",c1_syllabus_programs,informational_transactional,en,"https://humayounkobir.vercel.app/"
"bteb series sum practice",c1_syllabus_programs,informational_transactional,en,"https://humayounkobir.vercel.app/"
"copy bteb series sum",c1_syllabus_programs,informational_transactional,en,"https://humayounkobir.vercel.app/"
"bteb series sum copy",c1_syllabus_programs,informational_transactional,en,"https://humayounkobir.vercel.app/"
"read bteb series sum",c1_syllabus_programs,informational_transactional,en,"https://humayounkobir.vercel.app/"
"bteb series sum read",c1_syllabus_programs,informational_transactional,en,"https://humayounkobir.vercel.app/"
"view bteb series sum",c1_syllabus_programs,informational_transactional,en,"https://humayounkobir.vercel.app/"
"bteb series sum view",c1_syllabus_programs,informational_transactional,en,"https://humayounkobir.vercel.app/"
"run bteb series sum",c1_syllabus_programs,informational_transactional,en,"https://humayounkobir.vercel.app/"
"bteb series sum run",c1_syllabus_programs,informational_transactional,en,"https://humayounkobir.vercel.app/"
"prepare bteb series sum",c1_syllabus_programs,informational_transactional,en,"https://humayounkobir.vercel.app/"
"bteb series sum prepare",c1_syllabus_programs,informational_transactional,en,"https://humayounkobir.vercel.app/"
"solve bteb series sum",c1_syllabus_programs,informational_transactional,en,"https://humayounkobir.vercel.app/"
"bteb series sum solve",c1_syllabus_programs,informational_transactional,en,"https://humayounkobir.vercel.app/"
"bteb loops",c1_syllabus_programs,informational_transactional,en,"https://humayounkobir.vercel.app/"
"download bteb loops",c1_syllabus_programs,informational_transactional,en,"https://humayounkobir.vercel.app/"
"bteb loops download",c1_syllabus_programs,informational_transactional,en,"https://humayounkobir.vercel.app/"
"learn bteb loops",c1_syllabus_programs,informational_transactional,en,"https://humayounkobir.vercel.app/"
"bteb loops learn",c1_syllabus_programs,informational_transactional,en,"https://humayounkobir.vercel.app/"
"study bteb loops",c1_syllabus_programs,informational_transactional,en,"https://humayounkobir.vercel.app/"
"bteb loops study",c1_syllabus_programs,informational_transactional,en,"https://humayounkobir.vercel.app/"
"compare bteb loops",c1_syllabus_programs,informational_transactional,en,"https://humayounkobir.vercel.app/"
"bteb loops compare",c1_syllabus_programs,informational_transactional,en,"https://humayounkobir.vercel.app/"
"practice bteb loops",c1_syllabus_programs,informational_transactional,en,"https://humayounkobir.vercel.app/"
"bteb loops practice",c1_syllabus_programs,informational_transactional,en,"https://humayounkobir.vercel.app/"
"copy bteb loops",c1_syllabus_programs,informational_transactional,en,"https://humayounkobir.vercel.app/"
"bteb loops copy",c1_syllabus_programs,informational_transactional,en,"https://humayounkobir.vercel.app/"
"read bteb loops",c1_syllabus_programs,informational_transactional,en,"https://humayounkobir.vercel.app/"
"bteb loops read",c1_syllabus_programs,informational_transactional,en,"https://humayounkobir.vercel.app/"
"view bteb loops",c1_syllabus_programs,informational_transactional,en,"https://humayounkobir.vercel.app/"
"bteb loops view",c1_syllabus_programs,informational_transactional,en,"https://humayounkobir.vercel.app/"
"run bteb loops",c1_syllabus_programs,informational_transactional,en,"https://humayounkobir.vercel.app/"
"bteb loops run",c1_syllabus_programs,informational_transactional,en,"https://humayounkobir.vercel.app/"
"prepare bteb loops",c1_syllabus_programs,informational_transactional,en,"https://humayounkobir.vercel.app/"
"bteb loops prepare",c1_syllabus_programs,informational_transactional,en,"https://humayounkobir.vercel.app/"
"solve bteb loops",c1_syllabus_programs,informational_transactional,en,"https://humayounkobir.vercel.app/"
"bteb loops solve",c1_syllabus_programs,informational_transactional,en,"https://humayounkobir.vercel.app/"
"bteb recursion",c1_syllabus_programs,informational_transactional,en,"https://humayounkobir.vercel.app/"
"download bteb recursion",c1_syllabus_programs,informational_transactional,en,"https://humayounkobir.vercel.app/"
"bteb recursion download",c1_syllabus_programs,informational_transactional,en,"https://humayounkobir.vercel.app/"
"learn bteb recursion",c1_syllabus_programs,informational_transactional,en,"https://humayounkobir.vercel.app/"
"bteb recursion learn",c1_syllabus_programs,informational_transactional,en,"https://humayounkobir.vercel.app/"
"study bteb recursion",c1_syllabus_programs,informational_transactional,en,"https://humayounkobir.vercel.app/"
"bteb recursion study",c1_syllabus_programs,informational_transactional,en,"https://humayounkobir.vercel.app/"
"compare bteb recursion",c1_syllabus_programs,informational_transactional,en,"https://humayounkobir.vercel.app/"
"bteb recursion compare",c1_syllabus_programs,informational_transactional,en,"https://humayounkobir.vercel.app/"
"practice bteb recursion",c1_syllabus_programs,informational_transactional,en,"https://humayounkobir.vercel.app/"
"bteb recursion practice",c1_syllabus_programs,informational_transactional,en,"https://humayounkobir.vercel.app/"
"copy bteb recursion",c1_syllabus_programs,informational_transactional,en,"https://humayounkobir.vercel.app/"
"bteb recursion copy",c1_syllabus_programs,informational_transactional,en,"https://humayounkobir.vercel.app/"
"read bteb recursion",c1_syllabus_programs,informational_transactional,en,"https://humayounkobir.vercel.app/"
"bteb recursion read",c1_syllabus_programs,informational_transactional,en,"https://humayounkobir.vercel.app/"
"view bteb recursion",c1_syllabus_programs,informational_transactional,en,"https://humayounkobir.vercel.app/"
"bteb recursion view",c1_syllabus_programs,informational_transactional,en,"https://humayounkobir.vercel.app/"
"run bteb recursion",c1_syllabus_programs,informational_transactional,en,"https://humayounkobir.vercel.app/"
"bteb recursion run",c1_syllabus_programs,informational_transactional,en,"https://humayounkobir.vercel.app/"
"prepare bteb recursion",c1_syllabus_programs,informational_transactional,en,"https://humayounkobir.vercel.app/"
"bteb recursion prepare",c1_syllabus_programs,informational_transactional,en,"https://humayounkobir.vercel.app/"
"solve bteb recursion",c1_syllabus_programs,informational_transactional,en,"https://humayounkobir.vercel.app/"
"bteb recursion solve",c1_syllabus_programs,informational_transactional,en,"https://humayounkobir.vercel.app/"
"bteb arrays",c1_syllabus_programs,informational_transactional,en,"https://humayounkobir.vercel.app/"
"download bteb arrays",c1_syllabus_programs,informational_transactional,en,"https://humayounkobir.vercel.app/"
"bteb arrays download",c1_syllabus_programs,informational_transactional,en,"https://humayounkobir.vercel.app/"
"learn bteb arrays",c1_syllabus_programs,informational_transactional,en,"https://humayounkobir.vercel.app/"
"bteb arrays learn",c1_syllabus_programs,informational_transactional,en,"https://humayounkobir.vercel.app/"
"study bteb arrays",c1_syllabus_programs,informational_transactional,en,"https://humayounkobir.vercel.app/"
"bteb arrays study",c1_syllabus_programs,informational_transactional,en,"https://humayounkobir.vercel.app/"
"compare bteb arrays",c1_syllabus_programs,informational_transactional,en,"https://humayounkobir.vercel.app/"
"bteb arrays compare",c1_syllabus_programs,informational_transactional,en,"https://humayounkobir.vercel.app/"
"practice bteb arrays",c1_syllabus_programs,informational_transactional,en,"https://humayounkobir.vercel.app/"
"bteb arrays practice",c1_syllabus_programs,informational_transactional,en,"https://humayounkobir.vercel.app/"
"copy bteb arrays",c1_syllabus_programs,informational_transactional,en,"https://humayounkobir.vercel.app/"
"bteb arrays copy",c1_syllabus_programs,informational_transactional,en,"https://humayounkobir.vercel.app/"
"read bteb arrays",c1_syllabus_programs,informational_transactional,en,"https://humayounkobir.vercel.app/"
"bteb arrays read",c1_syllabus_programs,informational_transactional,en,"https://humayounkobir.vercel.app/"
"view bteb arrays",c1_syllabus_programs,informational_transactional,en,"https://humayounkobir.vercel.app/"
"bteb arrays view",c1_syllabus_programs,informational_transactional,en,"https://humayounkobir.vercel.app/"
"run bteb arrays",c1_syllabus_programs,informational_transactional,en,"https://humayounkobir.vercel.app/"
"bteb arrays run",c1_syllabus_programs,informational_transactional,en,"https://humayounkobir.vercel.app/"
"prepare bteb arrays",c1_syllabus_programs,informational_transactional,en,"https://humayounkobir.vercel.app/"
"bteb arrays prepare",c1_syllabus_programs,informational_transactional,en,"https://humayounkobir.vercel.app/"
"solve bteb arrays",c1_syllabus_programs,informational_transactional,en,"https://humayounkobir.vercel.app/"
"bteb arrays solve",c1_syllabus_programs,informational_transactional,en,"https://humayounkobir.vercel.app/"
"bteb pointers",c1_syllabus_programs,informational_transactional,en,"https://humayounkobir.vercel.app/"
"download bteb pointers",c1_syllabus_programs,informational_transactional,en,"https://humayounkobir.vercel.app/"
"bteb pointers download",c1_syllabus_programs,informational_transactional,en,"https://humayounkobir.vercel.app/"
"learn bteb pointers",c1_syllabus_programs,informational_transactional,en,"https://humayounkobir.vercel.app/"
"bteb pointers learn",c1_syllabus_programs,informational_transactional,en,"https://humayounkobir.vercel.app/"
"study bteb pointers",c1_syllabus_programs,informational_transactional,en,"https://humayounkobir.vercel.app/"
"bteb pointers study",c1_syllabus_programs,informational_transactional,en,"https://humayounkobir.vercel.app/"
"compare bteb pointers",c1_syllabus_programs,informational_transactional,en,"https://humayounkobir.vercel.app/"
"bteb pointers compare",c1_syllabus_programs,informational_transactional,en,"https://humayounkobir.vercel.app/"
"practice bteb pointers",c1_syllabus_programs,informational_transactional,en,"https://humayounkobir.vercel.app/"
"bteb pointers practice",c1_syllabus_programs,informational_transactional,en,"https://humayounkobir.vercel.app/"
"copy bteb pointers",c1_syllabus_programs,informational_transactional,en,"https://humayounkobir.vercel.app/"
"bteb pointers copy",c1_syllabus_programs,informational_transactional,en,"https://humayounkobir.vercel.app/"
"read bteb pointers",c1_syllabus_programs,informational_transactional,en,"https://humayounkobir.vercel.app/"
"bteb pointers read",c1_syllabus_programs,informational_transactional,en,"https://humayounkobir.vercel.app/"
"view bteb pointers",c1_syllabus_programs,informational_transactional,en,"https://humayounkobir.vercel.app/"
"bteb pointers view",c1_syllabus_programs,informational_transactional,en,"https://humayounkobir.vercel.app/"
"run bteb pointers",c1_syllabus_programs,informational_transactional,en,"https://humayounkobir.vercel.app/"
"bteb pointers run",c1_syllabus_programs,informational_transactional,en,"https://humayounkobir.vercel.app/"
"prepare bteb pointers",c1_syllabus_programs,informational_transactional,en,"https://humayounkobir.vercel.app/"
"bteb pointers prepare",c1_syllabus_programs,informational_transactional,en,"https://humayounkobir.vercel.app/"
"solve bteb pointers",c1_syllabus_programs,informational_transactional,en,"https://humayounkobir.vercel.app/"
"bteb pointers solve",c1_syllabus_programs,informational_transactional,en,"https://humayounkobir.vercel.app/"
"bteb pdf",c1_syllabus_programs,informational_transactional,en,"https://humayounkobir.vercel.app/"
"download bteb pdf",c1_syllabus_programs,informational_transactional,en,"https://humayounkobir.vercel.app/"
"bteb pdf download",c1_syllabus_programs,informational_transactional,en,"https://humayounkobir.vercel.app/"
"learn bteb pdf",c1_syllabus_programs,informational_transactional,en,"https://humayounkobir.vercel.app/"
"bteb pdf learn",c1_syllabus_programs,informational_transactional,en,"https://humayounkobir.vercel.app/"
"study bteb pdf",c1_syllabus_programs,informational_transactional,en,"https://humayounkobir.vercel.app/"
"bteb pdf study",c1_syllabus_programs,informational_transactional,en,"https://humayounkobir.vercel.app/"
"compare bteb pdf",c1_syllabus_programs,informational_transactional,en,"https://humayounkobir.vercel.app/"
"bteb pdf compare",c1_syllabus_programs,informational_transactional,en,"https://humayounkobir.vercel.app/"
"practice bteb pdf",c1_syllabus_programs,informational_transactional,en,"https://humayounkobir.vercel.app/"
"bteb pdf practice",c1_syllabus_programs,informational_transactional,en,"https://humayounkobir.vercel.app/"
"copy bteb pdf",c1_syllabus_programs,informational_transactional,en,"https://humayounkobir.vercel.app/"
"bteb pdf copy",c1_syllabus_programs,informational_transactional,en,"https://humayounkobir.vercel.app/"
"read bteb pdf",c1_syllabus_programs,informational_transactional,en,"https://humayounkobir.vercel.app/"
"bteb pdf read",c1_syllabus_programs,informational_transactional,en,"https://humayounkobir.vercel.app/"
"view bteb pdf",c1_syllabus_programs,informational_transactional,en,"https://humayounkobir.vercel.app/"
"bteb pdf view",c1_syllabus_programs,informational_transactional,en,"https://humayounkobir.vercel.app/"
"run bteb pdf",c1_syllabus_programs,informational_transactional,en,"https://humayounkobir.vercel.app/"
"bteb pdf run",c1_syllabus_programs,informational_transactional,en,"https://humayounkobir.vercel.app/"
"prepare bteb pdf",c1_syllabus_programs,informational_transactional,en,"https://humayounkobir.vercel.app/"
"bteb pdf prepare",c1_syllabus_programs,informational_transactional,en,"https://humayounkobir.vercel.app/"
"solve bteb pdf",c1_syllabus_programs,informational_transactional,en,"https://humayounkobir.vercel.app/"
"bteb pdf solve",c1_syllabus_programs,informational_transactional,en,"https://humayounkobir.vercel.app/"
"bteb book",c1_syllabus_programs,informational_transactional,en,"https://humayounkobir.vercel.app/"
"download bteb book",c1_syllabus_programs,informational_transactional,en,"https://humayounkobir.vercel.app/"
"bteb book download",c1_syllabus_programs,informational_transactional,en,"https://humayounkobir.vercel.app/"
"learn bteb book",c1_syllabus_programs,informational_transactional,en,"https://humayounkobir.vercel.app/"
"bteb book learn",c1_syllabus_programs,informational_transactional,en,"https://humayounkobir.vercel.app/"
"study bteb book",c1_syllabus_programs,informational_transactional,en,"https://humayounkobir.vercel.app/"
"bteb book study",c1_syllabus_programs,informational_transactional,en,"https://humayounkobir.vercel.app/"
"compare bteb book",c1_syllabus_programs,informational_transactional,en,"https://humayounkobir.vercel.app/"
"bteb book compare",c1_syllabus_programs,informational_transactional,en,"https://humayounkobir.vercel.app/"
"practice bteb book",c1_syllabus_programs,informational_transactional,en,"https://humayounkobir.vercel.app/"
"bteb book practice",c1_syllabus_programs,informational_transactional,en,"https://humayounkobir.vercel.app/"
"copy bteb book",c1_syllabus_programs,informational_transactional,en,"https://humayounkobir.vercel.app/"
"bteb book copy",c1_syllabus_programs,informational_transactional,en,"https://humayounkobir.vercel.app/"
"read bteb book",c1_syllabus_programs,informational_transactional,en,"https://humayounkobir.vercel.app/"
"bteb book read",c1_syllabus_programs,informational_transactional,en,"https://humayounkobir.vercel.app/"
"view bteb book",c1_syllabus_programs,informational_transactional,en,"https://humayounkobir.vercel.app/"
"bteb book view",c1_syllabus_programs,informational_transactional,en,"https://humayounkobir.vercel.app/"
"run bteb book",c1_syllabus_programs,informational_transactional,en,"https://humayounkobir.vercel.app/"
"bteb book run",c1_syllabus_programs,informational_transactional,en,"https://humayounkobir.vercel.app/"
"prepare bteb book",c1_syllabus_programs,informational_transactional,en,"https://humayounkobir.vercel.app/"
"bteb book prepare",c1_syllabus_programs,informational_transactional,en,"https://humayounkobir.vercel.app/"
"solve bteb book",c1_syllabus_programs,informational_transactional,en,"https://humayounkobir.vercel.app/"
"bteb book solve",c1_syllabus_programs,informational_transactional,en,"https://humayounkobir.vercel.app/"
"bteb apk",c1_syllabus_programs,informational_transactional,en,"https://humayounkobir.vercel.app/"
"download bteb apk",c1_syllabus_programs,informational_transactional,en,"https://humayounkobir.vercel.app/"
"bteb apk download",c1_syllabus_programs,informational_transactional,en,"https://humayounkobir.vercel.app/"
"learn bteb apk",c1_syllabus_programs,informational_transactional,en,"https://humayounkobir.vercel.app/"
"bteb apk learn",c1_syllabus_programs,informational_transactional,en,"https://humayounkobir.vercel.app/"
"study bteb apk",c1_syllabus_programs,informational_transactional,en,"https://humayounkobir.vercel.app/"
"bteb apk study",c1_syllabus_programs,informational_transactional,en,"https://humayounkobir.vercel.app/"
"compare bteb apk",c1_syllabus_programs,informational_transactional,en,"https://humayounkobir.vercel.app/"
"bteb apk compare",c1_syllabus_programs,informational_transactional,en,"https://humayounkobir.vercel.app/"
"practice bteb apk",c1_syllabus_programs,informational_transactional,en,"https://humayounkobir.vercel.app/"
"bteb apk practice",c1_syllabus_programs,informational_transactional,en,"https://humayounkobir.vercel.app/"
"copy bteb apk",c1_syllabus_programs,informational_transactional,en,"https://humayounkobir.vercel.app/"
"bteb apk copy",c1_syllabus_programs,informational_transactional,en,"https://humayounkobir.vercel.app/"
"read bteb apk",c1_syllabus_programs,informational_transactional,en,"https://humayounkobir.vercel.app/"
"bteb apk read",c1_syllabus_programs,informational_transactional,en,"https://humayounkobir.vercel.app/"
"view bteb apk",c1_syllabus_programs,informational_transactional,en,"https://humayounkobir.vercel.app/"
"bteb apk view",c1_syllabus_programs,informational_transactional,en,"https://humayounkobir.vercel.app/"
"run bteb apk",c1_syllabus_programs,informational_transactional,en,"https://humayounkobir.vercel.app/"
"bteb apk run",c1_syllabus_programs,informational_transactional,en,"https://humayounkobir.vercel.app/"
"prepare bteb apk",c1_syllabus_programs,informational_transactional,en,"https://humayounkobir.vercel.app/"
"bteb apk prepare",c1_syllabus_programs,informational_transactional,en,"https://humayounkobir.vercel.app/"
"solve bteb apk",c1_syllabus_programs,informational_transactional,en,"https://humayounkobir.vercel.app/"
"bteb apk solve",c1_syllabus_programs,informational_transactional,en,"https://humayounkobir.vercel.app/"
"bteb app",c1_syllabus_programs,informational_transactional,en,"https://humayounkobir.vercel.app/"
"download bteb app",c1_syllabus_programs,informational_transactional,en,"https://humayounkobir.vercel.app/"
"bteb app download",c1_syllabus_programs,informational_transactional,en,"https://humayounkobir.vercel.app/"
"learn bteb app",c1_syllabus_programs,informational_transactional,en,"https://humayounkobir.vercel.app/"
"bteb app learn",c1_syllabus_programs,informational_transactional,en,"https://humayounkobir.vercel.app/"
"study bteb app",c1_syllabus_programs,informational_transactional,en,"https://humayounkobir.vercel.app/"
"bteb app study",c1_syllabus_programs,informational_transactional,en,"https://humayounkobir.vercel.app/"
"compare bteb app",c1_syllabus_programs,informational_transactional,en,"https://humayounkobir.vercel.app/"
"bteb app compare",c1_syllabus_programs,informational_transactional,en,"https://humayounkobir.vercel.app/"
"practice bteb app",c1_syllabus_programs,informational_transactional,en,"https://humayounkobir.vercel.app/"
"bteb app practice",c1_syllabus_programs,informational_transactional,en,"https://humayounkobir.vercel.app/"
"copy bteb app",c1_syllabus_programs,informational_transactional,en,"https://humayounkobir.vercel.app/"
"bteb app copy",c1_syllabus_programs,informational_transactional,en,"https://humayounkobir.vercel.app/"
"read bteb app",c1_syllabus_programs,informational_transactional,en,"https://humayounkobir.vercel.app/"
"bteb app read",c1_syllabus_programs,informational_transactional,en,"https://humayounkobir.vercel.app/"
"view bteb app",c1_syllabus_programs,informational_transactional,en,"https://humayounkobir.vercel.app/"
"bteb app view",c1_syllabus_programs,informational_transactional,en,"https://humayounkobir.vercel.app/"
"run bteb app",c1_syllabus_programs,informational_transactional,en,"https://humayounkobir.vercel.app/"
"bteb app run",c1_syllabus_programs,informational_transactional,en,"https://humayounkobir.vercel.app/"
"prepare bteb app",c1_syllabus_programs,informational_transactional,en,"https://humayounkobir.vercel.app/"
"bteb app prepare",c1_syllabus_programs,informational_transactional,en,"https://humayounkobir.vercel.app/"
"solve bteb app",c1_syllabus_programs,informational_transactional,en,"https://humayounkobir.vercel.app/"
"bteb app solve",c1_syllabus_programs,informational_transactional,en,"https://humayounkobir.vercel.app/"
"bteb notes",c1_syllabus_programs,informational_transactional,en,"https://humayounkobir.vercel.app/"
"download bteb notes",c1_syllabus_programs,informational_transactional,en,"https://humayounkobir.vercel.app/"
"bteb notes download",c1_syllabus_programs,informational_transactional,en,"https://humayounkobir.vercel.app/"
"learn bteb notes",c1_syllabus_programs,informational_transactional,en,"https://humayounkobir.vercel.app/"
"bteb notes learn",c1_syllabus_programs,informational_transactional,en,"https://humayounkobir.vercel.app/"
"study bteb notes",c1_syllabus_programs,informational_transactional,en,"https://humayounkobir.vercel.app/"
"bteb notes study",c1_syllabus_programs,informational_transactional,en,"https://humayounkobir.vercel.app/"
"compare bteb notes",c1_syllabus_programs,informational_transactional,en,"https://humayounkobir.vercel.app/"
"bteb notes compare",c1_syllabus_programs,informational_transactional,en,"https://humayounkobir.vercel.app/"
"practice bteb notes",c1_syllabus_programs,informational_transactional,en,"https://humayounkobir.vercel.app/"
"bteb notes practice",c1_syllabus_programs,informational_transactional,en,"https://humayounkobir.vercel.app/"
"copy bteb notes",c1_syllabus_programs,informational_transactional,en,"https://humayounkobir.vercel.app/"
"bteb notes copy",c1_syllabus_programs,informational_transactional,en,"https://humayounkobir.vercel.app/"
"read bteb notes",c1_syllabus_programs,informational_transactional,en,"https://humayounkobir.vercel.app/"
"bteb notes read",c1_syllabus_programs,informational_transactional,en,"https://humayounkobir.vercel.app/"
"view bteb notes",c1_syllabus_programs,informational_transactional,en,"https://humayounkobir.vercel.app/"
"bteb notes view",c1_syllabus_programs,informational_transactional,en,"https://humayounkobir.vercel.app/"
"run bteb notes",c1_syllabus_programs,informational_transactional,en,"https://humayounkobir.vercel.app/"
"bteb notes run",c1_syllabus_programs,informational_transactional,en,"https://humayounkobir.vercel.app/"
"prepare bteb notes",c1_syllabus_programs,informational_transactional,en,"https://humayounkobir.vercel.app/"
"bteb notes prepare",c1_syllabus_programs,informational_transactional,en,"https://humayounkobir.vercel.app/"
"solve bteb notes",c1_syllabus_programs,informational_transactional,en,"https://humayounkobir.vercel.app/"
"bteb notes solve",c1_syllabus_programs,informational_transactional,en,"https://humayounkobir.vercel.app/"
"bteb solutions",c1_syllabus_programs,informational_transactional,en,"https://humayounkobir.vercel.app/"
"download bteb solutions",c1_syllabus_programs,informational_transactional,en,"https://humayounkobir.vercel.app/"
"bteb solutions download",c1_syllabus_programs,informational_transactional,en,"https://humayounkobir.vercel.app/"
"learn bteb solutions",c1_syllabus_programs,informational_transactional,en,"https://humayounkobir.vercel.app/"
"bteb solutions learn",c1_syllabus_programs,informational_transactional,en,"https://humayounkobir.vercel.app/"
"study bteb solutions",c1_syllabus_programs,informational_transactional,en,"https://humayounkobir.vercel.app/"
"bteb solutions study",c1_syllabus_programs,informational_transactional,en,"https://humayounkobir.vercel.app/"
"compare bteb solutions",c1_syllabus_programs,informational_transactional,en,"https://humayounkobir.vercel.app/"
"bteb solutions compare",c1_syllabus_programs,informational_transactional,en,"https://humayounkobir.vercel.app/"
"practice bteb solutions",c1_syllabus_programs,informational_transactional,en,"https://humayounkobir.vercel.app/"
"bteb solutions practice",c1_syllabus_programs,informational_transactional,en,"https://humayounkobir.vercel.app/"
"copy bteb solutions",c1_syllabus_programs,informational_transactional,en,"https://humayounkobir.vercel.app/"
"bteb solutions copy",c1_syllabus_programs,informational_transactional,en,"https://humayounkobir.vercel.app/"
"read bteb solutions",c1_syllabus_programs,informational_transactional,en,"https://humayounkobir.vercel.app/"
"bteb solutions read",c1_syllabus_programs,informational_transactional,en,"https://humayounkobir.vercel.app/"
"view bteb solutions",c1_syllabus_programs,informational_transactional,en,"https://humayounkobir.vercel.app/"
"bteb solutions view",c1_syllabus_programs,informational_transactional,en,"https://humayounkobir.vercel.app/"
"run bteb solutions",c1_syllabus_programs,informational_transactional,en,"https://humayounkobir.vercel.app/"
"bteb solutions run",c1_syllabus_programs,informational_transactional,en,"https://humayounkobir.vercel.app/"
"prepare bteb solutions",c1_syllabus_programs,informational_transactional,en,"https://humayounkobir.vercel.app/"
"bteb solutions prepare",c1_syllabus_programs,informational_transactional,en,"https://humayounkobir.vercel.app/"
"solve bteb solutions",c1_syllabus_programs,informational_transactional,en,"https://humayounkobir.vercel.app/"
"bteb solutions solve",c1_syllabus_programs,informational_transactional,en,"https://humayounkobir.vercel.app/"
"cse admission programs",c1_syllabus_programs,informational_transactional,en,"https://humayounkobir.vercel.app/"
"download cse admission programs",c1_syllabus_programs,informational_transactional,en,"https://humayounkobir.vercel.app/"
"cse admission programs download",c1_syllabus_programs,informational_transactional,en,"https://humayounkobir.vercel.app/"
"learn cse admission programs",c1_syllabus_programs,informational_transactional,en,"https://humayounkobir.vercel.app/"
"cse admission programs learn",c1_syllabus_programs,informational_transactional,en,"https://humayounkobir.vercel.app/"
"study cse admission programs",c1_syllabus_programs,informational_transactional,en,"https://humayounkobir.vercel.app/"
"cse admission programs study",c1_syllabus_programs,informational_transactional,en,"https://humayounkobir.vercel.app/"
"compare cse admission programs",c1_syllabus_programs,informational_transactional,en,"https://humayounkobir.vercel.app/"
"cse admission programs compare",c1_syllabus_programs,informational_transactional,en,"https://humayounkobir.vercel.app/"
"practice cse admission programs",c1_syllabus_programs,informational_transactional,en,"https://humayounkobir.vercel.app/"
"cse admission programs practice",c1_syllabus_programs,informational_transactional,en,"https://humayounkobir.vercel.app/"
"copy cse admission programs",c1_syllabus_programs,informational_transactional,en,"https://humayounkobir.vercel.app/"
"cse admission programs copy",c1_syllabus_programs,informational_transactional,en,"https://humayounkobir.vercel.app/"
"read cse admission programs",c1_syllabus_programs,informational_transactional,en,"https://humayounkobir.vercel.app/"
"cse admission programs read",c1_syllabus_programs,informational_transactional,en,"https://humayounkobir.vercel.app/"
"view cse admission programs",c1_syllabus_programs,informational_transactional,en,"https://humayounkobir.vercel.app/"
"cse admission programs view",c1_syllabus_programs,informational_transactional,en,"https://humayounkobir.vercel.app/"
"run cse admission programs",c1_syllabus_programs,informational_transactional,en,"https://humayounkobir.vercel.app/"
"cse admission programs run",c1_syllabus_programs,informational_transactional,en,"https://humayounkobir.vercel.app/"
"prepare cse admission programs",c1_syllabus_programs,informational_transactional,en,"https://humayounkobir.vercel.app/"
"cse admission programs prepare",c1_syllabus_programs,informational_transactional,en,"https://humayounkobir.vercel.app/"
"solve cse admission programs",c1_syllabus_programs,informational_transactional,en,"https://humayounkobir.vercel.app/"
"cse admission programs solve",c1_syllabus_programs,informational_transactional,en,"https://humayounkobir.vercel.app/"
"cse admission code",c1_syllabus_programs,informational_transactional,en,"https://humayounkobir.vercel.app/"
"download cse admission code",c1_syllabus_programs,informational_transactional,en,"https://humayounkobir.vercel.app/"
"cse admission code download",c1_syllabus_programs,informational_transactional,en,"https://humayounkobir.vercel.app/"
"learn cse admission code",c1_syllabus_programs,informational_transactional,en,"https://humayounkobir.vercel.app/"
"cse admission code learn",c1_syllabus_programs,informational_transactional,en,"https://humayounkobir.vercel.app/"
"study cse admission code",c1_syllabus_programs,informational_transactional,en,"https://humayounkobir.vercel.app/"
"cse admission code study",c1_syllabus_programs,informational_transactional,en,"https://humayounkobir.vercel.app/"
"compare cse admission code",c1_syllabus_programs,informational_transactional,en,"https://humayounkobir.vercel.app/"
"cse admission code compare",c1_syllabus_programs,informational_transactional,en,"https://humayounkobir.vercel.app/"
"practice cse admission code",c1_syllabus_programs,informational_transactional,en,"https://humayounkobir.vercel.app/"
"cse admission code practice",c1_syllabus_programs,informational_transactional,en,"https://humayounkobir.vercel.app/"
"copy cse admission code",c1_syllabus_programs,informational_transactional,en,"https://humayounkobir.vercel.app/"
"cse admission code copy",c1_syllabus_programs,informational_transactional,en,"https://humayounkobir.vercel.app/"
"read cse admission code",c1_syllabus_programs,informational_transactional,en,"https://humayounkobir.vercel.app/"
"cse admission code read",c1_syllabus_programs,informational_transactional,en,"https://humayounkobir.vercel.app/"
"view cse admission code",c1_syllabus_programs,informational_transactional,en,"https://humayounkobir.vercel.app/"
"cse admission code view",c1_syllabus_programs,informational_transactional,en,"https://humayounkobir.vercel.app/"
"run cse admission code",c1_syllabus_programs,informational_transactional,en,"https://humayounkobir.vercel.app/"
"cse admission code run",c1_syllabus_programs,informational_transactional,en,"https://humayounkobir.vercel.app/"
"prepare cse admission code",c1_syllabus_programs,informational_transactional,en,"https://humayounkobir.vercel.app/"
"cse admission code prepare",c1_syllabus_programs,informational_transactional,en,"https://humayounkobir.vercel.app/"
"solve cse admission code",c1_syllabus_programs,informational_transactional,en,"https://humayounkobir.vercel.app/"
"cse admission code solve",c1_syllabus_programs,informational_transactional,en,"https://humayounkobir.vercel.app/"
"cse admission basic programs",c1_syllabus_programs,informational_transactional,en,"https://humayounkobir.vercel.app/"
"download cse admission basic programs",c1_syllabus_programs,informational_transactional,en,"https://humayounkobir.vercel.app/"
"cse admission basic programs download",c1_syllabus_programs,informational_transactional,en,"https://humayounkobir.vercel.app/"
"learn cse admission basic programs",c1_syllabus_programs,informational_transactional,en,"https://humayounkobir.vercel.app/"
"cse admission basic programs learn",c1_syllabus_programs,informational_transactional,en,"https://humayounkobir.vercel.app/"
"study cse admission basic programs",c1_syllabus_programs,informational_transactional,en,"https://humayounkobir.vercel.app/"
"cse admission basic programs study",c1_syllabus_programs,informational_transactional,en,"https://humayounkobir.vercel.app/"
"compare cse admission basic programs",c1_syllabus_programs,informational_transactional,en,"https://humayounkobir.vercel.app/"
"cse admission basic programs compare",c1_syllabus_programs,informational_transactional,en,"https://humayounkobir.vercel.app/"
"practice cse admission basic programs",c1_syllabus_programs,informational_transactional,en,"https://humayounkobir.vercel.app/"
"cse admission basic programs practice",c1_syllabus_programs,informational_transactional,en,"https://humayounkobir.vercel.app/"
"copy cse admission basic programs",c1_syllabus_programs,informational_transactional,en,"https://humayounkobir.vercel.app/"
"cse admission basic programs copy",c1_syllabus_programs,informational_transactional,en,"https://humayounkobir.vercel.app/"
"read cse admission basic programs",c1_syllabus_programs,informational_transactional,en,"https://humayounkobir.vercel.app/"
"cse admission basic programs read",c1_syllabus_programs,informational_transactional,en,"https://humayounkobir.vercel.app/"
"view cse admission basic programs",c1_syllabus_programs,informational_transactional,en,"https://humayounkobir.vercel.app/"
"cse admission basic programs view",c1_syllabus_programs,informational_transactional,en,"https://humayounkobir.vercel.app/"
"run cse admission basic programs",c1_syllabus_programs,informational_transactional,en,"https://humayounkobir.vercel.app/"
"cse admission basic programs run",c1_syllabus_programs,informational_transactional,en,"https://humayounkobir.vercel.app/"
"prepare cse admission basic programs",c1_syllabus_programs,informational_transactional,en,"https://humayounkobir.vercel.app/"
"cse admission basic programs prepare",c1_syllabus_programs,informational_transactional,en,"https://humayounkobir.vercel.app/"
"solve cse admission basic programs",c1_syllabus_programs,informational_transactional,en,"https://humayounkobir.vercel.app/"
"cse admission basic programs solve",c1_syllabus_programs,informational_transactional,en,"https://humayounkobir.vercel.app/"
"cse admission syllabus",c1_syllabus_programs,informational_transactional,en,"https://humayounkobir.vercel.app/"
"download cse admission syllabus",c1_syllabus_programs,informational_transactional,en,"https://humayounkobir.vercel.app/"
"cse admission syllabus download",c1_syllabus_programs,informational_transactional,en,"https://humayounkobir.vercel.app/"
"learn cse admission syllabus",c1_syllabus_programs,informational_transactional,en,"https://humayounkobir.vercel.app/"
"cse admission syllabus learn",c1_syllabus_programs,informational_transactional,en,"https://humayounkobir.vercel.app/"
"study cse admission syllabus",c1_syllabus_programs,informational_transactional,en,"https://humayounkobir.vercel.app/"
"cse admission syllabus study",c1_syllabus_programs,informational_transactional,en,"https://humayounkobir.vercel.app/"
"compare cse admission syllabus",c1_syllabus_programs,informational_transactional,en,"https://humayounkobir.vercel.app/"
"cse admission syllabus compare",c1_syllabus_programs,informational_transactional,en,"https://humayounkobir.vercel.app/"
"practice cse admission syllabus",c1_syllabus_programs,informational_transactional,en,"https://humayounkobir.vercel.app/"
"cse admission syllabus practice",c1_syllabus_programs,informational_transactional,en,"https://humayounkobir.vercel.app/"
"copy cse admission syllabus",c1_syllabus_programs,informational_transactional,en,"https://humayounkobir.vercel.app/"
"cse admission syllabus copy",c1_syllabus_programs,informational_transactional,en,"https://humayounkobir.vercel.app/"
"read cse admission syllabus",c1_syllabus_programs,informational_transactional,en,"https://humayounkobir.vercel.app/"
"cse admission syllabus read",c1_syllabus_programs,informational_transactional,en,"https://humayounkobir.vercel.app/"
"view cse admission syllabus",c1_syllabus_programs,informational_transactional,en,"https://humayounkobir.vercel.app/"
"cse admission syllabus view",c1_syllabus_programs,informational_transactional,en,"https://humayounkobir.vercel.app/"
"run cse admission syllabus",c1_syllabus_programs,informational_transactional,en,"https://humayounkobir.vercel.app/"
"cse admission syllabus run",c1_syllabus_programs,informational_transactional,en,"https://humayounkobir.vercel.app/"
"prepare cse admission syllabus",c1_syllabus_programs,informational_transactional,en,"https://humayounkobir.vercel.app/"
"cse admission syllabus prepare",c1_syllabus_programs,informational_transactional,en,"https://humayounkobir.vercel.app/"
"solve cse admission syllabus",c1_syllabus_programs,informational_transactional,en,"https://humayounkobir.vercel.app/"
"cse admission syllabus solve",c1_syllabus_programs,informational_transactional,en,"https://humayounkobir.vercel.app/"
"cse admission admission questions",c1_syllabus_programs,informational_transactional,en,"https://humayounkobir.vercel.app/"
"download cse admission admission questions",c1_syllabus_programs,informational_transactional,en,"https://humayounkobir.vercel.app/"
"cse admission admission questions download",c1_syllabus_programs,informational_transactional,en,"https://humayounkobir.vercel.app/"
"learn cse admission admission questions",c1_syllabus_programs,informational_transactional,en,"https://humayounkobir.vercel.app/"
"cse admission admission questions learn",c1_syllabus_programs,informational_transactional,en,"https://humayounkobir.vercel.app/"
"study cse admission admission questions",c1_syllabus_programs,informational_transactional,en,"https://humayounkobir.vercel.app/"
"cse admission admission questions study",c1_syllabus_programs,informational_transactional,en,"https://humayounkobir.vercel.app/"
"compare cse admission admission questions",c1_syllabus_programs,informational_transactional,en,"https://humayounkobir.vercel.app/"
"cse admission admission questions compare",c1_syllabus_programs,informational_transactional,en,"https://humayounkobir.vercel.app/"
"practice cse admission admission questions",c1_syllabus_programs,informational_transactional,en,"https://humayounkobir.vercel.app/"
"cse admission admission questions practice",c1_syllabus_programs,informational_transactional,en,"https://humayounkobir.vercel.app/"
"copy cse admission admission questions",c1_syllabus_programs,informational_transactional,en,"https://humayounkobir.vercel.app/"
"cse admission admission questions copy",c1_syllabus_programs,informational_transactional,en,"https://humayounkobir.vercel.app/"
"read cse admission admission questions",c1_syllabus_programs,informational_transactional,en,"https://humayounkobir.vercel.app/"
"cse admission admission questions read",c1_syllabus_programs,informational_transactional,en,"https://humayounkobir.vercel.app/"
"view cse admission admission questions",c1_syllabus_programs,informational_transactional,en,"https://humayounkobir.vercel.app/"
"cse admission admission questions view",c1_syllabus_programs,informational_transactional,en,"https://humayounkobir.vercel.app/"
"run cse admission admission questions",c1_syllabus_programs,informational_transactional,en,"https://humayounkobir.vercel.app/"
"cse admission admission questions run",c1_syllabus_programs,informational_transactional,en,"https://humayounkobir.vercel.app/"
"prepare cse admission admission questions",c1_syllabus_programs,informational_transactional,en,"https://humayounkobir.vercel.app/"
"cse admission admission questions prepare",c1_syllabus_programs,informational_transactional,en,"https://humayounkobir.vercel.app/"
"solve cse admission admission questions",c1_syllabus_programs,informational_transactional,en,"https://humayounkobir.vercel.app/"
"cse admission admission questions solve",c1_syllabus_programs,informational_transactional,en,"https://humayounkobir.vercel.app/"
"cse admission pattern programs",c1_syllabus_programs,informational_transactional,en,"https://humayounkobir.vercel.app/"
"download cse admission pattern programs",c1_syllabus_programs,informational_transactional,en,"https://humayounkobir.vercel.app/"
"cse admission pattern programs download",c1_syllabus_programs,informational_transactional,en,"https://humayounkobir.vercel.app/"
"learn cse admission pattern programs",c1_syllabus_programs,informational_transactional,en,"https://humayounkobir.vercel.app/"
"cse admission pattern programs learn",c1_syllabus_programs,informational_transactional,en,"https://humayounkobir.vercel.app/"
"study cse admission pattern programs",c1_syllabus_programs,informational_transactional,en,"https://humayounkobir.vercel.app/"
"cse admission pattern programs study",c1_syllabus_programs,informational_transactional,en,"https://humayounkobir.vercel.app/"
"compare cse admission pattern programs",c1_syllabus_programs,informational_transactional,en,"https://humayounkobir.vercel.app/"
"cse admission pattern programs compare",c1_syllabus_programs,informational_transactional,en,"https://humayounkobir.vercel.app/"
"practice cse admission pattern programs",c1_syllabus_programs,informational_transactional,en,"https://humayounkobir.vercel.app/"
"cse admission pattern programs practice",c1_syllabus_programs,informational_transactional,en,"https://humayounkobir.vercel.app/"
"copy cse admission pattern programs",c1_syllabus_programs,informational_transactional,en,"https://humayounkobir.vercel.app/"
"cse admission pattern programs copy",c1_syllabus_programs,informational_transactional,en,"https://humayounkobir.vercel.app/"
"read cse admission pattern programs",c1_syllabus_programs,informational_transactional,en,"https://humayounkobir.vercel.app/"
"cse admission pattern programs read",c1_syllabus_programs,informational_transactional,en,"https://humayounkobir.vercel.app/"
"view cse admission pattern programs",c1_syllabus_programs,informational_transactional,en,"https://humayounkobir.vercel.app/"
"cse admission pattern programs view",c1_syllabus_programs,informational_transactional,en,"https://humayounkobir.vercel.app/"
"run cse admission pattern programs",c1_syllabus_programs,informational_transactional,en,"https://humayounkobir.vercel.app/"
"cse admission pattern programs run",c1_syllabus_programs,informational_transactional,en,"https://humayounkobir.vercel.app/"
"prepare cse admission pattern programs",c1_syllabus_programs,informational_transactional,en,"https://humayounkobir.vercel.app/"
"cse admission pattern programs prepare",c1_syllabus_programs,informational_transactional,en,"https://humayounkobir.vercel.app/"
"solve cse admission pattern programs",c1_syllabus_programs,informational_transactional,en,"https://humayounkobir.vercel.app/"
"cse admission pattern programs solve",c1_syllabus_programs,informational_transactional,en,"https://humayounkobir.vercel.app/"
"cse admission series sum",c1_syllabus_programs,informational_transactional,en,"https://humayounkobir.vercel.app/"
"download cse admission series sum",c1_syllabus_programs,informational_transactional,en,"https://humayounkobir.vercel.app/"
"cse admission series sum download",c1_syllabus_programs,informational_transactional,en,"https://humayounkobir.vercel.app/"
"learn cse admission series sum",c1_syllabus_programs,informational_transactional,en,"https://humayounkobir.vercel.app/"
"cse admission series sum learn",c1_syllabus_programs,informational_transactional,en,"https://humayounkobir.vercel.app/"
"study cse admission series sum",c1_syllabus_programs,informational_transactional,en,"https://humayounkobir.vercel.app/"
"cse admission series sum study",c1_syllabus_programs,informational_transactional,en,"https://humayounkobir.vercel.app/"
"compare cse admission series sum",c1_syllabus_programs,informational_transactional,en,"https://humayounkobir.vercel.app/"
"cse admission series sum compare",c1_syllabus_programs,informational_transactional,en,"https://humayounkobir.vercel.app/"
"practice cse admission series sum",c1_syllabus_programs,informational_transactional,en,"https://humayounkobir.vercel.app/"
"cse admission series sum practice",c1_syllabus_programs,informational_transactional,en,"https://humayounkobir.vercel.app/"
"copy cse admission series sum",c1_syllabus_programs,informational_transactional,en,"https://humayounkobir.vercel.app/"
"cse admission series sum copy",c1_syllabus_programs,informational_transactional,en,"https://humayounkobir.vercel.app/"
"read cse admission series sum",c1_syllabus_programs,informational_transactional,en,"https://humayounkobir.vercel.app/"
"cse admission series sum read",c1_syllabus_programs,informational_transactional,en,"https://humayounkobir.vercel.app/"
"view cse admission series sum",c1_syllabus_programs,informational_transactional,en,"https://humayounkobir.vercel.app/"
"cse admission series sum view",c1_syllabus_programs,informational_transactional,en,"https://humayounkobir.vercel.app/"
"run cse admission series sum",c1_syllabus_programs,informational_transactional,en,"https://humayounkobir.vercel.app/"
"cse admission series sum run",c1_syllabus_programs,informational_transactional,en,"https://humayounkobir.vercel.app/"
"prepare cse admission series sum",c1_syllabus_programs,informational_transactional,en,"https://humayounkobir.vercel.app/"
"cse admission series sum prepare",c1_syllabus_programs,informational_transactional,en,"https://humayounkobir.vercel.app/"
"solve cse admission series sum",c1_syllabus_programs,informational_transactional,en,"https://humayounkobir.vercel.app/"
"cse admission series sum solve",c1_syllabus_programs,informational_transactional,en,"https://humayounkobir.vercel.app/"
"cse admission loops",c1_syllabus_programs,informational_transactional,en,"https://humayounkobir.vercel.app/"
"download cse admission loops",c1_syllabus_programs,informational_transactional,en,"https://humayounkobir.vercel.app/"
"cse admission loops download",c1_syllabus_programs,informational_transactional,en,"https://humayounkobir.vercel.app/"
"learn cse admission loops",c1_syllabus_programs,informational_transactional,en,"https://humayounkobir.vercel.app/"
"cse admission loops learn",c1_syllabus_programs,informational_transactional,en,"https://humayounkobir.vercel.app/"
"study cse admission loops",c1_syllabus_programs,informational_transactional,en,"https://humayounkobir.vercel.app/"
"cse admission loops study",c1_syllabus_programs,informational_transactional,en,"https://humayounkobir.vercel.app/"
"compare cse admission loops",c1_syllabus_programs,informational_transactional,en,"https://humayounkobir.vercel.app/"
"cse admission loops compare",c1_syllabus_programs,informational_transactional,en,"https://humayounkobir.vercel.app/"
"practice cse admission loops",c1_syllabus_programs,informational_transactional,en,"https://humayounkobir.vercel.app/"
"cse admission loops practice",c1_syllabus_programs,informational_transactional,en,"https://humayounkobir.vercel.app/"
"copy cse admission loops",c1_syllabus_programs,informational_transactional,en,"https://humayounkobir.vercel.app/"
"cse admission loops copy",c1_syllabus_programs,informational_transactional,en,"https://humayounkobir.vercel.app/"
"read cse admission loops",c1_syllabus_programs,informational_transactional,en,"https://humayounkobir.vercel.app/"
"cse admission loops read",c1_syllabus_programs,informational_transactional,en,"https://humayounkobir.vercel.app/"
"view cse admission loops",c1_syllabus_programs,informational_transactional,en,"https://humayounkobir.vercel.app/"
"cse admission loops view",c1_syllabus_programs,informational_transactional,en,"https://humayounkobir.vercel.app/"
"run cse admission loops",c1_syllabus_programs,informational_transactional,en,"https://humayounkobir.vercel.app/"
"cse admission loops run",c1_syllabus_programs,informational_transactional,en,"https://humayounkobir.vercel.app/"
"prepare cse admission loops",c1_syllabus_programs,informational_transactional,en,"https://humayounkobir.vercel.app/"
"cse admission loops prepare",c1_syllabus_programs,informational_transactional,en,"https://humayounkobir.vercel.app/"
"solve cse admission loops",c1_syllabus_programs,informational_transactional,en,"https://humayounkobir.vercel.app/"
"cse admission loops solve",c1_syllabus_programs,informational_transactional,en,"https://humayounkobir.vercel.app/"
"cse admission recursion",c1_syllabus_programs,informational_transactional,en,"https://humayounkobir.vercel.app/"
"download cse admission recursion",c1_syllabus_programs,informational_transactional,en,"https://humayounkobir.vercel.app/"
"cse admission recursion download",c1_syllabus_programs,informational_transactional,en,"https://humayounkobir.vercel.app/"
"learn cse admission recursion",c1_syllabus_programs,informational_transactional,en,"https://humayounkobir.vercel.app/"
"cse admission recursion learn",c1_syllabus_programs,informational_transactional,en,"https://humayounkobir.vercel.app/"
"study cse admission recursion",c1_syllabus_programs,informational_transactional,en,"https://humayounkobir.vercel.app/"
"cse admission recursion study",c1_syllabus_programs,informational_transactional,en,"https://humayounkobir.vercel.app/"
"compare cse admission recursion",c1_syllabus_programs,informational_transactional,en,"https://humayounkobir.vercel.app/"
"cse admission recursion compare",c1_syllabus_programs,informational_transactional,en,"https://humayounkobir.vercel.app/"
"practice cse admission recursion",c1_syllabus_programs,informational_transactional,en,"https://humayounkobir.vercel.app/"
"cse admission recursion practice",c1_syllabus_programs,informational_transactional,en,"https://humayounkobir.vercel.app/"
"copy cse admission recursion",c1_syllabus_programs,informational_transactional,en,"https://humayounkobir.vercel.app/"
"cse admission recursion copy",c1_syllabus_programs,informational_transactional,en,"https://humayounkobir.vercel.app/"
"read cse admission recursion",c1_syllabus_programs,informational_transactional,en,"https://humayounkobir.vercel.app/"
"cse admission recursion read",c1_syllabus_programs,informational_transactional,en,"https://humayounkobir.vercel.app/"
"view cse admission recursion",c1_syllabus_programs,informational_transactional,en,"https://humayounkobir.vercel.app/"
"cse admission recursion view",c1_syllabus_programs,informational_transactional,en,"https://humayounkobir.vercel.app/"
"run cse admission recursion",c1_syllabus_programs,informational_transactional,en,"https://humayounkobir.vercel.app/"
"cse admission recursion run",c1_syllabus_programs,informational_transactional,en,"https://humayounkobir.vercel.app/"
"prepare cse admission recursion",c1_syllabus_programs,informational_transactional,en,"https://humayounkobir.vercel.app/"
"cse admission recursion prepare",c1_syllabus_programs,informational_transactional,en,"https://humayounkobir.vercel.app/"
"solve cse admission recursion",c1_syllabus_programs,informational_transactional,en,"https://humayounkobir.vercel.app/"
"cse admission recursion solve",c1_syllabus_programs,informational_transactional,en,"https://humayounkobir.vercel.app/"
"cse admission arrays",c1_syllabus_programs,informational_transactional,en,"https://humayounkobir.vercel.app/"
"download cse admission arrays",c1_syllabus_programs,informational_transactional,en,"https://humayounkobir.vercel.app/"
"cse admission arrays download",c1_syllabus_programs,informational_transactional,en,"https://humayounkobir.vercel.app/"
"learn cse admission arrays",c1_syllabus_programs,informational_transactional,en,"https://humayounkobir.vercel.app/"
"cse admission arrays learn",c1_syllabus_programs,informational_transactional,en,"https://humayounkobir.vercel.app/"
"study cse admission arrays",c1_syllabus_programs,informational_transactional,en,"https://humayounkobir.vercel.app/"
"cse admission arrays study",c1_syllabus_programs,informational_transactional,en,"https://humayounkobir.vercel.app/"
"compare cse admission arrays",c1_syllabus_programs,informational_transactional,en,"https://humayounkobir.vercel.app/"
"cse admission arrays compare",c1_syllabus_programs,informational_transactional,en,"https://humayounkobir.vercel.app/"
"practice cse admission arrays",c1_syllabus_programs,informational_transactional,en,"https://humayounkobir.vercel.app/"
"cse admission arrays practice",c1_syllabus_programs,informational_transactional,en,"https://humayounkobir.vercel.app/"
"copy cse admission arrays",c1_syllabus_programs,informational_transactional,en,"https://humayounkobir.vercel.app/"
"cse admission arrays copy",c1_syllabus_programs,informational_transactional,en,"https://humayounkobir.vercel.app/"
"read cse admission arrays",c1_syllabus_programs,informational_transactional,en,"https://humayounkobir.vercel.app/"
"cse admission arrays read",c1_syllabus_programs,informational_transactional,en,"https://humayounkobir.vercel.app/"
"view cse admission arrays",c1_syllabus_programs,informational_transactional,en,"https://humayounkobir.vercel.app/"
"cse admission arrays view",c1_syllabus_programs,informational_transactional,en,"https://humayounkobir.vercel.app/"
"run cse admission arrays",c1_syllabus_programs,informational_transactional,en,"https://humayounkobir.vercel.app/"
"cse admission arrays run",c1_syllabus_programs,informational_transactional,en,"https://humayounkobir.vercel.app/"
"prepare cse admission arrays",c1_syllabus_programs,informational_transactional,en,"https://humayounkobir.vercel.app/"
"cse admission arrays prepare",c1_syllabus_programs,informational_transactional,en,"https://humayounkobir.vercel.app/"
"solve cse admission arrays",c1_syllabus_programs,informational_transactional,en,"https://humayounkobir.vercel.app/"
"cse admission arrays solve",c1_syllabus_programs,informational_transactional,en,"https://humayounkobir.vercel.app/"
"cse admission pointers",c1_syllabus_programs,informational_transactional,en,"https://humayounkobir.vercel.app/"
"download cse admission pointers",c1_syllabus_programs,informational_transactional,en,"https://humayounkobir.vercel.app/"
"cse admission pointers download",c1_syllabus_programs,informational_transactional,en,"https://humayounkobir.vercel.app/"
"learn cse admission pointers",c1_syllabus_programs,informational_transactional,en,"https://humayounkobir.vercel.app/"
"cse admission pointers learn",c1_syllabus_programs,informational_transactional,en,"https://humayounkobir.vercel.app/"
"study cse admission pointers",c1_syllabus_programs,informational_transactional,en,"https://humayounkobir.vercel.app/"
"cse admission pointers study",c1_syllabus_programs,informational_transactional,en,"https://humayounkobir.vercel.app/"
"compare cse admission pointers",c1_syllabus_programs,informational_transactional,en,"https://humayounkobir.vercel.app/"
"cse admission pointers compare",c1_syllabus_programs,informational_transactional,en,"https://humayounkobir.vercel.app/"
"practice cse admission pointers",c1_syllabus_programs,informational_transactional,en,"https://humayounkobir.vercel.app/"
"cse admission pointers practice",c1_syllabus_programs,informational_transactional,en,"https://humayounkobir.vercel.app/"
"copy cse admission pointers",c1_syllabus_programs,informational_transactional,en,"https://humayounkobir.vercel.app/"
"cse admission pointers copy",c1_syllabus_programs,informational_transactional,en,"https://humayounkobir.vercel.app/"
"read cse admission pointers",c1_syllabus_programs,informational_transactional,en,"https://humayounkobir.vercel.app/"
"cse admission pointers read",c1_syllabus_programs,informational_transactional,en,"https://humayounkobir.vercel.app/"
"view cse admission pointers",c1_syllabus_programs,informational_transactional,en,"https://humayounkobir.vercel.app/"
"cse admission pointers view",c1_syllabus_programs,informational_transactional,en,"https://humayounkobir.vercel.app/"
"run cse admission pointers",c1_syllabus_programs,informational_transactional,en,"https://humayounkobir.vercel.app/"
"cse admission pointers run",c1_syllabus_programs,informational_transactional,en,"https://humayounkobir.vercel.app/"
"prepare cse admission pointers",c1_syllabus_programs,informational_transactional,en,"https://humayounkobir.vercel.app/"
"cse admission pointers prepare",c1_syllabus_programs,informational_transactional,en,"https://humayounkobir.vercel.app/"
"solve cse admission pointers",c1_syllabus_programs,informational_transactional,en,"https://humayounkobir.vercel.app/"
"cse admission pointers solve",c1_syllabus_programs,informational_transactional,en,"https://humayounkobir.vercel.app/"
"cse admission pdf",c1_syllabus_programs,informational_transactional,en,"https://humayounkobir.vercel.app/"
"download cse admission pdf",c1_syllabus_programs,informational_transactional,en,"https://humayounkobir.vercel.app/"
"cse admission pdf download",c1_syllabus_programs,informational_transactional,en,"https://humayounkobir.vercel.app/"
"learn cse admission pdf",c1_syllabus_programs,informational_transactional,en,"https://humayounkobir.vercel.app/"
"cse admission pdf learn",c1_syllabus_programs,informational_transactional,en,"https://humayounkobir.vercel.app/"
"study cse admission pdf",c1_syllabus_programs,informational_transactional,en,"https://humayounkobir.vercel.app/"
"cse admission pdf study",c1_syllabus_programs,informational_transactional,en,"https://humayounkobir.vercel.app/"
"compare cse admission pdf",c1_syllabus_programs,informational_transactional,en,"https://humayounkobir.vercel.app/"
"cse admission pdf compare",c1_syllabus_programs,informational_transactional,en,"https://humayounkobir.vercel.app/"
"practice cse admission pdf",c1_syllabus_programs,informational_transactional,en,"https://humayounkobir.vercel.app/"
"cse admission pdf practice",c1_syllabus_programs,informational_transactional,en,"https://humayounkobir.vercel.app/"
"copy cse admission pdf",c1_syllabus_programs,informational_transactional,en,"https://humayounkobir.vercel.app/"
"cse admission pdf copy",c1_syllabus_programs,informational_transactional,en,"https://humayounkobir.vercel.app/"
"read cse admission pdf",c1_syllabus_programs,informational_transactional,en,"https://humayounkobir.vercel.app/"
"cse admission pdf read",c1_syllabus_programs,informational_transactional,en,"https://humayounkobir.vercel.app/"
"view cse admission pdf",c1_syllabus_programs,informational_transactional,en,"https://humayounkobir.vercel.app/"
"cse admission pdf view",c1_syllabus_programs,informational_transactional,en,"https://humayounkobir.vercel.app/"
"run cse admission pdf",c1_syllabus_programs,informational_transactional,en,"https://humayounkobir.vercel.app/"
"cse admission pdf run",c1_syllabus_programs,informational_transactional,en,"https://humayounkobir.vercel.app/"
"prepare cse admission pdf",c1_syllabus_programs,informational_transactional,en,"https://humayounkobir.vercel.app/"
"cse admission pdf prepare",c1_syllabus_programs,informational_transactional,en,"https://humayounkobir.vercel.app/"
"solve cse admission pdf",c1_syllabus_programs,informational_transactional,en,"https://humayounkobir.vercel.app/"
"cse admission pdf solve",c1_syllabus_programs,informational_transactional,en,"https://humayounkobir.vercel.app/"
"cse admission book",c1_syllabus_programs,informational_transactional,en,"https://humayounkobir.vercel.app/"
"download cse admission book",c1_syllabus_programs,informational_transactional,en,"https://humayounkobir.vercel.app/"
"cse admission book download",c1_syllabus_programs,informational_transactional,en,"https://humayounkobir.vercel.app/"
"learn cse admission book",c1_syllabus_programs,informational_transactional,en,"https://humayounkobir.vercel.app/"
"cse admission book learn",c1_syllabus_programs,informational_transactional,en,"https://humayounkobir.vercel.app/"
"study cse admission book",c1_syllabus_programs,informational_transactional,en,"https://humayounkobir.vercel.app/"
"cse admission book study",c1_syllabus_programs,informational_transactional,en,"https://humayounkobir.vercel.app/"
"compare cse admission book",c1_syllabus_programs,informational_transactional,en,"https://humayounkobir.vercel.app/"
"cse admission book compare",c1_syllabus_programs,informational_transactional,en,"https://humayounkobir.vercel.app/"
"practice cse admission book",c1_syllabus_programs,informational_transactional,en,"https://humayounkobir.vercel.app/"
"cse admission book practice",c1_syllabus_programs,informational_transactional,en,"https://humayounkobir.vercel.app/"
"copy cse admission book",c1_syllabus_programs,informational_transactional,en,"https://humayounkobir.vercel.app/"
"cse admission book copy",c1_syllabus_programs,informational_transactional,en,"https://humayounkobir.vercel.app/"
"read cse admission book",c1_syllabus_programs,informational_transactional,en,"https://humayounkobir.vercel.app/"
"cse admission book read",c1_syllabus_programs,informational_transactional,en,"https://humayounkobir.vercel.app/"
"view cse admission book",c1_syllabus_programs,informational_transactional,en,"https://humayounkobir.vercel.app/"
"cse admission book view",c1_syllabus_programs,informational_transactional,en,"https://humayounkobir.vercel.app/"
"run cse admission book",c1_syllabus_programs,informational_transactional,en,"https://humayounkobir.vercel.app/"
"cse admission book run",c1_syllabus_programs,informational_transactional,en,"https://humayounkobir.vercel.app/"
"prepare cse admission book",c1_syllabus_programs,informational_transactional,en,"https://humayounkobir.vercel.app/"
"cse admission book prepare",c1_syllabus_programs,informational_transactional,en,"https://humayounkobir.vercel.app/"
"solve cse admission book",c1_syllabus_programs,informational_transactional,en,"https://humayounkobir.vercel.app/"
"cse admission book solve",c1_syllabus_programs,informational_transactional,en,"https://humayounkobir.vercel.app/"
"cse admission apk",c1_syllabus_programs,informational_transactional,en,"https://humayounkobir.vercel.app/"
"download cse admission apk",c1_syllabus_programs,informational_transactional,en,"https://humayounkobir.vercel.app/"
"cse admission apk download",c1_syllabus_programs,informational_transactional,en,"https://humayounkobir.vercel.app/"
"learn cse admission apk",c1_syllabus_programs,informational_transactional,en,"https://humayounkobir.vercel.app/"
"cse admission apk learn",c1_syllabus_programs,informational_transactional,en,"https://humayounkobir.vercel.app/"
"study cse admission apk",c1_syllabus_programs,informational_transactional,en,"https://humayounkobir.vercel.app/"
"cse admission apk study",c1_syllabus_programs,informational_transactional,en,"https://humayounkobir.vercel.app/"
"compare cse admission apk",c1_syllabus_programs,informational_transactional,en,"https://humayounkobir.vercel.app/"
"cse admission apk compare",c1_syllabus_programs,informational_transactional,en,"https://humayounkobir.vercel.app/"
"practice cse admission apk",c1_syllabus_programs,informational_transactional,en,"https://humayounkobir.vercel.app/"
"cse admission apk practice",c1_syllabus_programs,informational_transactional,en,"https://humayounkobir.vercel.app/"
"copy cse admission apk",c1_syllabus_programs,informational_transactional,en,"https://humayounkobir.vercel.app/"
"cse admission apk copy",c1_syllabus_programs,informational_transactional,en,"https://humayounkobir.vercel.app/"
"read cse admission apk",c1_syllabus_programs,informational_transactional,en,"https://humayounkobir.vercel.app/"
"cse admission apk read",c1_syllabus_programs,informational_transactional,en,"https://humayounkobir.vercel.app/"
"view cse admission apk",c1_syllabus_programs,informational_transactional,en,"https://humayounkobir.vercel.app/"
"cse admission apk view",c1_syllabus_programs,informational_transactional,en,"https://humayounkobir.vercel.app/"
"run cse admission apk",c1_syllabus_programs,informational_transactional,en,"https://humayounkobir.vercel.app/"
"cse admission apk run",c1_syllabus_programs,informational_transactional,en,"https://humayounkobir.vercel.app/"
"prepare cse admission apk",c1_syllabus_programs,informational_transactional,en,"https://humayounkobir.vercel.app/"
"cse admission apk prepare",c1_syllabus_programs,informational_transactional,en,"https://humayounkobir.vercel.app/"
"solve cse admission apk",c1_syllabus_programs,informational_transactional,en,"https://humayounkobir.vercel.app/"
"cse admission apk solve",c1_syllabus_programs,informational_transactional,en,"https://humayounkobir.vercel.app/"
"cse admission app",c1_syllabus_programs,informational_transactional,en,"https://humayounkobir.vercel.app/"
"download cse admission app",c1_syllabus_programs,informational_transactional,en,"https://humayounkobir.vercel.app/"
"cse admission app download",c1_syllabus_programs,informational_transactional,en,"https://humayounkobir.vercel.app/"
"learn cse admission app",c1_syllabus_programs,informational_transactional,en,"https://humayounkobir.vercel.app/"
"cse admission app learn",c1_syllabus_programs,informational_transactional,en,"https://humayounkobir.vercel.app/"
"study cse admission app",c1_syllabus_programs,informational_transactional,en,"https://humayounkobir.vercel.app/"
"cse admission app study",c1_syllabus_programs,informational_transactional,en,"https://humayounkobir.vercel.app/"
"compare cse admission app",c1_syllabus_programs,informational_transactional,en,"https://humayounkobir.vercel.app/"
"cse admission app compare",c1_syllabus_programs,informational_transactional,en,"https://humayounkobir.vercel.app/"
"practice cse admission app",c1_syllabus_programs,informational_transactional,en,"https://humayounkobir.vercel.app/"
"cse admission app practice",c1_syllabus_programs,informational_transactional,en,"https://humayounkobir.vercel.app/"
"copy cse admission app",c1_syllabus_programs,informational_transactional,en,"https://humayounkobir.vercel.app/"
"cse admission app copy",c1_syllabus_programs,informational_transactional,en,"https://humayounkobir.vercel.app/"
"read cse admission app",c1_syllabus_programs,informational_transactional,en,"https://humayounkobir.vercel.app/"
"cse admission app read",c1_syllabus_programs,informational_transactional,en,"https://humayounkobir.vercel.app/"
"view cse admission app",c1_syllabus_programs,informational_transactional,en,"https://humayounkobir.vercel.app/"
"cse admission app view",c1_syllabus_programs,informational_transactional,en,"https://humayounkobir.vercel.app/"
"run cse admission app",c1_syllabus_programs,informational_transactional,en,"https://humayounkobir.vercel.app/"
"cse admission app run",c1_syllabus_programs,informational_transactional,en,"https://humayounkobir.vercel.app/"
"prepare cse admission app",c1_syllabus_programs,informational_transactional,en,"https://humayounkobir.vercel.app/"
"cse admission app prepare",c1_syllabus_programs,informational_transactional,en,"https://humayounkobir.vercel.app/"
"solve cse admission app",c1_syllabus_programs,informational_transactional,en,"https://humayounkobir.vercel.app/"
"cse admission app solve",c1_syllabus_programs,informational_transactional,en,"https://humayounkobir.vercel.app/"
"cse admission notes",c1_syllabus_programs,informational_transactional,en,"https://humayounkobir.vercel.app/"
"download cse admission notes",c1_syllabus_programs,informational_transactional,en,"https://humayounkobir.vercel.app/"
"cse admission notes download",c1_syllabus_programs,informational_transactional,en,"https://humayounkobir.vercel.app/"
"learn cse admission notes",c1_syllabus_programs,informational_transactional,en,"https://humayounkobir.vercel.app/"
"cse admission notes learn",c1_syllabus_programs,informational_transactional,en,"https://humayounkobir.vercel.app/"
"study cse admission notes",c1_syllabus_programs,informational_transactional,en,"https://humayounkobir.vercel.app/"
"cse admission notes study",c1_syllabus_programs,informational_transactional,en,"https://humayounkobir.vercel.app/"
"compare cse admission notes",c1_syllabus_programs,informational_transactional,en,"https://humayounkobir.vercel.app/"
"cse admission notes compare",c1_syllabus_programs,informational_transactional,en,"https://humayounkobir.vercel.app/"
"practice cse admission notes",c1_syllabus_programs,informational_transactional,en,"https://humayounkobir.vercel.app/"
"cse admission notes practice",c1_syllabus_programs,informational_transactional,en,"https://humayounkobir.vercel.app/"
"copy cse admission notes",c1_syllabus_programs,informational_transactional,en,"https://humayounkobir.vercel.app/"
"cse admission notes copy",c1_syllabus_programs,informational_transactional,en,"https://humayounkobir.vercel.app/"
"read cse admission notes",c1_syllabus_programs,informational_transactional,en,"https://humayounkobir.vercel.app/"
"cse admission notes read",c1_syllabus_programs,informational_transactional,en,"https://humayounkobir.vercel.app/"
"view cse admission notes",c1_syllabus_programs,informational_transactional,en,"https://humayounkobir.vercel.app/"
"cse admission notes view",c1_syllabus_programs,informational_transactional,en,"https://humayounkobir.vercel.app/"
"run cse admission notes",c1_syllabus_programs,informational_transactional,en,"https://humayounkobir.vercel.app/"
"cse admission notes run",c1_syllabus_programs,informational_transactional,en,"https://humayounkobir.vercel.app/"
"prepare cse admission notes",c1_syllabus_programs,informational_transactional,en,"https://humayounkobir.vercel.app/"
"cse admission notes prepare",c1_syllabus_programs,informational_transactional,en,"https://humayounkobir.vercel.app/"
"solve cse admission notes",c1_syllabus_programs,informational_transactional,en,"https://humayounkobir.vercel.app/"
"cse admission notes solve",c1_syllabus_programs,informational_transactional,en,"https://humayounkobir.vercel.app/"
"cse admission solutions",c1_syllabus_programs,informational_transactional,en,"https://humayounkobir.vercel.app/"
"download cse admission solutions",c1_syllabus_programs,informational_transactional,en,"https://humayounkobir.vercel.app/"
"cse admission solutions download",c1_syllabus_programs,informational_transactional,en,"https://humayounkobir.vercel.app/"
"learn cse admission solutions",c1_syllabus_programs,informational_transactional,en,"https://humayounkobir.vercel.app/"
"cse admission solutions learn",c1_syllabus_programs,informational_transactional,en,"https://humayounkobir.vercel.app/"
"study cse admission solutions",c1_syllabus_programs,informational_transactional,en,"https://humayounkobir.vercel.app/"
"cse admission solutions study",c1_syllabus_programs,informational_transactional,en,"https://humayounkobir.vercel.app/"
"compare cse admission solutions",c1_syllabus_programs,informational_transactional,en,"https://humayounkobir.vercel.app/"
"cse admission solutions compare",c1_syllabus_programs,informational_transactional,en,"https://humayounkobir.vercel.app/"
"practice cse admission solutions",c1_syllabus_programs,informational_transactional,en,"https://humayounkobir.vercel.app/"
"cse admission solutions practice",c1_syllabus_programs,informational_transactional,en,"https://humayounkobir.vercel.app/"
"copy cse admission solutions",c1_syllabus_programs,informational_transactional,en,"https://humayounkobir.vercel.app/"
"cse admission solutions copy",c1_syllabus_programs,informational_transactional,en,"https://humayounkobir.vercel.app/"
"read cse admission solutions",c1_syllabus_programs,informational_transactional,en,"https://humayounkobir.vercel.app/"
"cse admission solutions read",c1_syllabus_programs,informational_transactional,en,"https://humayounkobir.vercel.app/"
"view cse admission solutions",c1_syllabus_programs,informational_transactional,en,"https://humayounkobir.vercel.app/"
"cse admission solutions view",c1_syllabus_programs,informational_transactional,en,"https://humayounkobir.vercel.app/"
"run cse admission solutions",c1_syllabus_programs,informational_transactional,en,"https://humayounkobir.vercel.app/"
"cse admission solutions run",c1_syllabus_programs,informational_transactional,en,"https://humayounkobir.vercel.app/"
"prepare cse admission solutions",c1_syllabus_programs,informational_transactional,en,"https://humayounkobir.vercel.app/"
"cse admission solutions prepare",c1_syllabus_programs,informational_transactional,en,"https://humayounkobir.vercel.app/"
"solve cse admission solutions",c1_syllabus_programs,informational_transactional,en,"https://humayounkobir.vercel.app/"
"cse admission solutions solve",c1_syllabus_programs,informational_transactional,en,"https://humayounkobir.vercel.app/"
"c programming programs",c1_syllabus_programs,informational_transactional,en,"https://humayounkobir.vercel.app/"
"download c programming programs",c1_syllabus_programs,informational_transactional,en,"https://humayounkobir.vercel.app/"
"c programming programs download",c1_syllabus_programs,informational_transactional,en,"https://humayounkobir.vercel.app/"
"learn c programming programs",c1_syllabus_programs,informational_transactional,en,"https://humayounkobir.vercel.app/"
"c programming programs learn",c1_syllabus_programs,informational_transactional,en,"https://humayounkobir.vercel.app/"
"study c programming programs",c1_syllabus_programs,informational_transactional,en,"https://humayounkobir.vercel.app/"
"c programming programs study",c1_syllabus_programs,informational_transactional,en,"https://humayounkobir.vercel.app/"
"compare c programming programs",c1_syllabus_programs,informational_transactional,en,"https://humayounkobir.vercel.app/"
"c programming programs compare",c1_syllabus_programs,informational_transactional,en,"https://humayounkobir.vercel.app/"
"practice c programming programs",c1_syllabus_programs,informational_transactional,en,"https://humayounkobir.vercel.app/"
"c programming programs practice",c1_syllabus_programs,informational_transactional,en,"https://humayounkobir.vercel.app/"
"copy c programming programs",c1_syllabus_programs,informational_transactional,en,"https://humayounkobir.vercel.app/"
"c programming programs copy",c1_syllabus_programs,informational_transactional,en,"https://humayounkobir.vercel.app/"
"read c programming programs",c1_syllabus_programs,informational_transactional,en,"https://humayounkobir.vercel.app/"
"c programming programs read",c1_syllabus_programs,informational_transactional,en,"https://humayounkobir.vercel.app/"
"view c programming programs",c1_syllabus_programs,informational_transactional,en,"https://humayounkobir.vercel.app/"
"c programming programs view",c1_syllabus_programs,informational_transactional,en,"https://humayounkobir.vercel.app/"
"run c programming programs",c1_syllabus_programs,informational_transactional,en,"https://humayounkobir.vercel.app/"
"c programming programs run",c1_syllabus_programs,informational_transactional,en,"https://humayounkobir.vercel.app/"
"prepare c programming programs",c1_syllabus_programs,informational_transactional,en,"https://humayounkobir.vercel.app/"
"c programming programs prepare",c1_syllabus_programs,informational_transactional,en,"https://humayounkobir.vercel.app/"
"solve c programming programs",c1_syllabus_programs,informational_transactional,en,"https://humayounkobir.vercel.app/"
"c programming programs solve",c1_syllabus_programs,informational_transactional,en,"https://humayounkobir.vercel.app/"
"c programming code",c1_syllabus_programs,informational_transactional,en,"https://humayounkobir.vercel.app/"
"download c programming code",c1_syllabus_programs,informational_transactional,en,"https://humayounkobir.vercel.app/"
"c programming code download",c1_syllabus_programs,informational_transactional,en,"https://humayounkobir.vercel.app/"
"learn c programming code",c1_syllabus_programs,informational_transactional,en,"https://humayounkobir.vercel.app/"
"c programming code learn",c1_syllabus_programs,informational_transactional,en,"https://humayounkobir.vercel.app/"
"study c programming code",c1_syllabus_programs,informational_transactional,en,"https://humayounkobir.vercel.app/"
"c programming code study",c1_syllabus_programs,informational_transactional,en,"https://humayounkobir.vercel.app/"
"compare c programming code",c1_syllabus_programs,informational_transactional,en,"https://humayounkobir.vercel.app/"
"c programming code compare",c1_syllabus_programs,informational_transactional,en,"https://humayounkobir.vercel.app/"
"practice c programming code",c1_syllabus_programs,informational_transactional,en,"https://humayounkobir.vercel.app/"
"c programming code practice",c1_syllabus_programs,informational_transactional,en,"https://humayounkobir.vercel.app/"
"copy c programming code",c1_syllabus_programs,informational_transactional,en,"https://humayounkobir.vercel.app/"
"c programming code copy",c1_syllabus_programs,informational_transactional,en,"https://humayounkobir.vercel.app/"
"read c programming code",c1_syllabus_programs,informational_transactional,en,"https://humayounkobir.vercel.app/"
"c programming code read",c1_syllabus_programs,informational_transactional,en,"https://humayounkobir.vercel.app/"
"view c programming code",c1_syllabus_programs,informational_transactional,en,"https://humayounkobir.vercel.app/"
"c programming code view",c1_syllabus_programs,informational_transactional,en,"https://humayounkobir.vercel.app/"
"run c programming code",c1_syllabus_programs,informational_transactional,en,"https://humayounkobir.vercel.app/"
"c programming code run",c1_syllabus_programs,informational_transactional,en,"https://humayounkobir.vercel.app/"
"prepare c programming code",c1_syllabus_programs,informational_transactional,en,"https://humayounkobir.vercel.app/"
"c programming code prepare",c1_syllabus_programs,informational_transactional,en,"https://humayounkobir.vercel.app/"
"solve c programming code",c1_syllabus_programs,informational_transactional,en,"https://humayounkobir.vercel.app/"
"c programming code solve",c1_syllabus_programs,informational_transactional,en,"https://humayounkobir.vercel.app/"
"c programming basic programs",c1_syllabus_programs,informational_transactional,en,"https://humayounkobir.vercel.app/"
"download c programming basic programs",c1_syllabus_programs,informational_transactional,en,"https://humayounkobir.vercel.app/"
"c programming basic programs download",c1_syllabus_programs,informational_transactional,en,"https://humayounkobir.vercel.app/"
"learn c programming basic programs",c1_syllabus_programs,informational_transactional,en,"https://humayounkobir.vercel.app/"
"c programming basic programs learn",c1_syllabus_programs,informational_transactional,en,"https://humayounkobir.vercel.app/"
"study c programming basic programs",c1_syllabus_programs,informational_transactional,en,"https://humayounkobir.vercel.app/"
"c programming basic programs study",c1_syllabus_programs,informational_transactional,en,"https://humayounkobir.vercel.app/"
"compare c programming basic programs",c1_syllabus_programs,informational_transactional,en,"https://humayounkobir.vercel.app/"
"c programming basic programs compare",c1_syllabus_programs,informational_transactional,en,"https://humayounkobir.vercel.app/"
"practice c programming basic programs",c1_syllabus_programs,informational_transactional,en,"https://humayounkobir.vercel.app/"
"c programming basic programs practice",c1_syllabus_programs,informational_transactional,en,"https://humayounkobir.vercel.app/"
"copy c programming basic programs",c1_syllabus_programs,informational_transactional,en,"https://humayounkobir.vercel.app/"
"c programming basic programs copy",c1_syllabus_programs,informational_transactional,en,"https://humayounkobir.vercel.app/"
"read c programming basic programs",c1_syllabus_programs,informational_transactional,en,"https://humayounkobir.vercel.app/"
"c programming basic programs read",c1_syllabus_programs,informational_transactional,en,"https://humayounkobir.vercel.app/"
"view c programming basic programs",c1_syllabus_programs,informational_transactional,en,"https://humayounkobir.vercel.app/"
"c programming basic programs view",c1_syllabus_programs,informational_transactional,en,"https://humayounkobir.vercel.app/"
"run c programming basic programs",c1_syllabus_programs,informational_transactional,en,"https://humayounkobir.vercel.app/"
"c programming basic programs run",c1_syllabus_programs,informational_transactional,en,"https://humayounkobir.vercel.app/"
"prepare c programming basic programs",c1_syllabus_programs,informational_transactional,en,"https://humayounkobir.vercel.app/"
"c programming basic programs prepare",c1_syllabus_programs,informational_transactional,en,"https://humayounkobir.vercel.app/"
"solve c programming basic programs",c1_syllabus_programs,informational_transactional,en,"https://humayounkobir.vercel.app/"
"c programming basic programs solve",c1_syllabus_programs,informational_transactional,en,"https://humayounkobir.vercel.app/"
"c programming syllabus",c1_syllabus_programs,informational_transactional,en,"https://humayounkobir.vercel.app/"
"download c programming syllabus",c1_syllabus_programs,informational_transactional,en,"https://humayounkobir.vercel.app/"
"c programming syllabus download",c1_syllabus_programs,informational_transactional,en,"https://humayounkobir.vercel.app/"
"learn c programming syllabus",c1_syllabus_programs,informational_transactional,en,"https://humayounkobir.vercel.app/"
"c programming syllabus learn",c1_syllabus_programs,informational_transactional,en,"https://humayounkobir.vercel.app/"
"study c programming syllabus",c1_syllabus_programs,informational_transactional,en,"https://humayounkobir.vercel.app/"
"c programming syllabus study",c1_syllabus_programs,informational_transactional,en,"https://humayounkobir.vercel.app/"
"compare c programming syllabus",c1_syllabus_programs,informational_transactional,en,"https://humayounkobir.vercel.app/"
"c programming syllabus compare",c1_syllabus_programs,informational_transactional,en,"https://humayounkobir.vercel.app/"
"practice c programming syllabus",c1_syllabus_programs,informational_transactional,en,"https://humayounkobir.vercel.app/"
"c programming syllabus practice",c1_syllabus_programs,informational_transactional,en,"https://humayounkobir.vercel.app/"
"copy c programming syllabus",c1_syllabus_programs,informational_transactional,en,"https://humayounkobir.vercel.app/"
"c programming syllabus copy",c1_syllabus_programs,informational_transactional,en,"https://humayounkobir.vercel.app/"
"read c programming syllabus",c1_syllabus_programs,informational_transactional,en,"https://humayounkobir.vercel.app/"
"c programming syllabus read",c1_syllabus_programs,informational_transactional,en,"https://humayounkobir.vercel.app/"
"view c programming syllabus",c1_syllabus_programs,informational_transactional,en,"https://humayounkobir.vercel.app/"
"c programming syllabus view",c1_syllabus_programs,informational_transactional,en,"https://humayounkobir.vercel.app/"
"run c programming syllabus",c1_syllabus_programs,informational_transactional,en,"https://humayounkobir.vercel.app/"
"c programming syllabus run",c1_syllabus_programs,informational_transactional,en,"https://humayounkobir.vercel.app/"
"prepare c programming syllabus",c1_syllabus_programs,informational_transactional,en,"https://humayounkobir.vercel.app/"
"c programming syllabus prepare",c1_syllabus_programs,informational_transactional,en,"https://humayounkobir.vercel.app/"
"solve c programming syllabus",c1_syllabus_programs,informational_transactional,en,"https://humayounkobir.vercel.app/"
"c programming syllabus solve",c1_syllabus_programs,informational_transactional,en,"https://humayounkobir.vercel.app/"
"c programming admission questions",c1_syllabus_programs,informational_transactional,en,"https://humayounkobir.vercel.app/"
"download c programming admission questions",c1_syllabus_programs,informational_transactional,en,"https://humayounkobir.vercel.app/"
"c programming admission questions download",c1_syllabus_programs,informational_transactional,en,"https://humayounkobir.vercel.app/"
"learn c programming admission questions",c1_syllabus_programs,informational_transactional,en,"https://humayounkobir.vercel.app/"
"c programming admission questions learn",c1_syllabus_programs,informational_transactional,en,"https://humayounkobir.vercel.app/"
"study c programming admission questions",c1_syllabus_programs,informational_transactional,en,"https://humayounkobir.vercel.app/"
"c programming admission questions study",c1_syllabus_programs,informational_transactional,en,"https://humayounkobir.vercel.app/"
"compare c programming admission questions",c1_syllabus_programs,informational_transactional,en,"https://humayounkobir.vercel.app/"
"c programming admission questions compare",c1_syllabus_programs,informational_transactional,en,"https://humayounkobir.vercel.app/"
"practice c programming admission questions",c1_syllabus_programs,informational_transactional,en,"https://humayounkobir.vercel.app/"
"c programming admission questions practice",c1_syllabus_programs,informational_transactional,en,"https://humayounkobir.vercel.app/"
"copy c programming admission questions",c1_syllabus_programs,informational_transactional,en,"https://humayounkobir.vercel.app/"
"c programming admission questions copy",c1_syllabus_programs,informational_transactional,en,"https://humayounkobir.vercel.app/"
"read c programming admission questions",c1_syllabus_programs,informational_transactional,en,"https://humayounkobir.vercel.app/"
"c programming admission questions read",c1_syllabus_programs,informational_transactional,en,"https://humayounkobir.vercel.app/"
"view c programming admission questions",c1_syllabus_programs,informational_transactional,en,"https://humayounkobir.vercel.app/"
"c programming admission questions view",c1_syllabus_programs,informational_transactional,en,"https://humayounkobir.vercel.app/"
"run c programming admission questions",c1_syllabus_programs,informational_transactional,en,"https://humayounkobir.vercel.app/"
"c programming admission questions run",c1_syllabus_programs,informational_transactional,en,"https://humayounkobir.vercel.app/"
"prepare c programming admission questions",c1_syllabus_programs,informational_transactional,en,"https://humayounkobir.vercel.app/"
"c programming admission questions prepare",c1_syllabus_programs,informational_transactional,en,"https://humayounkobir.vercel.app/"
"solve c programming admission questions",c1_syllabus_programs,informational_transactional,en,"https://humayounkobir.vercel.app/"
"c programming admission questions solve",c1_syllabus_programs,informational_transactional,en,"https://humayounkobir.vercel.app/"
"c programming pattern programs",c1_syllabus_programs,informational_transactional,en,"https://humayounkobir.vercel.app/"
"download c programming pattern programs",c1_syllabus_programs,informational_transactional,en,"https://humayounkobir.vercel.app/"
"c programming pattern programs download",c1_syllabus_programs,informational_transactional,en,"https://humayounkobir.vercel.app/"
"learn c programming pattern programs",c1_syllabus_programs,informational_transactional,en,"https://humayounkobir.vercel.app/"
"c programming pattern programs learn",c1_syllabus_programs,informational_transactional,en,"https://humayounkobir.vercel.app/"
"study c programming pattern programs",c1_syllabus_programs,informational_transactional,en,"https://humayounkobir.vercel.app/"
"c programming pattern programs study",c1_syllabus_programs,informational_transactional,en,"https://humayounkobir.vercel.app/"
"compare c programming pattern programs",c1_syllabus_programs,informational_transactional,en,"https://humayounkobir.vercel.app/"
"c programming pattern programs compare",c1_syllabus_programs,informational_transactional,en,"https://humayounkobir.vercel.app/"
"practice c programming pattern programs",c1_syllabus_programs,informational_transactional,en,"https://humayounkobir.vercel.app/"
"c programming pattern programs practice",c1_syllabus_programs,informational_transactional,en,"https://humayounkobir.vercel.app/"
"copy c programming pattern programs",c1_syllabus_programs,informational_transactional,en,"https://humayounkobir.vercel.app/"
"c programming pattern programs copy",c1_syllabus_programs,informational_transactional,en,"https://humayounkobir.vercel.app/"
"read c programming pattern programs",c1_syllabus_programs,informational_transactional,en,"https://humayounkobir.vercel.app/"
"c programming pattern programs read",c1_syllabus_programs,informational_transactional,en,"https://humayounkobir.vercel.app/"
"view c programming pattern programs",c1_syllabus_programs,informational_transactional,en,"https://humayounkobir.vercel.app/"
"c programming pattern programs view",c1_syllabus_programs,informational_transactional,en,"https://humayounkobir.vercel.app/"
"run c programming pattern programs",c1_syllabus_programs,informational_transactional,en,"https://humayounkobir.vercel.app/"
"c programming pattern programs run",c1_syllabus_programs,informational_transactional,en,"https://humayounkobir.vercel.app/"
"prepare c programming pattern programs",c1_syllabus_programs,informational_transactional,en,"https://humayounkobir.vercel.app/"
"c programming pattern programs prepare",c1_syllabus_programs,informational_transactional,en,"https://humayounkobir.vercel.app/"
"solve c programming pattern programs",c1_syllabus_programs,informational_transactional,en,"https://humayounkobir.vercel.app/"
"c programming pattern programs solve",c1_syllabus_programs,informational_transactional,en,"https://humayounkobir.vercel.app/"
"c programming series sum",c1_syllabus_programs,informational_transactional,en,"https://humayounkobir.vercel.app/"
"download c programming series sum",c1_syllabus_programs,informational_transactional,en,"https://humayounkobir.vercel.app/"
"c programming series sum download",c1_syllabus_programs,informational_transactional,en,"https://humayounkobir.vercel.app/"
"learn c programming series sum",c1_syllabus_programs,informational_transactional,en,"https://humayounkobir.vercel.app/"
"c programming series sum learn",c1_syllabus_programs,informational_transactional,en,"https://humayounkobir.vercel.app/"
"study c programming series sum",c1_syllabus_programs,informational_transactional,en,"https://humayounkobir.vercel.app/"
"c programming series sum study",c1_syllabus_programs,informational_transactional,en,"https://humayounkobir.vercel.app/"
"compare c programming series sum",c1_syllabus_programs,informational_transactional,en,"https://humayounkobir.vercel.app/"
"c programming series sum compare",c1_syllabus_programs,informational_transactional,en,"https://humayounkobir.vercel.app/"
"practice c programming series sum",c1_syllabus_programs,informational_transactional,en,"https://humayounkobir.vercel.app/"
"c programming series sum practice",c1_syllabus_programs,informational_transactional,en,"https://humayounkobir.vercel.app/"
"copy c programming series sum",c1_syllabus_programs,informational_transactional,en,"https://humayounkobir.vercel.app/"
"c programming series sum copy",c1_syllabus_programs,informational_transactional,en,"https://humayounkobir.vercel.app/"
"read c programming series sum",c1_syllabus_programs,informational_transactional,en,"https://humayounkobir.vercel.app/"
"c programming series sum read",c1_syllabus_programs,informational_transactional,en,"https://humayounkobir.vercel.app/"
"view c programming series sum",c1_syllabus_programs,informational_transactional,en,"https://humayounkobir.vercel.app/"
"c programming series sum view",c1_syllabus_programs,informational_transactional,en,"https://humayounkobir.vercel.app/"
"run c programming series sum",c1_syllabus_programs,informational_transactional,en,"https://humayounkobir.vercel.app/"
"c programming series sum run",c1_syllabus_programs,informational_transactional,en,"https://humayounkobir.vercel.app/"
"prepare c programming series sum",c1_syllabus_programs,informational_transactional,en,"https://humayounkobir.vercel.app/"
"c programming series sum prepare",c1_syllabus_programs,informational_transactional,en,"https://humayounkobir.vercel.app/"
"solve c programming series sum",c1_syllabus_programs,informational_transactional,en,"https://humayounkobir.vercel.app/"
"c programming series sum solve",c1_syllabus_programs,informational_transactional,en,"https://humayounkobir.vercel.app/"
"c programming loops",c1_syllabus_programs,informational_transactional,en,"https://humayounkobir.vercel.app/"
"download c programming loops",c1_syllabus_programs,informational_transactional,en,"https://humayounkobir.vercel.app/"
"c programming loops download",c1_syllabus_programs,informational_transactional,en,"https://humayounkobir.vercel.app/"
"learn c programming loops",c1_syllabus_programs,informational_transactional,en,"https://humayounkobir.vercel.app/"
"c programming loops learn",c1_syllabus_programs,informational_transactional,en,"https://humayounkobir.vercel.app/"
"study c programming loops",c1_syllabus_programs,informational_transactional,en,"https://humayounkobir.vercel.app/"
"c programming loops study",c1_syllabus_programs,informational_transactional,en,"https://humayounkobir.vercel.app/"
"compare c programming loops",c1_syllabus_programs,informational_transactional,en,"https://humayounkobir.vercel.app/"
"c programming loops compare",c1_syllabus_programs,informational_transactional,en,"https://humayounkobir.vercel.app/"
"practice c programming loops",c1_syllabus_programs,informational_transactional,en,"https://humayounkobir.vercel.app/"
"c programming loops practice",c1_syllabus_programs,informational_transactional,en,"https://humayounkobir.vercel.app/"
"copy c programming loops",c1_syllabus_programs,informational_transactional,en,"https://humayounkobir.vercel.app/"
"c programming loops copy",c1_syllabus_programs,informational_transactional,en,"https://humayounkobir.vercel.app/"
"read c programming loops",c1_syllabus_programs,informational_transactional,en,"https://humayounkobir.vercel.app/"
"c programming loops read",c1_syllabus_programs,informational_transactional,en,"https://humayounkobir.vercel.app/"
"view c programming loops",c1_syllabus_programs,informational_transactional,en,"https://humayounkobir.vercel.app/"
"c programming loops view",c1_syllabus_programs,informational_transactional,en,"https://humayounkobir.vercel.app/"
"run c programming loops",c1_syllabus_programs,informational_transactional,en,"https://humayounkobir.vercel.app/"
"c programming loops run",c1_syllabus_programs,informational_transactional,en,"https://humayounkobir.vercel.app/"
"prepare c programming loops",c1_syllabus_programs,informational_transactional,en,"https://humayounkobir.vercel.app/"
"c programming loops prepare",c1_syllabus_programs,informational_transactional,en,"https://humayounkobir.vercel.app/"
"solve c programming loops",c1_syllabus_programs,informational_transactional,en,"https://humayounkobir.vercel.app/"
"c programming loops solve",c1_syllabus_programs,informational_transactional,en,"https://humayounkobir.vercel.app/"
"c programming recursion",c1_syllabus_programs,informational_transactional,en,"https://humayounkobir.vercel.app/"
"download c programming recursion",c1_syllabus_programs,informational_transactional,en,"https://humayounkobir.vercel.app/"
"c programming recursion download",c1_syllabus_programs,informational_transactional,en,"https://humayounkobir.vercel.app/"
"learn c programming recursion",c1_syllabus_programs,informational_transactional,en,"https://humayounkobir.vercel.app/"
"c programming recursion learn",c1_syllabus_programs,informational_transactional,en,"https://humayounkobir.vercel.app/"
"study c programming recursion",c1_syllabus_programs,informational_transactional,en,"https://humayounkobir.vercel.app/"
"c programming recursion study",c1_syllabus_programs,informational_transactional,en,"https://humayounkobir.vercel.app/"
"compare c programming recursion",c1_syllabus_programs,informational_transactional,en,"https://humayounkobir.vercel.app/"
"c programming recursion compare",c1_syllabus_programs,informational_transactional,en,"https://humayounkobir.vercel.app/"
"practice c programming recursion",c1_syllabus_programs,informational_transactional,en,"https://humayounkobir.vercel.app/"
"c programming recursion practice",c1_syllabus_programs,informational_transactional,en,"https://humayounkobir.vercel.app/"
"copy c programming recursion",c1_syllabus_programs,informational_transactional,en,"https://humayounkobir.vercel.app/"
"c programming recursion copy",c1_syllabus_programs,informational_transactional,en,"https://humayounkobir.vercel.app/"
"read c programming recursion",c1_syllabus_programs,informational_transactional,en,"https://humayounkobir.vercel.app/"
"c programming recursion read",c1_syllabus_programs,informational_transactional,en,"https://humayounkobir.vercel.app/"
"view c programming recursion",c1_syllabus_programs,informational_transactional,en,"https://humayounkobir.vercel.app/"
"c programming recursion view",c1_syllabus_programs,informational_transactional,en,"https://humayounkobir.vercel.app/"
"run c programming recursion",c1_syllabus_programs,informational_transactional,en,"https://humayounkobir.vercel.app/"
"c programming recursion run",c1_syllabus_programs,informational_transactional,en,"https://humayounkobir.vercel.app/"
"prepare c programming recursion",c1_syllabus_programs,informational_transactional,en,"https://humayounkobir.vercel.app/"
"c programming recursion prepare",c1_syllabus_programs,informational_transactional,en,"https://humayounkobir.vercel.app/"
"solve c programming recursion",c1_syllabus_programs,informational_transactional,en,"https://humayounkobir.vercel.app/"
"c programming recursion solve",c1_syllabus_programs,informational_transactional,en,"https://humayounkobir.vercel.app/"
"c programming arrays",c1_syllabus_programs,informational_transactional,en,"https://humayounkobir.vercel.app/"
"download c programming arrays",c1_syllabus_programs,informational_transactional,en,"https://humayounkobir.vercel.app/"
"c programming arrays download",c1_syllabus_programs,informational_transactional,en,"https://humayounkobir.vercel.app/"
"learn c programming arrays",c1_syllabus_programs,informational_transactional,en,"https://humayounkobir.vercel.app/"
"c programming arrays learn",c1_syllabus_programs,informational_transactional,en,"https://humayounkobir.vercel.app/"
"study c programming arrays",c1_syllabus_programs,informational_transactional,en,"https://humayounkobir.vercel.app/"
"c programming arrays study",c1_syllabus_programs,informational_transactional,en,"https://humayounkobir.vercel.app/"
"compare c programming arrays",c1_syllabus_programs,informational_transactional,en,"https://humayounkobir.vercel.app/"
"c programming arrays compare",c1_syllabus_programs,informational_transactional,en,"https://humayounkobir.vercel.app/"
"practice c programming arrays",c1_syllabus_programs,informational_transactional,en,"https://humayounkobir.vercel.app/"
"c programming arrays practice",c1_syllabus_programs,informational_transactional,en,"https://humayounkobir.vercel.app/"
"copy c programming arrays",c1_syllabus_programs,informational_transactional,en,"https://humayounkobir.vercel.app/"
"c programming arrays copy",c1_syllabus_programs,informational_transactional,en,"https://humayounkobir.vercel.app/"
"read c programming arrays",c1_syllabus_programs,informational_transactional,en,"https://humayounkobir.vercel.app/"
"c programming arrays read",c1_syllabus_programs,informational_transactional,en,"https://humayounkobir.vercel.app/"
"view c programming arrays",c1_syllabus_programs,informational_transactional,en,"https://humayounkobir.vercel.app/"
"c programming arrays view",c1_syllabus_programs,informational_transactional,en,"https://humayounkobir.vercel.app/"
"run c programming arrays",c1_syllabus_programs,informational_transactional,en,"https://humayounkobir.vercel.app/"
"c programming arrays run",c1_syllabus_programs,informational_transactional,en,"https://humayounkobir.vercel.app/"
"prepare c programming arrays",c1_syllabus_programs,informational_transactional,en,"https://humayounkobir.vercel.app/"
"c programming arrays prepare",c1_syllabus_programs,informational_transactional,en,"https://humayounkobir.vercel.app/"
"solve c programming arrays",c1_syllabus_programs,informational_transactional,en,"https://humayounkobir.vercel.app/"
"c programming arrays solve",c1_syllabus_programs,informational_transactional,en,"https://humayounkobir.vercel.app/"
"c programming pointers",c1_syllabus_programs,informational_transactional,en,"https://humayounkobir.vercel.app/"
"download c programming pointers",c1_syllabus_programs,informational_transactional,en,"https://humayounkobir.vercel.app/"
"c programming pointers download",c1_syllabus_programs,informational_transactional,en,"https://humayounkobir.vercel.app/"
"learn c programming pointers",c1_syllabus_programs,informational_transactional,en,"https://humayounkobir.vercel.app/"
"c programming pointers learn",c1_syllabus_programs,informational_transactional,en,"https://humayounkobir.vercel.app/"
"study c programming pointers",c1_syllabus_programs,informational_transactional,en,"https://humayounkobir.vercel.app/"
"c programming pointers study",c1_syllabus_programs,informational_transactional,en,"https://humayounkobir.vercel.app/"
"compare c programming pointers",c1_syllabus_programs,informational_transactional,en,"https://humayounkobir.vercel.app/"
"c programming pointers compare",c1_syllabus_programs,informational_transactional,en,"https://humayounkobir.vercel.app/"
"practice c programming pointers",c1_syllabus_programs,informational_transactional,en,"https://humayounkobir.vercel.app/"
"c programming pointers practice",c1_syllabus_programs,informational_transactional,en,"https://humayounkobir.vercel.app/"
"copy c programming pointers",c1_syllabus_programs,informational_transactional,en,"https://humayounkobir.vercel.app/"
"c programming pointers copy",c1_syllabus_programs,informational_transactional,en,"https://humayounkobir.vercel.app/"
"read c programming pointers",c1_syllabus_programs,informational_transactional,en,"https://humayounkobir.vercel.app/"
"c programming pointers read",c1_syllabus_programs,informational_transactional,en,"https://humayounkobir.vercel.app/"
"view c programming pointers",c1_syllabus_programs,informational_transactional,en,"https://humayounkobir.vercel.app/"
"c programming pointers view",c1_syllabus_programs,informational_transactional,en,"https://humayounkobir.vercel.app/"
"run c programming pointers",c1_syllabus_programs,informational_transactional,en,"https://humayounkobir.vercel.app/"
"c programming pointers run",c1_syllabus_programs,informational_transactional,en,"https://humayounkobir.vercel.app/"
"prepare c programming pointers",c1_syllabus_programs,informational_transactional,en,"https://humayounkobir.vercel.app/"
"c programming pointers prepare",c1_syllabus_programs,informational_transactional,en,"https://humayounkobir.vercel.app/"
"solve c programming pointers",c1_syllabus_programs,informational_transactional,en,"https://humayounkobir.vercel.app/"
"c programming pointers solve",c1_syllabus_programs,informational_transactional,en,"https://humayounkobir.vercel.app/"
"c programming pdf",c1_syllabus_programs,informational_transactional,en,"https://humayounkobir.vercel.app/"
"download c programming pdf",c1_syllabus_programs,informational_transactional,en,"https://humayounkobir.vercel.app/"
"c programming pdf download",c1_syllabus_programs,informational_transactional,en,"https://humayounkobir.vercel.app/"
"learn c programming pdf",c1_syllabus_programs,informational_transactional,en,"https://humayounkobir.vercel.app/"
"c programming pdf learn",c1_syllabus_programs,informational_transactional,en,"https://humayounkobir.vercel.app/"
"study c programming pdf",c1_syllabus_programs,informational_transactional,en,"https://humayounkobir.vercel.app/"
"c programming pdf study",c1_syllabus_programs,informational_transactional,en,"https://humayounkobir.vercel.app/"
"compare c programming pdf",c1_syllabus_programs,informational_transactional,en,"https://humayounkobir.vercel.app/"
"c programming pdf compare",c1_syllabus_programs,informational_transactional,en,"https://humayounkobir.vercel.app/"
"practice c programming pdf",c1_syllabus_programs,informational_transactional,en,"https://humayounkobir.vercel.app/"
"c programming pdf practice",c1_syllabus_programs,informational_transactional,en,"https://humayounkobir.vercel.app/"
"copy c programming pdf",c1_syllabus_programs,informational_transactional,en,"https://humayounkobir.vercel.app/"
"c programming pdf copy",c1_syllabus_programs,informational_transactional,en,"https://humayounkobir.vercel.app/"
"read c programming pdf",c1_syllabus_programs,informational_transactional,en,"https://humayounkobir.vercel.app/"
"c programming pdf read",c1_syllabus_programs,informational_transactional,en,"https://humayounkobir.vercel.app/"
"view c programming pdf",c1_syllabus_programs,informational_transactional,en,"https://humayounkobir.vercel.app/"
"c programming pdf view",c1_syllabus_programs,informational_transactional,en,"https://humayounkobir.vercel.app/"
"run c programming pdf",c1_syllabus_programs,informational_transactional,en,"https://humayounkobir.vercel.app/"
"c programming pdf run",c1_syllabus_programs,informational_transactional,en,"https://humayounkobir.vercel.app/"
"prepare c programming pdf",c1_syllabus_programs,informational_transactional,en,"https://humayounkobir.vercel.app/"
"c programming pdf prepare",c1_syllabus_programs,informational_transactional,en,"https://humayounkobir.vercel.app/"
"solve c programming pdf",c1_syllabus_programs,informational_transactional,en,"https://humayounkobir.vercel.app/"
"c programming pdf solve",c1_syllabus_programs,informational_transactional,en,"https://humayounkobir.vercel.app/"
"c programming book",c1_syllabus_programs,informational_transactional,en,"https://humayounkobir.vercel.app/"
"download c programming book",c1_syllabus_programs,informational_transactional,en,"https://humayounkobir.vercel.app/"
"c programming book download",c1_syllabus_programs,informational_transactional,en,"https://humayounkobir.vercel.app/"
"learn c programming book",c1_syllabus_programs,informational_transactional,en,"https://humayounkobir.vercel.app/"
"c programming book learn",c1_syllabus_programs,informational_transactional,en,"https://humayounkobir.vercel.app/"
"study c programming book",c1_syllabus_programs,informational_transactional,en,"https://humayounkobir.vercel.app/"
"c programming book study",c1_syllabus_programs,informational_transactional,en,"https://humayounkobir.vercel.app/"
"compare c programming book",c1_syllabus_programs,informational_transactional,en,"https://humayounkobir.vercel.app/"
"c programming book compare",c1_syllabus_programs,informational_transactional,en,"https://humayounkobir.vercel.app/"
"practice c programming book",c1_syllabus_programs,informational_transactional,en,"https://humayounkobir.vercel.app/"
"c programming book practice",c1_syllabus_programs,informational_transactional,en,"https://humayounkobir.vercel.app/"
"copy c programming book",c1_syllabus_programs,informational_transactional,en,"https://humayounkobir.vercel.app/"
"c programming book copy",c1_syllabus_programs,informational_transactional,en,"https://humayounkobir.vercel.app/"
"read c programming book",c1_syllabus_programs,informational_transactional,en,"https://humayounkobir.vercel.app/"
"c programming book read",c1_syllabus_programs,informational_transactional,en,"https://humayounkobir.vercel.app/"
"view c programming book",c1_syllabus_programs,informational_transactional,en,"https://humayounkobir.vercel.app/"
"c programming book view",c1_syllabus_programs,informational_transactional,en,"https://humayounkobir.vercel.app/"
"run c programming book",c1_syllabus_programs,informational_transactional,en,"https://humayounkobir.vercel.app/"
"c programming book run",c1_syllabus_programs,informational_transactional,en,"https://humayounkobir.vercel.app/"
"prepare c programming book",c1_syllabus_programs,informational_transactional,en,"https://humayounkobir.vercel.app/"
"c programming book prepare",c1_syllabus_programs,informational_transactional,en,"https://humayounkobir.vercel.app/"
"solve c programming book",c1_syllabus_programs,informational_transactional,en,"https://humayounkobir.vercel.app/"
"c programming book solve",c1_syllabus_programs,informational_transactional,en,"https://humayounkobir.vercel.app/"
"c programming apk",c1_syllabus_programs,informational_transactional,en,"https://humayounkobir.vercel.app/"
"download c programming apk",c1_syllabus_programs,informational_transactional,en,"https://humayounkobir.vercel.app/"
"c programming apk download",c1_syllabus_programs,informational_transactional,en,"https://humayounkobir.vercel.app/"
"learn c programming apk",c1_syllabus_programs,informational_transactional,en,"https://humayounkobir.vercel.app/"
"c programming apk learn",c1_syllabus_programs,informational_transactional,en,"https://humayounkobir.vercel.app/"
"study c programming apk",c1_syllabus_programs,informational_transactional,en,"https://humayounkobir.vercel.app/"
"c programming apk study",c1_syllabus_programs,informational_transactional,en,"https://humayounkobir.vercel.app/"
"compare c programming apk",c1_syllabus_programs,informational_transactional,en,"https://humayounkobir.vercel.app/"
"c programming apk compare",c1_syllabus_programs,informational_transactional,en,"https://humayounkobir.vercel.app/"
"practice c programming apk",c1_syllabus_programs,informational_transactional,en,"https://humayounkobir.vercel.app/"
"c programming apk practice",c1_syllabus_programs,informational_transactional,en,"https://humayounkobir.vercel.app/"
"copy c programming apk",c1_syllabus_programs,informational_transactional,en,"https://humayounkobir.vercel.app/"
"c programming apk copy",c1_syllabus_programs,informational_transactional,en,"https://humayounkobir.vercel.app/"
"read c programming apk",c1_syllabus_programs,informational_transactional,en,"https://humayounkobir.vercel.app/"
"c programming apk read",c1_syllabus_programs,informational_transactional,en,"https://humayounkobir.vercel.app/"
"view c programming apk",c1_syllabus_programs,informational_transactional,en,"https://humayounkobir.vercel.app/"
"c programming apk view",c1_syllabus_programs,informational_transactional,en,"https://humayounkobir.vercel.app/"
"run c programming apk",c1_syllabus_programs,informational_transactional,en,"https://humayounkobir.vercel.app/"
"c programming apk run",c1_syllabus_programs,informational_transactional,en,"https://humayounkobir.vercel.app/"
"prepare c programming apk",c1_syllabus_programs,informational_transactional,en,"https://humayounkobir.vercel.app/"
"c programming apk prepare",c1_syllabus_programs,informational_transactional,en,"https://humayounkobir.vercel.app/"
"solve c programming apk",c1_syllabus_programs,informational_transactional,en,"https://humayounkobir.vercel.app/"
"c programming apk solve",c1_syllabus_programs,informational_transactional,en,"https://humayounkobir.vercel.app/"
"c programming app",c1_syllabus_programs,informational_transactional,en,"https://humayounkobir.vercel.app/"
"download c programming app",c1_syllabus_programs,informational_transactional,en,"https://humayounkobir.vercel.app/"
"c programming app download",c1_syllabus_programs,informational_transactional,en,"https://humayounkobir.vercel.app/"
"learn c programming app",c1_syllabus_programs,informational_transactional,en,"https://humayounkobir.vercel.app/"
"c programming app learn",c1_syllabus_programs,informational_transactional,en,"https://humayounkobir.vercel.app/"
"study c programming app",c1_syllabus_programs,informational_transactional,en,"https://humayounkobir.vercel.app/"
"c programming app study",c1_syllabus_programs,informational_transactional,en,"https://humayounkobir.vercel.app/"
"compare c programming app",c1_syllabus_programs,informational_transactional,en,"https://humayounkobir.vercel.app/"
"c programming app compare",c1_syllabus_programs,informational_transactional,en,"https://humayounkobir.vercel.app/"
"practice c programming app",c1_syllabus_programs,informational_transactional,en,"https://humayounkobir.vercel.app/"
"c programming app practice",c1_syllabus_programs,informational_transactional,en,"https://humayounkobir.vercel.app/"
"copy c programming app",c1_syllabus_programs,informational_transactional,en,"https://humayounkobir.vercel.app/"
"c programming app copy",c1_syllabus_programs,informational_transactional,en,"https://humayounkobir.vercel.app/"
"read c programming app",c1_syllabus_programs,informational_transactional,en,"https://humayounkobir.vercel.app/"
"c programming app read",c1_syllabus_programs,informational_transactional,en,"https://humayounkobir.vercel.app/"
"view c programming app",c1_syllabus_programs,informational_transactional,en,"https://humayounkobir.vercel.app/"
"c programming app view",c1_syllabus_programs,informational_transactional,en,"https://humayounkobir.vercel.app/"
"run c programming app",c1_syllabus_programs,informational_transactional,en,"https://humayounkobir.vercel.app/"
"c programming app run",c1_syllabus_programs,informational_transactional,en,"https://humayounkobir.vercel.app/"
"prepare c programming app",c1_syllabus_programs,informational_transactional,en,"https://humayounkobir.vercel.app/"
"c programming app prepare",c1_syllabus_programs,informational_transactional,en,"https://humayounkobir.vercel.app/"
"solve c programming app",c1_syllabus_programs,informational_transactional,en,"https://humayounkobir.vercel.app/"
"c programming app solve",c1_syllabus_programs,informational_transactional,en,"https://humayounkobir.vercel.app/"
"c programming notes",c1_syllabus_programs,informational_transactional,en,"https://humayounkobir.vercel.app/"
"download c programming notes",c1_syllabus_programs,informational_transactional,en,"https://humayounkobir.vercel.app/"
"c programming notes download",c1_syllabus_programs,informational_transactional,en,"https://humayounkobir.vercel.app/"
"learn c programming notes",c1_syllabus_programs,informational_transactional,en,"https://humayounkobir.vercel.app/"
"c programming notes learn",c1_syllabus_programs,informational_transactional,en,"https://humayounkobir.vercel.app/"
"study c programming notes",c1_syllabus_programs,informational_transactional,en,"https://humayounkobir.vercel.app/"
"c programming notes study",c1_syllabus_programs,informational_transactional,en,"https://humayounkobir.vercel.app/"
"compare c programming notes",c1_syllabus_programs,informational_transactional,en,"https://humayounkobir.vercel.app/"
"c programming notes compare",c1_syllabus_programs,informational_transactional,en,"https://humayounkobir.vercel.app/"
"practice c programming notes",c1_syllabus_programs,informational_transactional,en,"https://humayounkobir.vercel.app/"
"c programming notes practice",c1_syllabus_programs,informational_transactional,en,"https://humayounkobir.vercel.app/"
"copy c programming notes",c1_syllabus_programs,informational_transactional,en,"https://humayounkobir.vercel.app/"
"c programming notes copy",c1_syllabus_programs,informational_transactional,en,"https://humayounkobir.vercel.app/"
"read c programming notes",c1_syllabus_programs,informational_transactional,en,"https://humayounkobir.vercel.app/"
"c programming notes read",c1_syllabus_programs,informational_transactional,en,"https://humayounkobir.vercel.app/"
"view c programming notes",c1_syllabus_programs,informational_transactional,en,"https://humayounkobir.vercel.app/"
"c programming notes view",c1_syllabus_programs,informational_transactional,en,"https://humayounkobir.vercel.app/"
"run c programming notes",c1_syllabus_programs,informational_transactional,en,"https://humayounkobir.vercel.app/"
"c programming notes run",c1_syllabus_programs,informational_transactional,en,"https://humayounkobir.vercel.app/"
"prepare c programming notes",c1_syllabus_programs,informational_transactional,en,"https://humayounkobir.vercel.app/"
"c programming notes prepare",c1_syllabus_programs,informational_transactional,en,"https://humayounkobir.vercel.app/"
"solve c programming notes",c1_syllabus_programs,informational_transactional,en,"https://humayounkobir.vercel.app/"
"c programming notes solve",c1_syllabus_programs,informational_transactional,en,"https://humayounkobir.vercel.app/"
"c programming solutions",c1_syllabus_programs,informational_transactional,en,"https://humayounkobir.vercel.app/"
"download c programming solutions",c1_syllabus_programs,informational_transactional,en,"https://humayounkobir.vercel.app/"
"c programming solutions download",c1_syllabus_programs,informational_transactional,en,"https://humayounkobir.vercel.app/"
"learn c programming solutions",c1_syllabus_programs,informational_transactional,en,"https://humayounkobir.vercel.app/"
"c programming solutions learn",c1_syllabus_programs,informational_transactional,en,"https://humayounkobir.vercel.app/"
"study c programming solutions",c1_syllabus_programs,informational_transactional,en,"https://humayounkobir.vercel.app/"
"c programming solutions study",c1_syllabus_programs,informational_transactional,en,"https://humayounkobir.vercel.app/"
"compare c programming solutions",c1_syllabus_programs,informational_transactional,en,"https://humayounkobir.vercel.app/"
"c programming solutions compare",c1_syllabus_programs,informational_transactional,en,"https://humayounkobir.vercel.app/"
"practice c programming solutions",c1_syllabus_programs,informational_transactional,en,"https://humayounkobir.vercel.app/"
"c programming solutions practice",c1_syllabus_programs,informational_transactional,en,"https://humayounkobir.vercel.app/"
"copy c programming solutions",c1_syllabus_programs,informational_transactional,en,"https://humayounkobir.vercel.app/"
"c programming solutions copy",c1_syllabus_programs,informational_transactional,en,"https://humayounkobir.vercel.app/"
"read c programming solutions",c1_syllabus_programs,informational_transactional,en,"https://humayounkobir.vercel.app/"
"c programming solutions read",c1_syllabus_programs,informational_transactional,en,"https://humayounkobir.vercel.app/"
"view c programming solutions",c1_syllabus_programs,informational_transactional,en,"https://humayounkobir.vercel.app/"
"c programming solutions view",c1_syllabus_programs,informational_transactional,en,"https://humayounkobir.vercel.app/"
"run c programming solutions",c1_syllabus_programs,informational_transactional,en,"https://humayounkobir.vercel.app/"
"c programming solutions run",c1_syllabus_programs,informational_transactional,en,"https://humayounkobir.vercel.app/"
"prepare c programming solutions",c1_syllabus_programs,informational_transactional,en,"https://humayounkobir.vercel.app/"
"c programming solutions prepare",c1_syllabus_programs,informational_transactional,en,"https://humayounkobir.vercel.app/"
"solve c programming solutions",c1_syllabus_programs,informational_transactional,en,"https://humayounkobir.vercel.app/"
"c programming solutions solve",c1_syllabus_programs,informational_transactional,en,"https://humayounkobir.vercel.app/"
"cpp programs",c1_syllabus_programs,informational_transactional,en,"https://humayounkobir.vercel.app/"
"download cpp programs",c1_syllabus_programs,informational_transactional,en,"https://humayounkobir.vercel.app/"
"cpp programs download",c1_syllabus_programs,informational_transactional,en,"https://humayounkobir.vercel.app/"
"learn cpp programs",c1_syllabus_programs,informational_transactional,en,"https://humayounkobir.vercel.app/"
"cpp programs learn",c1_syllabus_programs,informational_transactional,en,"https://humayounkobir.vercel.app/"
"study cpp programs",c1_syllabus_programs,informational_transactional,en,"https://humayounkobir.vercel.app/"
"cpp programs study",c1_syllabus_programs,informational_transactional,en,"https://humayounkobir.vercel.app/"
"compare cpp programs",c1_syllabus_programs,informational_transactional,en,"https://humayounkobir.vercel.app/"
"cpp programs compare",c1_syllabus_programs,informational_transactional,en,"https://humayounkobir.vercel.app/"
"practice cpp programs",c1_syllabus_programs,informational_transactional,en,"https://humayounkobir.vercel.app/"
"cpp programs practice",c1_syllabus_programs,informational_transactional,en,"https://humayounkobir.vercel.app/"
"copy cpp programs",c1_syllabus_programs,informational_transactional,en,"https://humayounkobir.vercel.app/"
"cpp programs copy",c1_syllabus_programs,informational_transactional,en,"https://humayounkobir.vercel.app/"
"read cpp programs",c1_syllabus_programs,informational_transactional,en,"https://humayounkobir.vercel.app/"
"cpp programs read",c1_syllabus_programs,informational_transactional,en,"https://humayounkobir.vercel.app/"
"view cpp programs",c1_syllabus_programs,informational_transactional,en,"https://humayounkobir.vercel.app/"
"cpp programs view",c1_syllabus_programs,informational_transactional,en,"https://humayounkobir.vercel.app/"
"run cpp programs",c1_syllabus_programs,informational_transactional,en,"https://humayounkobir.vercel.app/"
"cpp programs run",c1_syllabus_programs,informational_transactional,en,"https://humayounkobir.vercel.app/"
"prepare cpp programs",c1_syllabus_programs,informational_transactional,en,"https://humayounkobir.vercel.app/"
"cpp programs prepare",c1_syllabus_programs,informational_transactional,en,"https://humayounkobir.vercel.app/"
"solve cpp programs",c1_syllabus_programs,informational_transactional,en,"https://humayounkobir.vercel.app/"
"cpp programs solve",c1_syllabus_programs,informational_transactional,en,"https://humayounkobir.vercel.app/"
"cpp code",c1_syllabus_programs,informational_transactional,en,"https://humayounkobir.vercel.app/"
"download cpp code",c1_syllabus_programs,informational_transactional,en,"https://humayounkobir.vercel.app/"
"cpp code download",c1_syllabus_programs,informational_transactional,en,"https://humayounkobir.vercel.app/"
"learn cpp code",c1_syllabus_programs,informational_transactional,en,"https://humayounkobir.vercel.app/"
"cpp code learn",c1_syllabus_programs,informational_transactional,en,"https://humayounkobir.vercel.app/"
"study cpp code",c1_syllabus_programs,informational_transactional,en,"https://humayounkobir.vercel.app/"
"cpp code study",c1_syllabus_programs,informational_transactional,en,"https://humayounkobir.vercel.app/"
"compare cpp code",c1_syllabus_programs,informational_transactional,en,"https://humayounkobir.vercel.app/"
"cpp code compare",c1_syllabus_programs,informational_transactional,en,"https://humayounkobir.vercel.app/"
"practice cpp code",c1_syllabus_programs,informational_transactional,en,"https://humayounkobir.vercel.app/"
"cpp code practice",c1_syllabus_programs,informational_transactional,en,"https://humayounkobir.vercel.app/"
"copy cpp code",c1_syllabus_programs,informational_transactional,en,"https://humayounkobir.vercel.app/"
"cpp code copy",c1_syllabus_programs,informational_transactional,en,"https://humayounkobir.vercel.app/"
"read cpp code",c1_syllabus_programs,informational_transactional,en,"https://humayounkobir.vercel.app/"
"cpp code read",c1_syllabus_programs,informational_transactional,en,"https://humayounkobir.vercel.app/"
"view cpp code",c1_syllabus_programs,informational_transactional,en,"https://humayounkobir.vercel.app/"
"cpp code view",c1_syllabus_programs,informational_transactional,en,"https://humayounkobir.vercel.app/"
"run cpp code",c1_syllabus_programs,informational_transactional,en,"https://humayounkobir.vercel.app/"
"cpp code run",c1_syllabus_programs,informational_transactional,en,"https://humayounkobir.vercel.app/"
"prepare cpp code",c1_syllabus_programs,informational_transactional,en,"https://humayounkobir.vercel.app/"
"cpp code prepare",c1_syllabus_programs,informational_transactional,en,"https://humayounkobir.vercel.app/"
"solve cpp code",c1_syllabus_programs,informational_transactional,en,"https://humayounkobir.vercel.app/"
"cpp code solve",c1_syllabus_programs,informational_transactional,en,"https://humayounkobir.vercel.app/"
"cpp basic programs",c1_syllabus_programs,informational_transactional,en,"https://humayounkobir.vercel.app/"
"download cpp basic programs",c1_syllabus_programs,informational_transactional,en,"https://humayounkobir.vercel.app/"
"cpp basic programs download",c1_syllabus_programs,informational_transactional,en,"https://humayounkobir.vercel.app/"
"learn cpp basic programs",c1_syllabus_programs,informational_transactional,en,"https://humayounkobir.vercel.app/"
"cpp basic programs learn",c1_syllabus_programs,informational_transactional,en,"https://humayounkobir.vercel.app/"
"study cpp basic programs",c1_syllabus_programs,informational_transactional,en,"https://humayounkobir.vercel.app/"
"cpp basic programs study",c1_syllabus_programs,informational_transactional,en,"https://humayounkobir.vercel.app/"
"compare cpp basic programs",c1_syllabus_programs,informational_transactional,en,"https://humayounkobir.vercel.app/"
"cpp basic programs compare",c1_syllabus_programs,informational_transactional,en,"https://humayounkobir.vercel.app/"
"practice cpp basic programs",c1_syllabus_programs,informational_transactional,en,"https://humayounkobir.vercel.app/"
"cpp basic programs practice",c1_syllabus_programs,informational_transactional,en,"https://humayounkobir.vercel.app/"
"copy cpp basic programs",c1_syllabus_programs,informational_transactional,en,"https://humayounkobir.vercel.app/"
"cpp basic programs copy",c1_syllabus_programs,informational_transactional,en,"https://humayounkobir.vercel.app/"
"read cpp basic programs",c1_syllabus_programs,informational_transactional,en,"https://humayounkobir.vercel.app/"
"cpp basic programs read",c1_syllabus_programs,informational_transactional,en,"https://humayounkobir.vercel.app/"
"view cpp basic programs",c1_syllabus_programs,informational_transactional,en,"https://humayounkobir.vercel.app/"
"cpp basic programs view",c1_syllabus_programs,informational_transactional,en,"https://humayounkobir.vercel.app/"
"run cpp basic programs",c1_syllabus_programs,informational_transactional,en,"https://humayounkobir.vercel.app/"
"cpp basic programs run",c1_syllabus_programs,informational_transactional,en,"https://humayounkobir.vercel.app/"
"prepare cpp basic programs",c1_syllabus_programs,informational_transactional,en,"https://humayounkobir.vercel.app/"
"cpp basic programs prepare",c1_syllabus_programs,informational_transactional,en,"https://humayounkobir.vercel.app/"
"solve cpp basic programs",c1_syllabus_programs,informational_transactional,en,"https://humayounkobir.vercel.app/"
"cpp basic programs solve",c1_syllabus_programs,informational_transactional,en,"https://humayounkobir.vercel.app/"
"cpp syllabus",c1_syllabus_programs,informational_transactional,en,"https://humayounkobir.vercel.app/"
"download cpp syllabus",c1_syllabus_programs,informational_transactional,en,"https://humayounkobir.vercel.app/"
"cpp syllabus download",c1_syllabus_programs,informational_transactional,en,"https://humayounkobir.vercel.app/"
"learn cpp syllabus",c1_syllabus_programs,informational_transactional,en,"https://humayounkobir.vercel.app/"
"cpp syllabus learn",c1_syllabus_programs,informational_transactional,en,"https://humayounkobir.vercel.app/"
"study cpp syllabus",c1_syllabus_programs,informational_transactional,en,"https://humayounkobir.vercel.app/"
"cpp syllabus study",c1_syllabus_programs,informational_transactional,en,"https://humayounkobir.vercel.app/"
"compare cpp syllabus",c1_syllabus_programs,informational_transactional,en,"https://humayounkobir.vercel.app/"
"cpp syllabus compare",c1_syllabus_programs,informational_transactional,en,"https://humayounkobir.vercel.app/"
"practice cpp syllabus",c1_syllabus_programs,informational_transactional,en,"https://humayounkobir.vercel.app/"
"cpp syllabus practice",c1_syllabus_programs,informational_transactional,en,"https://humayounkobir.vercel.app/"
"copy cpp syllabus",c1_syllabus_programs,informational_transactional,en,"https://humayounkobir.vercel.app/"
"cpp syllabus copy",c1_syllabus_programs,informational_transactional,en,"https://humayounkobir.vercel.app/"
"read cpp syllabus",c1_syllabus_programs,informational_transactional,en,"https://humayounkobir.vercel.app/"
"cpp syllabus read",c1_syllabus_programs,informational_transactional,en,"https://humayounkobir.vercel.app/"
"view cpp syllabus",c1_syllabus_programs,informational_transactional,en,"https://humayounkobir.vercel.app/"
"cpp syllabus view",c1_syllabus_programs,informational_transactional,en,"https://humayounkobir.vercel.app/"
"run cpp syllabus",c1_syllabus_programs,informational_transactional,en,"https://humayounkobir.vercel.app/"
"cpp syllabus run",c1_syllabus_programs,informational_transactional,en,"https://humayounkobir.vercel.app/"
"prepare cpp syllabus",c1_syllabus_programs,informational_transactional,en,"https://humayounkobir.vercel.app/"
"cpp syllabus prepare",c1_syllabus_programs,informational_transactional,en,"https://humayounkobir.vercel.app/"
"solve cpp syllabus",c1_syllabus_programs,informational_transactional,en,"https://humayounkobir.vercel.app/"
"cpp syllabus solve",c1_syllabus_programs,informational_transactional,en,"https://humayounkobir.vercel.app/"
"cpp admission questions",c1_syllabus_programs,informational_transactional,en,"https://humayounkobir.vercel.app/"
"download cpp admission questions",c1_syllabus_programs,informational_transactional,en,"https://humayounkobir.vercel.app/"
"cpp admission questions download",c1_syllabus_programs,informational_transactional,en,"https://humayounkobir.vercel.app/"
"learn cpp admission questions",c1_syllabus_programs,informational_transactional,en,"https://humayounkobir.vercel.app/"
"cpp admission questions learn",c1_syllabus_programs,informational_transactional,en,"https://humayounkobir.vercel.app/"
"study cpp admission questions",c1_syllabus_programs,informational_transactional,en,"https://humayounkobir.vercel.app/"
"cpp admission questions study",c1_syllabus_programs,informational_transactional,en,"https://humayounkobir.vercel.app/"
"compare cpp admission questions",c1_syllabus_programs,informational_transactional,en,"https://humayounkobir.vercel.app/"
"cpp admission questions compare",c1_syllabus_programs,informational_transactional,en,"https://humayounkobir.vercel.app/"
"practice cpp admission questions",c1_syllabus_programs,informational_transactional,en,"https://humayounkobir.vercel.app/"
"cpp admission questions practice",c1_syllabus_programs,informational_transactional,en,"https://humayounkobir.vercel.app/"
"copy cpp admission questions",c1_syllabus_programs,informational_transactional,en,"https://humayounkobir.vercel.app/"
"cpp admission questions copy",c1_syllabus_programs,informational_transactional,en,"https://humayounkobir.vercel.app/"
"read cpp admission questions",c1_syllabus_programs,informational_transactional,en,"https://humayounkobir.vercel.app/"
"cpp admission questions read",c1_syllabus_programs,informational_transactional,en,"https://humayounkobir.vercel.app/"
"view cpp admission questions",c1_syllabus_programs,informational_transactional,en,"https://humayounkobir.vercel.app/"
"cpp admission questions view",c1_syllabus_programs,informational_transactional,en,"https://humayounkobir.vercel.app/"
"run cpp admission questions",c1_syllabus_programs,informational_transactional,en,"https://humayounkobir.vercel.app/"
"cpp admission questions run",c1_syllabus_programs,informational_transactional,en,"https://humayounkobir.vercel.app/"
"prepare cpp admission questions",c1_syllabus_programs,informational_transactional,en,"https://humayounkobir.vercel.app/"
"cpp admission questions prepare",c1_syllabus_programs,informational_transactional,en,"https://humayounkobir.vercel.app/"
"solve cpp admission questions",c1_syllabus_programs,informational_transactional,en,"https://humayounkobir.vercel.app/"
"cpp admission questions solve",c1_syllabus_programs,informational_transactional,en,"https://humayounkobir.vercel.app/"
"cpp pattern programs",c1_syllabus_programs,informational_transactional,en,"https://humayounkobir.vercel.app/"
"download cpp pattern programs",c1_syllabus_programs,informational_transactional,en,"https://humayounkobir.vercel.app/"
"cpp pattern programs download",c1_syllabus_programs,informational_transactional,en,"https://humayounkobir.vercel.app/"
"learn cpp pattern programs",c1_syllabus_programs,informational_transactional,en,"https://humayounkobir.vercel.app/"
"cpp pattern programs learn",c1_syllabus_programs,informational_transactional,en,"https://humayounkobir.vercel.app/"
"study cpp pattern programs",c1_syllabus_programs,informational_transactional,en,"https://humayounkobir.vercel.app/"
"cpp pattern programs study",c1_syllabus_programs,informational_transactional,en,"https://humayounkobir.vercel.app/"
"compare cpp pattern programs",c1_syllabus_programs,informational_transactional,en,"https://humayounkobir.vercel.app/"
"cpp pattern programs compare",c1_syllabus_programs,informational_transactional,en,"https://humayounkobir.vercel.app/"
"practice cpp pattern programs",c1_syllabus_programs,informational_transactional,en,"https://humayounkobir.vercel.app/"
"cpp pattern programs practice",c1_syllabus_programs,informational_transactional,en,"https://humayounkobir.vercel.app/"
"copy cpp pattern programs",c1_syllabus_programs,informational_transactional,en,"https://humayounkobir.vercel.app/"
"cpp pattern programs copy",c1_syllabus_programs,informational_transactional,en,"https://humayounkobir.vercel.app/"
"read cpp pattern programs",c1_syllabus_programs,informational_transactional,en,"https://humayounkobir.vercel.app/"
"cpp pattern programs read",c1_syllabus_programs,informational_transactional,en,"https://humayounkobir.vercel.app/"
"view cpp pattern programs",c1_syllabus_programs,informational_transactional,en,"https://humayounkobir.vercel.app/"
"cpp pattern programs view",c1_syllabus_programs,informational_transactional,en,"https://humayounkobir.vercel.app/"
"run cpp pattern programs",c1_syllabus_programs,informational_transactional,en,"https://humayounkobir.vercel.app/"
"cpp pattern programs run",c1_syllabus_programs,informational_transactional,en,"https://humayounkobir.vercel.app/"
"prepare cpp pattern programs",c1_syllabus_programs,informational_transactional,en,"https://humayounkobir.vercel.app/"
"cpp pattern programs prepare",c1_syllabus_programs,informational_transactional,en,"https://humayounkobir.vercel.app/"
"solve cpp pattern programs",c1_syllabus_programs,informational_transactional,en,"https://humayounkobir.vercel.app/"
"cpp pattern programs solve",c1_syllabus_programs,informational_transactional,en,"https://humayounkobir.vercel.app/"
"cpp series sum",c1_syllabus_programs,informational_transactional,en,"https://humayounkobir.vercel.app/"
"download cpp series sum",c1_syllabus_programs,informational_transactional,en,"https://humayounkobir.vercel.app/"
"cpp series sum download",c1_syllabus_programs,informational_transactional,en,"https://humayounkobir.vercel.app/"
"learn cpp series sum",c1_syllabus_programs,informational_transactional,en,"https://humayounkobir.vercel.app/"
"cpp series sum learn",c1_syllabus_programs,informational_transactional,en,"https://humayounkobir.vercel.app/"
"study cpp series sum",c1_syllabus_programs,informational_transactional,en,"https://humayounkobir.vercel.app/"
"cpp series sum study",c1_syllabus_programs,informational_transactional,en,"https://humayounkobir.vercel.app/"
"compare cpp series sum",c1_syllabus_programs,informational_transactional,en,"https://humayounkobir.vercel.app/"
"cpp series sum compare",c1_syllabus_programs,informational_transactional,en,"https://humayounkobir.vercel.app/"
"practice cpp series sum",c1_syllabus_programs,informational_transactional,en,"https://humayounkobir.vercel.app/"
"cpp series sum practice",c1_syllabus_programs,informational_transactional,en,"https://humayounkobir.vercel.app/"
"copy cpp series sum",c1_syllabus_programs,informational_transactional,en,"https://humayounkobir.vercel.app/"
"cpp series sum copy",c1_syllabus_programs,informational_transactional,en,"https://humayounkobir.vercel.app/"
"read cpp series sum",c1_syllabus_programs,informational_transactional,en,"https://humayounkobir.vercel.app/"
"cpp series sum read",c1_syllabus_programs,informational_transactional,en,"https://humayounkobir.vercel.app/"
"view cpp series sum",c1_syllabus_programs,informational_transactional,en,"https://humayounkobir.vercel.app/"
"cpp series sum view",c1_syllabus_programs,informational_transactional,en,"https://humayounkobir.vercel.app/"
"run cpp series sum",c1_syllabus_programs,informational_transactional,en,"https://humayounkobir.vercel.app/"
"cpp series sum run",c1_syllabus_programs,informational_transactional,en,"https://humayounkobir.vercel.app/"
"prepare cpp series sum",c1_syllabus_programs,informational_transactional,en,"https://humayounkobir.vercel.app/"
"cpp series sum prepare",c1_syllabus_programs,informational_transactional,en,"https://humayounkobir.vercel.app/"
"solve cpp series sum",c1_syllabus_programs,informational_transactional,en,"https://humayounkobir.vercel.app/"
"cpp series sum solve",c1_syllabus_programs,informational_transactional,en,"https://humayounkobir.vercel.app/"
"cpp loops",c1_syllabus_programs,informational_transactional,en,"https://humayounkobir.vercel.app/"
"download cpp loops",c1_syllabus_programs,informational_transactional,en,"https://humayounkobir.vercel.app/"
"cpp loops download",c1_syllabus_programs,informational_transactional,en,"https://humayounkobir.vercel.app/"
"learn cpp loops",c1_syllabus_programs,informational_transactional,en,"https://humayounkobir.vercel.app/"
"cpp loops learn",c1_syllabus_programs,informational_transactional,en,"https://humayounkobir.vercel.app/"
"study cpp loops",c1_syllabus_programs,informational_transactional,en,"https://humayounkobir.vercel.app/"
"cpp loops study",c1_syllabus_programs,informational_transactional,en,"https://humayounkobir.vercel.app/"
"compare cpp loops",c1_syllabus_programs,informational_transactional,en,"https://humayounkobir.vercel.app/"
"cpp loops compare",c1_syllabus_programs,informational_transactional,en,"https://humayounkobir.vercel.app/"
"practice cpp loops",c1_syllabus_programs,informational_transactional,en,"https://humayounkobir.vercel.app/"
"cpp loops practice",c1_syllabus_programs,informational_transactional,en,"https://humayounkobir.vercel.app/"
"copy cpp loops",c1_syllabus_programs,informational_transactional,en,"https://humayounkobir.vercel.app/"
"cpp loops copy",c1_syllabus_programs,informational_transactional,en,"https://humayounkobir.vercel.app/"
"read cpp loops",c1_syllabus_programs,informational_transactional,en,"https://humayounkobir.vercel.app/"
"cpp loops read",c1_syllabus_programs,informational_transactional,en,"https://humayounkobir.vercel.app/"
"view cpp loops",c1_syllabus_programs,informational_transactional,en,"https://humayounkobir.vercel.app/"
"cpp loops view",c1_syllabus_programs,informational_transactional,en,"https://humayounkobir.vercel.app/"
"run cpp loops",c1_syllabus_programs,informational_transactional,en,"https://humayounkobir.vercel.app/"
"cpp loops run",c1_syllabus_programs,informational_transactional,en,"https://humayounkobir.vercel.app/"
"prepare cpp loops",c1_syllabus_programs,informational_transactional,en,"https://humayounkobir.vercel.app/"
"cpp loops prepare",c1_syllabus_programs,informational_transactional,en,"https://humayounkobir.vercel.app/"
"solve cpp loops",c1_syllabus_programs,informational_transactional,en,"https://humayounkobir.vercel.app/"
"cpp loops solve",c1_syllabus_programs,informational_transactional,en,"https://humayounkobir.vercel.app/"
"cpp recursion",c1_syllabus_programs,informational_transactional,en,"https://humayounkobir.vercel.app/"
"download cpp recursion",c1_syllabus_programs,informational_transactional,en,"https://humayounkobir.vercel.app/"
"cpp recursion download",c1_syllabus_programs,informational_transactional,en,"https://humayounkobir.vercel.app/"
"learn cpp recursion",c1_syllabus_programs,informational_transactional,en,"https://humayounkobir.vercel.app/"
"cpp recursion learn",c1_syllabus_programs,informational_transactional,en,"https://humayounkobir.vercel.app/"
"study cpp recursion",c1_syllabus_programs,informational_transactional,en,"https://humayounkobir.vercel.app/"
"cpp recursion study",c1_syllabus_programs,informational_transactional,en,"https://humayounkobir.vercel.app/"
"compare cpp recursion",c1_syllabus_programs,informational_transactional,en,"https://humayounkobir.vercel.app/"
"cpp recursion compare",c1_syllabus_programs,informational_transactional,en,"https://humayounkobir.vercel.app/"
"practice cpp recursion",c1_syllabus_programs,informational_transactional,en,"https://humayounkobir.vercel.app/"
"cpp recursion practice",c1_syllabus_programs,informational_transactional,en,"https://humayounkobir.vercel.app/"
"copy cpp recursion",c1_syllabus_programs,informational_transactional,en,"https://humayounkobir.vercel.app/"
"cpp recursion copy",c1_syllabus_programs,informational_transactional,en,"https://humayounkobir.vercel.app/"
"read cpp recursion",c1_syllabus_programs,informational_transactional,en,"https://humayounkobir.vercel.app/"
"cpp recursion read",c1_syllabus_programs,informational_transactional,en,"https://humayounkobir.vercel.app/"
"view cpp recursion",c1_syllabus_programs,informational_transactional,en,"https://humayounkobir.vercel.app/"
"cpp recursion view",c1_syllabus_programs,informational_transactional,en,"https://humayounkobir.vercel.app/"
"run cpp recursion",c1_syllabus_programs,informational_transactional,en,"https://humayounkobir.vercel.app/"
"cpp recursion run",c1_syllabus_programs,informational_transactional,en,"https://humayounkobir.vercel.app/"
"prepare cpp recursion",c1_syllabus_programs,informational_transactional,en,"https://humayounkobir.vercel.app/"
"cpp recursion prepare",c1_syllabus_programs,informational_transactional,en,"https://humayounkobir.vercel.app/"
"solve cpp recursion",c1_syllabus_programs,informational_transactional,en,"https://humayounkobir.vercel.app/"
"cpp recursion solve",c1_syllabus_programs,informational_transactional,en,"https://humayounkobir.vercel.app/"
"cpp arrays",c1_syllabus_programs,informational_transactional,en,"https://humayounkobir.vercel.app/"
"download cpp arrays",c1_syllabus_programs,informational_transactional,en,"https://humayounkobir.vercel.app/"
"cpp arrays download",c1_syllabus_programs,informational_transactional,en,"https://humayounkobir.vercel.app/"
"learn cpp arrays",c1_syllabus_programs,informational_transactional,en,"https://humayounkobir.vercel.app/"
"cpp arrays learn",c1_syllabus_programs,informational_transactional,en,"https://humayounkobir.vercel.app/"
"study cpp arrays",c1_syllabus_programs,informational_transactional,en,"https://humayounkobir.vercel.app/"
"cpp arrays study",c1_syllabus_programs,informational_transactional,en,"https://humayounkobir.vercel.app/"
"compare cpp arrays",c1_syllabus_programs,informational_transactional,en,"https://humayounkobir.vercel.app/"
"cpp arrays compare",c1_syllabus_programs,informational_transactional,en,"https://humayounkobir.vercel.app/"
"practice cpp arrays",c1_syllabus_programs,informational_transactional,en,"https://humayounkobir.vercel.app/"
"cpp arrays practice",c1_syllabus_programs,informational_transactional,en,"https://humayounkobir.vercel.app/"
"copy cpp arrays",c1_syllabus_programs,informational_transactional,en,"https://humayounkobir.vercel.app/"
"cpp arrays copy",c1_syllabus_programs,informational_transactional,en,"https://humayounkobir.vercel.app/"
"read cpp arrays",c1_syllabus_programs,informational_transactional,en,"https://humayounkobir.vercel.app/"
"cpp arrays read",c1_syllabus_programs,informational_transactional,en,"https://humayounkobir.vercel.app/"
"view cpp arrays",c1_syllabus_programs,informational_transactional,en,"https://humayounkobir.vercel.app/"
"cpp arrays view",c1_syllabus_programs,informational_transactional,en,"https://humayounkobir.vercel.app/"
"run cpp arrays",c1_syllabus_programs,informational_transactional,en,"https://humayounkobir.vercel.app/"
"cpp arrays run",c1_syllabus_programs,informational_transactional,en,"https://humayounkobir.vercel.app/"
"prepare cpp arrays",c1_syllabus_programs,informational_transactional,en,"https://humayounkobir.vercel.app/"
"cpp arrays prepare",c1_syllabus_programs,informational_transactional,en,"https://humayounkobir.vercel.app/"
"solve cpp arrays",c1_syllabus_programs,informational_transactional,en,"https://humayounkobir.vercel.app/"
"cpp arrays solve",c1_syllabus_programs,informational_transactional,en,"https://humayounkobir.vercel.app/"
"cpp pointers",c1_syllabus_programs,informational_transactional,en,"https://humayounkobir.vercel.app/"
"download cpp pointers",c1_syllabus_programs,informational_transactional,en,"https://humayounkobir.vercel.app/"
"cpp pointers download",c1_syllabus_programs,informational_transactional,en,"https://humayounkobir.vercel.app/"
"learn cpp pointers",c1_syllabus_programs,informational_transactional,en,"https://humayounkobir.vercel.app/"
"cpp pointers learn",c1_syllabus_programs,informational_transactional,en,"https://humayounkobir.vercel.app/"
"study cpp pointers",c1_syllabus_programs,informational_transactional,en,"https://humayounkobir.vercel.app/"
"cpp pointers study",c1_syllabus_programs,informational_transactional,en,"https://humayounkobir.vercel.app/"
"compare cpp pointers",c1_syllabus_programs,informational_transactional,en,"https://humayounkobir.vercel.app/"
"cpp pointers compare",c1_syllabus_programs,informational_transactional,en,"https://humayounkobir.vercel.app/"
"practice cpp pointers",c1_syllabus_programs,informational_transactional,en,"https://humayounkobir.vercel.app/"
"cpp pointers practice",c1_syllabus_programs,informational_transactional,en,"https://humayounkobir.vercel.app/"
"copy cpp pointers",c1_syllabus_programs,informational_transactional,en,"https://humayounkobir.vercel.app/"
"cpp pointers copy",c1_syllabus_programs,informational_transactional,en,"https://humayounkobir.vercel.app/"
"read cpp pointers",c1_syllabus_programs,informational_transactional,en,"https://humayounkobir.vercel.app/"
"cpp pointers read",c1_syllabus_programs,informational_transactional,en,"https://humayounkobir.vercel.app/"
"view cpp pointers",c1_syllabus_programs,informational_transactional,en,"https://humayounkobir.vercel.app/"
"cpp pointers view",c1_syllabus_programs,informational_transactional,en,"https://humayounkobir.vercel.app/"
"run cpp pointers",c1_syllabus_programs,informational_transactional,en,"https://humayounkobir.vercel.app/"
"cpp pointers run",c1_syllabus_programs,informational_transactional,en,"https://humayounkobir.vercel.app/"
"prepare cpp pointers",c1_syllabus_programs,informational_transactional,en,"https://humayounkobir.vercel.app/"
"cpp pointers prepare",c1_syllabus_programs,informational_transactional,en,"https://humayounkobir.vercel.app/"
"solve cpp pointers",c1_syllabus_programs,informational_transactional,en,"https://humayounkobir.vercel.app/"
"cpp pointers solve",c1_syllabus_programs,informational_transactional,en,"https://humayounkobir.vercel.app/"
"cpp pdf",c1_syllabus_programs,informational_transactional,en,"https://humayounkobir.vercel.app/"
"download cpp pdf",c1_syllabus_programs,informational_transactional,en,"https://humayounkobir.vercel.app/"
"cpp pdf download",c1_syllabus_programs,informational_transactional,en,"https://humayounkobir.vercel.app/"
"learn cpp pdf",c1_syllabus_programs,informational_transactional,en,"https://humayounkobir.vercel.app/"
"cpp pdf learn",c1_syllabus_programs,informational_transactional,en,"https://humayounkobir.vercel.app/"
"study cpp pdf",c1_syllabus_programs,informational_transactional,en,"https://humayounkobir.vercel.app/"
"cpp pdf study",c1_syllabus_programs,informational_transactional,en,"https://humayounkobir.vercel.app/"
"compare cpp pdf",c1_syllabus_programs,informational_transactional,en,"https://humayounkobir.vercel.app/"
"cpp pdf compare",c1_syllabus_programs,informational_transactional,en,"https://humayounkobir.vercel.app/"
"practice cpp pdf",c1_syllabus_programs,informational_transactional,en,"https://humayounkobir.vercel.app/"
"cpp pdf practice",c1_syllabus_programs,informational_transactional,en,"https://humayounkobir.vercel.app/"
"copy cpp pdf",c1_syllabus_programs,informational_transactional,en,"https://humayounkobir.vercel.app/"
"cpp pdf copy",c1_syllabus_programs,informational_transactional,en,"https://humayounkobir.vercel.app/"
"read cpp pdf",c1_syllabus_programs,informational_transactional,en,"https://humayounkobir.vercel.app/"
"cpp pdf read",c1_syllabus_programs,informational_transactional,en,"https://humayounkobir.vercel.app/"
"view cpp pdf",c1_syllabus_programs,informational_transactional,en,"https://humayounkobir.vercel.app/"
"cpp pdf view",c1_syllabus_programs,informational_transactional,en,"https://humayounkobir.vercel.app/"
"run cpp pdf",c1_syllabus_programs,informational_transactional,en,"https://humayounkobir.vercel.app/"
"cpp pdf run",c1_syllabus_programs,informational_transactional,en,"https://humayounkobir.vercel.app/"
"prepare cpp pdf",c1_syllabus_programs,informational_transactional,en,"https://humayounkobir.vercel.app/"
"cpp pdf prepare",c1_syllabus_programs,informational_transactional,en,"https://humayounkobir.vercel.app/"
"solve cpp pdf",c1_syllabus_programs,informational_transactional,en,"https://humayounkobir.vercel.app/"
"cpp pdf solve",c1_syllabus_programs,informational_transactional,en,"https://humayounkobir.vercel.app/"
"cpp book",c1_syllabus_programs,informational_transactional,en,"https://humayounkobir.vercel.app/"
"download cpp book",c1_syllabus_programs,informational_transactional,en,"https://humayounkobir.vercel.app/"
"cpp book download",c1_syllabus_programs,informational_transactional,en,"https://humayounkobir.vercel.app/"
"learn cpp book",c1_syllabus_programs,informational_transactional,en,"https://humayounkobir.vercel.app/"
"cpp book learn",c1_syllabus_programs,informational_transactional,en,"https://humayounkobir.vercel.app/"
"study cpp book",c1_syllabus_programs,informational_transactional,en,"https://humayounkobir.vercel.app/"
"cpp book study",c1_syllabus_programs,informational_transactional,en,"https://humayounkobir.vercel.app/"
"compare cpp book",c1_syllabus_programs,informational_transactional,en,"https://humayounkobir.vercel.app/"
"cpp book compare",c1_syllabus_programs,informational_transactional,en,"https://humayounkobir.vercel.app/"
"practice cpp book",c1_syllabus_programs,informational_transactional,en,"https://humayounkobir.vercel.app/"
"cpp book practice",c1_syllabus_programs,informational_transactional,en,"https://humayounkobir.vercel.app/"
"copy cpp book",c1_syllabus_programs,informational_transactional,en,"https://humayounkobir.vercel.app/"
"cpp book copy",c1_syllabus_programs,informational_transactional,en,"https://humayounkobir.vercel.app/"
"read cpp book",c1_syllabus_programs,informational_transactional,en,"https://humayounkobir.vercel.app/"
"cpp book read",c1_syllabus_programs,informational_transactional,en,"https://humayounkobir.vercel.app/"
"view cpp book",c1_syllabus_programs,informational_transactional,en,"https://humayounkobir.vercel.app/"
"cpp book view",c1_syllabus_programs,informational_transactional,en,"https://humayounkobir.vercel.app/"
"run cpp book",c1_syllabus_programs,informational_transactional,en,"https://humayounkobir.vercel.app/"
"cpp book run",c1_syllabus_programs,informational_transactional,en,"https://humayounkobir.vercel.app/"
"prepare cpp book",c1_syllabus_programs,informational_transactional,en,"https://humayounkobir.vercel.app/"
"cpp book prepare",c1_syllabus_programs,informational_transactional,en,"https://humayounkobir.vercel.app/"
"solve cpp book",c1_syllabus_programs,informational_transactional,en,"https://humayounkobir.vercel.app/"
"cpp book solve",c1_syllabus_programs,informational_transactional,en,"https://humayounkobir.vercel.app/"
"cpp apk",c1_syllabus_programs,informational_transactional,en,"https://humayounkobir.vercel.app/"
"download cpp apk",c1_syllabus_programs,informational_transactional,en,"https://humayounkobir.vercel.app/"
"cpp apk download",c1_syllabus_programs,informational_transactional,en,"https://humayounkobir.vercel.app/"
"learn cpp apk",c1_syllabus_programs,informational_transactional,en,"https://humayounkobir.vercel.app/"
"cpp apk learn",c1_syllabus_programs,informational_transactional,en,"https://humayounkobir.vercel.app/"
"study cpp apk",c1_syllabus_programs,informational_transactional,en,"https://humayounkobir.vercel.app/"
"cpp apk study",c1_syllabus_programs,informational_transactional,en,"https://humayounkobir.vercel.app/"
"compare cpp apk",c1_syllabus_programs,informational_transactional,en,"https://humayounkobir.vercel.app/"
"cpp apk compare",c1_syllabus_programs,informational_transactional,en,"https://humayounkobir.vercel.app/"
"practice cpp apk",c1_syllabus_programs,informational_transactional,en,"https://humayounkobir.vercel.app/"
"cpp apk practice",c1_syllabus_programs,informational_transactional,en,"https://humayounkobir.vercel.app/"
"copy cpp apk",c1_syllabus_programs,informational_transactional,en,"https://humayounkobir.vercel.app/"
"cpp apk copy",c1_syllabus_programs,informational_transactional,en,"https://humayounkobir.vercel.app/"
"read cpp apk",c1_syllabus_programs,informational_transactional,en,"https://humayounkobir.vercel.app/"
"cpp apk read",c1_syllabus_programs,informational_transactional,en,"https://humayounkobir.vercel.app/"
"view cpp apk",c1_syllabus_programs,informational_transactional,en,"https://humayounkobir.vercel.app/"
"cpp apk view",c1_syllabus_programs,informational_transactional,en,"https://humayounkobir.vercel.app/"
"run cpp apk",c1_syllabus_programs,informational_transactional,en,"https://humayounkobir.vercel.app/"
"cpp apk run",c1_syllabus_programs,informational_transactional,en,"https://humayounkobir.vercel.app/"
"prepare cpp apk",c1_syllabus_programs,informational_transactional,en,"https://humayounkobir.vercel.app/"
"cpp apk prepare",c1_syllabus_programs,informational_transactional,en,"https://humayounkobir.vercel.app/"
"solve cpp apk",c1_syllabus_programs,informational_transactional,en,"https://humayounkobir.vercel.app/"
"cpp apk solve",c1_syllabus_programs,informational_transactional,en,"https://humayounkobir.vercel.app/"
"cpp app",c1_syllabus_programs,informational_transactional,en,"https://humayounkobir.vercel.app/"
"download cpp app",c1_syllabus_programs,informational_transactional,en,"https://humayounkobir.vercel.app/"
"cpp app download",c1_syllabus_programs,informational_transactional,en,"https://humayounkobir.vercel.app/"
"learn cpp app",c1_syllabus_programs,informational_transactional,en,"https://humayounkobir.vercel.app/"
"cpp app learn",c1_syllabus_programs,informational_transactional,en,"https://humayounkobir.vercel.app/"
"study cpp app",c1_syllabus_programs,informational_transactional,en,"https://humayounkobir.vercel.app/"
"cpp app study",c1_syllabus_programs,informational_transactional,en,"https://humayounkobir.vercel.app/"
"compare cpp app",c1_syllabus_programs,informational_transactional,en,"https://humayounkobir.vercel.app/"
"cpp app compare",c1_syllabus_programs,informational_transactional,en,"https://humayounkobir.vercel.app/"
"practice cpp app",c1_syllabus_programs,informational_transactional,en,"https://humayounkobir.vercel.app/"
"cpp app practice",c1_syllabus_programs,informational_transactional,en,"https://humayounkobir.vercel.app/"
"copy cpp app",c1_syllabus_programs,informational_transactional,en,"https://humayounkobir.vercel.app/"
"cpp app copy",c1_syllabus_programs,informational_transactional,en,"https://humayounkobir.vercel.app/"
"read cpp app",c1_syllabus_programs,informational_transactional,en,"https://humayounkobir.vercel.app/"
"cpp app read",c1_syllabus_programs,informational_transactional,en,"https://humayounkobir.vercel.app/"
"view cpp app",c1_syllabus_programs,informational_transactional,en,"https://humayounkobir.vercel.app/"
"cpp app view",c1_syllabus_programs,informational_transactional,en,"https://humayounkobir.vercel.app/"
"run cpp app",c1_syllabus_programs,informational_transactional,en,"https://humayounkobir.vercel.app/"
"cpp app run",c1_syllabus_programs,informational_transactional,en,"https://humayounkobir.vercel.app/"
"prepare cpp app",c1_syllabus_programs,informational_transactional,en,"https://humayounkobir.vercel.app/"
"cpp app prepare",c1_syllabus_programs,informational_transactional,en,"https://humayounkobir.vercel.app/"
"solve cpp app",c1_syllabus_programs,informational_transactional,en,"https://humayounkobir.vercel.app/"
"cpp app solve",c1_syllabus_programs,informational_transactional,en,"https://humayounkobir.vercel.app/"
"cpp notes",c1_syllabus_programs,informational_transactional,en,"https://humayounkobir.vercel.app/"
"download cpp notes",c1_syllabus_programs,informational_transactional,en,"https://humayounkobir.vercel.app/"
"cpp notes download",c1_syllabus_programs,informational_transactional,en,"https://humayounkobir.vercel.app/"
"learn cpp notes",c1_syllabus_programs,informational_transactional,en,"https://humayounkobir.vercel.app/"
"cpp notes learn",c1_syllabus_programs,informational_transactional,en,"https://humayounkobir.vercel.app/"
"study cpp notes",c1_syllabus_programs,informational_transactional,en,"https://humayounkobir.vercel.app/"
"cpp notes study",c1_syllabus_programs,informational_transactional,en,"https://humayounkobir.vercel.app/"
"compare cpp notes",c1_syllabus_programs,informational_transactional,en,"https://humayounkobir.vercel.app/"
"cpp notes compare",c1_syllabus_programs,informational_transactional,en,"https://humayounkobir.vercel.app/"
"practice cpp notes",c1_syllabus_programs,informational_transactional,en,"https://humayounkobir.vercel.app/"
"cpp notes practice",c1_syllabus_programs,informational_transactional,en,"https://humayounkobir.vercel.app/"
"copy cpp notes",c1_syllabus_programs,informational_transactional,en,"https://humayounkobir.vercel.app/"
"cpp notes copy",c1_syllabus_programs,informational_transactional,en,"https://humayounkobir.vercel.app/"
"read cpp notes",c1_syllabus_programs,informational_transactional,en,"https://humayounkobir.vercel.app/"
"cpp notes read",c1_syllabus_programs,informational_transactional,en,"https://humayounkobir.vercel.app/"
"view cpp notes",c1_syllabus_programs,informational_transactional,en,"https://humayounkobir.vercel.app/"
"cpp notes view",c1_syllabus_programs,informational_transactional,en,"https://humayounkobir.vercel.app/"
"run cpp notes",c1_syllabus_programs,informational_transactional,en,"https://humayounkobir.vercel.app/"
"cpp notes run",c1_syllabus_programs,informational_transactional,en,"https://humayounkobir.vercel.app/"
"prepare cpp notes",c1_syllabus_programs,informational_transactional,en,"https://humayounkobir.vercel.app/"
"cpp notes prepare",c1_syllabus_programs,informational_transactional,en,"https://humayounkobir.vercel.app/"
"solve cpp notes",c1_syllabus_programs,informational_transactional,en,"https://humayounkobir.vercel.app/"
"cpp notes solve",c1_syllabus_programs,informational_transactional,en,"https://humayounkobir.vercel.app/"
"cpp solutions",c1_syllabus_programs,informational_transactional,en,"https://humayounkobir.vercel.app/"
"download cpp solutions",c1_syllabus_programs,informational_transactional,en,"https://humayounkobir.vercel.app/"
"cpp solutions download",c1_syllabus_programs,informational_transactional,en,"https://humayounkobir.vercel.app/"
"learn cpp solutions",c1_syllabus_programs,informational_transactional,en,"https://humayounkobir.vercel.app/"
"cpp solutions learn",c1_syllabus_programs,informational_transactional,en,"https://humayounkobir.vercel.app/"
"study cpp solutions",c1_syllabus_programs,informational_transactional,en,"https://humayounkobir.vercel.app/"
"cpp solutions study",c1_syllabus_programs,informational_transactional,en,"https://humayounkobir.vercel.app/"
"compare cpp solutions",c1_syllabus_programs,informational_transactional,en,"https://humayounkobir.vercel.app/"
"cpp solutions compare",c1_syllabus_programs,informational_transactional,en,"https://humayounkobir.vercel.app/"
"practice cpp solutions",c1_syllabus_programs,informational_transactional,en,"https://humayounkobir.vercel.app/"
"cpp solutions practice",c1_syllabus_programs,informational_transactional,en,"https://humayounkobir.vercel.app/"
"copy cpp solutions",c1_syllabus_programs,informational_transactional,en,"https://humayounkobir.vercel.app/"
"cpp solutions copy",c1_syllabus_programs,informational_transactional,en,"https://humayounkobir.vercel.app/"
"read cpp solutions",c1_syllabus_programs,informational_transactional,en,"https://humayounkobir.vercel.app/"
"cpp solutions read",c1_syllabus_programs,informational_transactional,en,"https://humayounkobir.vercel.app/"
"view cpp solutions",c1_syllabus_programs,informational_transactional,en,"https://humayounkobir.vercel.app/"
"cpp solutions view",c1_syllabus_programs,informational_transactional,en,"https://humayounkobir.vercel.app/"
"run cpp solutions",c1_syllabus_programs,informational_transactional,en,"https://humayounkobir.vercel.app/"
"cpp solutions run",c1_syllabus_programs,informational_transactional,en,"https://humayounkobir.vercel.app/"
"prepare cpp solutions",c1_syllabus_programs,informational_transactional,en,"https://humayounkobir.vercel.app/"
"cpp solutions prepare",c1_syllabus_programs,informational_transactional,en,"https://humayounkobir.vercel.app/"
"solve cpp solutions",c1_syllabus_programs,informational_transactional,en,"https://humayounkobir.vercel.app/"
"cpp solutions solve",c1_syllabus_programs,informational_transactional,en,"https://humayounkobir.vercel.app/"
"c++ programs",c1_syllabus_programs,informational_transactional,en,"https://humayounkobir.vercel.app/"
"download c++ programs",c1_syllabus_programs,informational_transactional,en,"https://humayounkobir.vercel.app/"
"c++ programs download",c1_syllabus_programs,informational_transactional,en,"https://humayounkobir.vercel.app/"
"learn c++ programs",c1_syllabus_programs,informational_transactional,en,"https://humayounkobir.vercel.app/"
"c++ programs learn",c1_syllabus_programs,informational_transactional,en,"https://humayounkobir.vercel.app/"
"study c++ programs",c1_syllabus_programs,informational_transactional,en,"https://humayounkobir.vercel.app/"
"c++ programs study",c1_syllabus_programs,informational_transactional,en,"https://humayounkobir.vercel.app/"
"compare c++ programs",c1_syllabus_programs,informational_transactional,en,"https://humayounkobir.vercel.app/"
"c++ programs compare",c1_syllabus_programs,informational_transactional,en,"https://humayounkobir.vercel.app/"
"practice c++ programs",c1_syllabus_programs,informational_transactional,en,"https://humayounkobir.vercel.app/"
"c++ programs practice",c1_syllabus_programs,informational_transactional,en,"https://humayounkobir.vercel.app/"
"copy c++ programs",c1_syllabus_programs,informational_transactional,en,"https://humayounkobir.vercel.app/"
"c++ programs copy",c1_syllabus_programs,informational_transactional,en,"https://humayounkobir.vercel.app/"
"read c++ programs",c1_syllabus_programs,informational_transactional,en,"https://humayounkobir.vercel.app/"
"c++ programs read",c1_syllabus_programs,informational_transactional,en,"https://humayounkobir.vercel.app/"
"view c++ programs",c1_syllabus_programs,informational_transactional,en,"https://humayounkobir.vercel.app/"
"c++ programs view",c1_syllabus_programs,informational_transactional,en,"https://humayounkobir.vercel.app/"
"run c++ programs",c1_syllabus_programs,informational_transactional,en,"https://humayounkobir.vercel.app/"
"c++ programs run",c1_syllabus_programs,informational_transactional,en,"https://humayounkobir.vercel.app/"
"prepare c++ programs",c1_syllabus_programs,informational_transactional,en,"https://humayounkobir.vercel.app/"
"c++ programs prepare",c1_syllabus_programs,informational_transactional,en,"https://humayounkobir.vercel.app/"
"solve c++ programs",c1_syllabus_programs,informational_transactional,en,"https://humayounkobir.vercel.app/"
"c++ programs solve",c1_syllabus_programs,informational_transactional,en,"https://humayounkobir.vercel.app/"
"c++ code",c1_syllabus_programs,informational_transactional,en,"https://humayounkobir.vercel.app/"
"download c++ code",c1_syllabus_programs,informational_transactional,en,"https://humayounkobir.vercel.app/"
"c++ code download",c1_syllabus_programs,informational_transactional,en,"https://humayounkobir.vercel.app/"
"learn c++ code",c1_syllabus_programs,informational_transactional,en,"https://humayounkobir.vercel.app/"
"c++ code learn",c1_syllabus_programs,informational_transactional,en,"https://humayounkobir.vercel.app/"
"study c++ code",c1_syllabus_programs,informational_transactional,en,"https://humayounkobir.vercel.app/"
"c++ code study",c1_syllabus_programs,informational_transactional,en,"https://humayounkobir.vercel.app/"
"compare c++ code",c1_syllabus_programs,informational_transactional,en,"https://humayounkobir.vercel.app/"
"c++ code compare",c1_syllabus_programs,informational_transactional,en,"https://humayounkobir.vercel.app/"
"practice c++ code",c1_syllabus_programs,informational_transactional,en,"https://humayounkobir.vercel.app/"
"c++ code practice",c1_syllabus_programs,informational_transactional,en,"https://humayounkobir.vercel.app/"
"copy c++ code",c1_syllabus_programs,informational_transactional,en,"https://humayounkobir.vercel.app/"
"c++ code copy",c1_syllabus_programs,informational_transactional,en,"https://humayounkobir.vercel.app/"
"read c++ code",c1_syllabus_programs,informational_transactional,en,"https://humayounkobir.vercel.app/"
"c++ code read",c1_syllabus_programs,informational_transactional,en,"https://humayounkobir.vercel.app/"
"view c++ code",c1_syllabus_programs,informational_transactional,en,"https://humayounkobir.vercel.app/"
"c++ code view",c1_syllabus_programs,informational_transactional,en,"https://humayounkobir.vercel.app/"
"run c++ code",c1_syllabus_programs,informational_transactional,en,"https://humayounkobir.vercel.app/"
"c++ code run",c1_syllabus_programs,informational_transactional,en,"https://humayounkobir.vercel.app/"
"prepare c++ code",c1_syllabus_programs,informational_transactional,en,"https://humayounkobir.vercel.app/"
"c++ code prepare",c1_syllabus_programs,informational_transactional,en,"https://humayounkobir.vercel.app/"
"solve c++ code",c1_syllabus_programs,informational_transactional,en,"https://humayounkobir.vercel.app/"
"c++ code solve",c1_syllabus_programs,informational_transactional,en,"https://humayounkobir.vercel.app/"
"c++ basic programs",c1_syllabus_programs,informational_transactional,en,"https://humayounkobir.vercel.app/"
"download c++ basic programs",c1_syllabus_programs,informational_transactional,en,"https://humayounkobir.vercel.app/"
"c++ basic programs download",c1_syllabus_programs,informational_transactional,en,"https://humayounkobir.vercel.app/"
"learn c++ basic programs",c1_syllabus_programs,informational_transactional,en,"https://humayounkobir.vercel.app/"
"c++ basic programs learn",c1_syllabus_programs,informational_transactional,en,"https://humayounkobir.vercel.app/"
"study c++ basic programs",c1_syllabus_programs,informational_transactional,en,"https://humayounkobir.vercel.app/"
"c++ basic programs study",c1_syllabus_programs,informational_transactional,en,"https://humayounkobir.vercel.app/"
"compare c++ basic programs",c1_syllabus_programs,informational_transactional,en,"https://humayounkobir.vercel.app/"
"c++ basic programs compare",c1_syllabus_programs,informational_transactional,en,"https://humayounkobir.vercel.app/"
"practice c++ basic programs",c1_syllabus_programs,informational_transactional,en,"https://humayounkobir.vercel.app/"
"c++ basic programs practice",c1_syllabus_programs,informational_transactional,en,"https://humayounkobir.vercel.app/"
"copy c++ basic programs",c1_syllabus_programs,informational_transactional,en,"https://humayounkobir.vercel.app/"
"c++ basic programs copy",c1_syllabus_programs,informational_transactional,en,"https://humayounkobir.vercel.app/"
"read c++ basic programs",c1_syllabus_programs,informational_transactional,en,"https://humayounkobir.vercel.app/"
"c++ basic programs read",c1_syllabus_programs,informational_transactional,en,"https://humayounkobir.vercel.app/"
"view c++ basic programs",c1_syllabus_programs,informational_transactional,en,"https://humayounkobir.vercel.app/"
"c++ basic programs view",c1_syllabus_programs,informational_transactional,en,"https://humayounkobir.vercel.app/"
"run c++ basic programs",c1_syllabus_programs,informational_transactional,en,"https://humayounkobir.vercel.app/"
"c++ basic programs run",c1_syllabus_programs,informational_transactional,en,"https://humayounkobir.vercel.app/"
"prepare c++ basic programs",c1_syllabus_programs,informational_transactional,en,"https://humayounkobir.vercel.app/"
"c++ basic programs prepare",c1_syllabus_programs,informational_transactional,en,"https://humayounkobir.vercel.app/"
"solve c++ basic programs",c1_syllabus_programs,informational_transactional,en,"https://humayounkobir.vercel.app/"
"c++ basic programs solve",c1_syllabus_programs,informational_transactional,en,"https://humayounkobir.vercel.app/"
"c++ syllabus",c1_syllabus_programs,informational_transactional,en,"https://humayounkobir.vercel.app/"
"download c++ syllabus",c1_syllabus_programs,informational_transactional,en,"https://humayounkobir.vercel.app/"
"c++ syllabus download",c1_syllabus_programs,informational_transactional,en,"https://humayounkobir.vercel.app/"
"learn c++ syllabus",c1_syllabus_programs,informational_transactional,en,"https://humayounkobir.vercel.app/"
"c++ syllabus learn",c1_syllabus_programs,informational_transactional,en,"https://humayounkobir.vercel.app/"
"study c++ syllabus",c1_syllabus_programs,informational_transactional,en,"https://humayounkobir.vercel.app/"
"c++ syllabus study",c1_syllabus_programs,informational_transactional,en,"https://humayounkobir.vercel.app/"
"compare c++ syllabus",c1_syllabus_programs,informational_transactional,en,"https://humayounkobir.vercel.app/"
"c++ syllabus compare",c1_syllabus_programs,informational_transactional,en,"https://humayounkobir.vercel.app/"
"practice c++ syllabus",c1_syllabus_programs,informational_transactional,en,"https://humayounkobir.vercel.app/"
"c++ syllabus practice",c1_syllabus_programs,informational_transactional,en,"https://humayounkobir.vercel.app/"
"copy c++ syllabus",c1_syllabus_programs,informational_transactional,en,"https://humayounkobir.vercel.app/"
"c++ syllabus copy",c1_syllabus_programs,informational_transactional,en,"https://humayounkobir.vercel.app/"
"read c++ syllabus",c1_syllabus_programs,informational_transactional,en,"https://humayounkobir.vercel.app/"
"c++ syllabus read",c1_syllabus_programs,informational_transactional,en,"https://humayounkobir.vercel.app/"
"view c++ syllabus",c1_syllabus_programs,informational_transactional,en,"https://humayounkobir.vercel.app/"
"c++ syllabus view",c1_syllabus_programs,informational_transactional,en,"https://humayounkobir.vercel.app/"
"run c++ syllabus",c1_syllabus_programs,informational_transactional,en,"https://humayounkobir.vercel.app/"
"c++ syllabus run",c1_syllabus_programs,informational_transactional,en,"https://humayounkobir.vercel.app/"
"prepare c++ syllabus",c1_syllabus_programs,informational_transactional,en,"https://humayounkobir.vercel.app/"
"c++ syllabus prepare",c1_syllabus_programs,informational_transactional,en,"https://humayounkobir.vercel.app/"
"solve c++ syllabus",c1_syllabus_programs,informational_transactional,en,"https://humayounkobir.vercel.app/"
"c++ syllabus solve",c1_syllabus_programs,informational_transactional,en,"https://humayounkobir.vercel.app/"
"c++ admission questions",c1_syllabus_programs,informational_transactional,en,"https://humayounkobir.vercel.app/"
"download c++ admission questions",c1_syllabus_programs,informational_transactional,en,"https://humayounkobir.vercel.app/"
"c++ admission questions download",c1_syllabus_programs,informational_transactional,en,"https://humayounkobir.vercel.app/"
"learn c++ admission questions",c1_syllabus_programs,informational_transactional,en,"https://humayounkobir.vercel.app/"
"c++ admission questions learn",c1_syllabus_programs,informational_transactional,en,"https://humayounkobir.vercel.app/"
"study c++ admission questions",c1_syllabus_programs,informational_transactional,en,"https://humayounkobir.vercel.app/"
"c++ admission questions study",c1_syllabus_programs,informational_transactional,en,"https://humayounkobir.vercel.app/"
"compare c++ admission questions",c1_syllabus_programs,informational_transactional,en,"https://humayounkobir.vercel.app/"
"c++ admission questions compare",c1_syllabus_programs,informational_transactional,en,"https://humayounkobir.vercel.app/"
"practice c++ admission questions",c1_syllabus_programs,informational_transactional,en,"https://humayounkobir.vercel.app/"
"c++ admission questions practice",c1_syllabus_programs,informational_transactional,en,"https://humayounkobir.vercel.app/"
"copy c++ admission questions",c1_syllabus_programs,informational_transactional,en,"https://humayounkobir.vercel.app/"
"c++ admission questions copy",c1_syllabus_programs,informational_transactional,en,"https://humayounkobir.vercel.app/"
"read c++ admission questions",c1_syllabus_programs,informational_transactional,en,"https://humayounkobir.vercel.app/"
"c++ admission questions read",c1_syllabus_programs,informational_transactional,en,"https://humayounkobir.vercel.app/"
"view c++ admission questions",c1_syllabus_programs,informational_transactional,en,"https://humayounkobir.vercel.app/"
"c++ admission questions view",c1_syllabus_programs,informational_transactional,en,"https://humayounkobir.vercel.app/"
"run c++ admission questions",c1_syllabus_programs,informational_transactional,en,"https://humayounkobir.vercel.app/"
"c++ admission questions run",c1_syllabus_programs,informational_transactional,en,"https://humayounkobir.vercel.app/"
"prepare c++ admission questions",c1_syllabus_programs,informational_transactional,en,"https://humayounkobir.vercel.app/"
"c++ admission questions prepare",c1_syllabus_programs,informational_transactional,en,"https://humayounkobir.vercel.app/"
"solve c++ admission questions",c1_syllabus_programs,informational_transactional,en,"https://humayounkobir.vercel.app/"
"c++ admission questions solve",c1_syllabus_programs,informational_transactional,en,"https://humayounkobir.vercel.app/"
"c++ pattern programs",c1_syllabus_programs,informational_transactional,en,"https://humayounkobir.vercel.app/"
"download c++ pattern programs",c1_syllabus_programs,informational_transactional,en,"https://humayounkobir.vercel.app/"
"c++ pattern programs download",c1_syllabus_programs,informational_transactional,en,"https://humayounkobir.vercel.app/"
"learn c++ pattern programs",c1_syllabus_programs,informational_transactional,en,"https://humayounkobir.vercel.app/"
"c++ pattern programs learn",c1_syllabus_programs,informational_transactional,en,"https://humayounkobir.vercel.app/"
"study c++ pattern programs",c1_syllabus_programs,informational_transactional,en,"https://humayounkobir.vercel.app/"
"c++ pattern programs study",c1_syllabus_programs,informational_transactional,en,"https://humayounkobir.vercel.app/"
"compare c++ pattern programs",c1_syllabus_programs,informational_transactional,en,"https://humayounkobir.vercel.app/"
"c++ pattern programs compare",c1_syllabus_programs,informational_transactional,en,"https://humayounkobir.vercel.app/"
"practice c++ pattern programs",c1_syllabus_programs,informational_transactional,en,"https://humayounkobir.vercel.app/"
"c++ pattern programs practice",c1_syllabus_programs,informational_transactional,en,"https://humayounkobir.vercel.app/"
"copy c++ pattern programs",c1_syllabus_programs,informational_transactional,en,"https://humayounkobir.vercel.app/"
"c++ pattern programs copy",c1_syllabus_programs,informational_transactional,en,"https://humayounkobir.vercel.app/"
"read c++ pattern programs",c1_syllabus_programs,informational_transactional,en,"https://humayounkobir.vercel.app/"
"c++ pattern programs read",c1_syllabus_programs,informational_transactional,en,"https://humayounkobir.vercel.app/"
"view c++ pattern programs",c1_syllabus_programs,informational_transactional,en,"https://humayounkobir.vercel.app/"
"c++ pattern programs view",c1_syllabus_programs,informational_transactional,en,"https://humayounkobir.vercel.app/"
"run c++ pattern programs",c1_syllabus_programs,informational_transactional,en,"https://humayounkobir.vercel.app/"
"c++ pattern programs run",c1_syllabus_programs,informational_transactional,en,"https://humayounkobir.vercel.app/"
"prepare c++ pattern programs",c1_syllabus_programs,informational_transactional,en,"https://humayounkobir.vercel.app/"
"c++ pattern programs prepare",c1_syllabus_programs,informational_transactional,en,"https://humayounkobir.vercel.app/"
"solve c++ pattern programs",c1_syllabus_programs,informational_transactional,en,"https://humayounkobir.vercel.app/"
"c++ pattern programs solve",c1_syllabus_programs,informational_transactional,en,"https://humayounkobir.vercel.app/"
"c++ series sum",c1_syllabus_programs,informational_transactional,en,"https://humayounkobir.vercel.app/"
"download c++ series sum",c1_syllabus_programs,informational_transactional,en,"https://humayounkobir.vercel.app/"
"c++ series sum download",c1_syllabus_programs,informational_transactional,en,"https://humayounkobir.vercel.app/"
"learn c++ series sum",c1_syllabus_programs,informational_transactional,en,"https://humayounkobir.vercel.app/"
"c++ series sum learn",c1_syllabus_programs,informational_transactional,en,"https://humayounkobir.vercel.app/"
"study c++ series sum",c1_syllabus_programs,informational_transactional,en,"https://humayounkobir.vercel.app/"
"c++ series sum study",c1_syllabus_programs,informational_transactional,en,"https://humayounkobir.vercel.app/"
"compare c++ series sum",c1_syllabus_programs,informational_transactional,en,"https://humayounkobir.vercel.app/"
"c++ series sum compare",c1_syllabus_programs,informational_transactional,en,"https://humayounkobir.vercel.app/"
"practice c++ series sum",c1_syllabus_programs,informational_transactional,en,"https://humayounkobir.vercel.app/"
"c++ series sum practice",c1_syllabus_programs,informational_transactional,en,"https://humayounkobir.vercel.app/"
"copy c++ series sum",c1_syllabus_programs,informational_transactional,en,"https://humayounkobir.vercel.app/"
"c++ series sum copy",c1_syllabus_programs,informational_transactional,en,"https://humayounkobir.vercel.app/"
"read c++ series sum",c1_syllabus_programs,informational_transactional,en,"https://humayounkobir.vercel.app/"
"c++ series sum read",c1_syllabus_programs,informational_transactional,en,"https://humayounkobir.vercel.app/"
"view c++ series sum",c1_syllabus_programs,informational_transactional,en,"https://humayounkobir.vercel.app/"
"c++ series sum view",c1_syllabus_programs,informational_transactional,en,"https://humayounkobir.vercel.app/"
"run c++ series sum",c1_syllabus_programs,informational_transactional,en,"https://humayounkobir.vercel.app/"
"c++ series sum run",c1_syllabus_programs,informational_transactional,en,"https://humayounkobir.vercel.app/"
"prepare c++ series sum",c1_syllabus_programs,informational_transactional,en,"https://humayounkobir.vercel.app/"
"c++ series sum prepare",c1_syllabus_programs,informational_transactional,en,"https://humayounkobir.vercel.app/"
"solve c++ series sum",c1_syllabus_programs,informational_transactional,en,"https://humayounkobir.vercel.app/"
"c++ series sum solve",c1_syllabus_programs,informational_transactional,en,"https://humayounkobir.vercel.app/"
"c++ loops",c1_syllabus_programs,informational_transactional,en,"https://humayounkobir.vercel.app/"
"download c++ loops",c1_syllabus_programs,informational_transactional,en,"https://humayounkobir.vercel.app/"
"c++ loops download",c1_syllabus_programs,informational_transactional,en,"https://humayounkobir.vercel.app/"
"learn c++ loops",c1_syllabus_programs,informational_transactional,en,"https://humayounkobir.vercel.app/"
"c++ loops learn",c1_syllabus_programs,informational_transactional,en,"https://humayounkobir.vercel.app/"
"study c++ loops",c1_syllabus_programs,informational_transactional,en,"https://humayounkobir.vercel.app/"
"c++ loops study",c1_syllabus_programs,informational_transactional,en,"https://humayounkobir.vercel.app/"
"compare c++ loops",c1_syllabus_programs,informational_transactional,en,"https://humayounkobir.vercel.app/"
"c++ loops compare",c1_syllabus_programs,informational_transactional,en,"https://humayounkobir.vercel.app/"
"practice c++ loops",c1_syllabus_programs,informational_transactional,en,"https://humayounkobir.vercel.app/"
"c++ loops practice",c1_syllabus_programs,informational_transactional,en,"https://humayounkobir.vercel.app/"
"copy c++ loops",c1_syllabus_programs,informational_transactional,en,"https://humayounkobir.vercel.app/"
"c++ loops copy",c1_syllabus_programs,informational_transactional,en,"https://humayounkobir.vercel.app/"
"read c++ loops",c1_syllabus_programs,informational_transactional,en,"https://humayounkobir.vercel.app/"
"c++ loops read",c1_syllabus_programs,informational_transactional,en,"https://humayounkobir.vercel.app/"
"view c++ loops",c1_syllabus_programs,informational_transactional,en,"https://humayounkobir.vercel.app/"
"c++ loops view",c1_syllabus_programs,informational_transactional,en,"https://humayounkobir.vercel.app/"
"run c++ loops",c1_syllabus_programs,informational_transactional,en,"https://humayounkobir.vercel.app/"
"c++ loops run",c1_syllabus_programs,informational_transactional,en,"https://humayounkobir.vercel.app/"
"prepare c++ loops",c1_syllabus_programs,informational_transactional,en,"https://humayounkobir.vercel.app/"
"c++ loops prepare",c1_syllabus_programs,informational_transactional,en,"https://humayounkobir.vercel.app/"
"solve c++ loops",c1_syllabus_programs,informational_transactional,en,"https://humayounkobir.vercel.app/"
"c++ loops solve",c1_syllabus_programs,informational_transactional,en,"https://humayounkobir.vercel.app/"
"c++ recursion",c1_syllabus_programs,informational_transactional,en,"https://humayounkobir.vercel.app/"
"download c++ recursion",c1_syllabus_programs,informational_transactional,en,"https://humayounkobir.vercel.app/"
"c++ recursion download",c1_syllabus_programs,informational_transactional,en,"https://humayounkobir.vercel.app/"
"learn c++ recursion",c1_syllabus_programs,informational_transactional,en,"https://humayounkobir.vercel.app/"
"c++ recursion learn",c1_syllabus_programs,informational_transactional,en,"https://humayounkobir.vercel.app/"
"study c++ recursion",c1_syllabus_programs,informational_transactional,en,"https://humayounkobir.vercel.app/"
"c++ recursion study",c1_syllabus_programs,informational_transactional,en,"https://humayounkobir.vercel.app/"
"compare c++ recursion",c1_syllabus_programs,informational_transactional,en,"https://humayounkobir.vercel.app/"
"c++ recursion compare",c1_syllabus_programs,informational_transactional,en,"https://humayounkobir.vercel.app/"
"practice c++ recursion",c1_syllabus_programs,informational_transactional,en,"https://humayounkobir.vercel.app/"
"c++ recursion practice",c1_syllabus_programs,informational_transactional,en,"https://humayounkobir.vercel.app/"
"copy c++ recursion",c1_syllabus_programs,informational_transactional,en,"https://humayounkobir.vercel.app/"
"c++ recursion copy",c1_syllabus_programs,informational_transactional,en,"https://humayounkobir.vercel.app/"
"read c++ recursion",c1_syllabus_programs,informational_transactional,en,"https://humayounkobir.vercel.app/"
"c++ recursion read",c1_syllabus_programs,informational_transactional,en,"https://humayounkobir.vercel.app/"
"view c++ recursion",c1_syllabus_programs,informational_transactional,en,"https://humayounkobir.vercel.app/"
"c++ recursion view",c1_syllabus_programs,informational_transactional,en,"https://humayounkobir.vercel.app/"
"run c++ recursion",c1_syllabus_programs,informational_transactional,en,"https://humayounkobir.vercel.app/"
"c++ recursion run",c1_syllabus_programs,informational_transactional,en,"https://humayounkobir.vercel.app/"
"prepare c++ recursion",c1_syllabus_programs,informational_transactional,en,"https://humayounkobir.vercel.app/"
"c++ recursion prepare",c1_syllabus_programs,informational_transactional,en,"https://humayounkobir.vercel.app/"
"solve c++ recursion",c1_syllabus_programs,informational_transactional,en,"https://humayounkobir.vercel.app/"
"c++ recursion solve",c1_syllabus_programs,informational_transactional,en,"https://humayounkobir.vercel.app/"
"c++ arrays",c1_syllabus_programs,informational_transactional,en,"https://humayounkobir.vercel.app/"
"download c++ arrays",c1_syllabus_programs,informational_transactional,en,"https://humayounkobir.vercel.app/"
"c++ arrays download",c1_syllabus_programs,informational_transactional,en,"https://humayounkobir.vercel.app/"
"learn c++ arrays",c1_syllabus_programs,informational_transactional,en,"https://humayounkobir.vercel.app/"
"c++ arrays learn",c1_syllabus_programs,informational_transactional,en,"https://humayounkobir.vercel.app/"
"study c++ arrays",c1_syllabus_programs,informational_transactional,en,"https://humayounkobir.vercel.app/"
"c++ arrays study",c1_syllabus_programs,informational_transactional,en,"https://humayounkobir.vercel.app/"
"compare c++ arrays",c1_syllabus_programs,informational_transactional,en,"https://humayounkobir.vercel.app/"
"c++ arrays compare",c1_syllabus_programs,informational_transactional,en,"https://humayounkobir.vercel.app/"
"practice c++ arrays",c1_syllabus_programs,informational_transactional,en,"https://humayounkobir.vercel.app/"
"c++ arrays practice",c1_syllabus_programs,informational_transactional,en,"https://humayounkobir.vercel.app/"
"copy c++ arrays",c1_syllabus_programs,informational_transactional,en,"https://humayounkobir.vercel.app/"
"c++ arrays copy",c1_syllabus_programs,informational_transactional,en,"https://humayounkobir.vercel.app/"
"read c++ arrays",c1_syllabus_programs,informational_transactional,en,"https://humayounkobir.vercel.app/"
"c++ arrays read",c1_syllabus_programs,informational_transactional,en,"https://humayounkobir.vercel.app/"
"view c++ arrays",c1_syllabus_programs,informational_transactional,en,"https://humayounkobir.vercel.app/"
"c++ arrays view",c1_syllabus_programs,informational_transactional,en,"https://humayounkobir.vercel.app/"
"run c++ arrays",c1_syllabus_programs,informational_transactional,en,"https://humayounkobir.vercel.app/"
"c++ arrays run",c1_syllabus_programs,informational_transactional,en,"https://humayounkobir.vercel.app/"
"prepare c++ arrays",c1_syllabus_programs,informational_transactional,en,"https://humayounkobir.vercel.app/"
"c++ arrays prepare",c1_syllabus_programs,informational_transactional,en,"https://humayounkobir.vercel.app/"
"solve c++ arrays",c1_syllabus_programs,informational_transactional,en,"https://humayounkobir.vercel.app/"
"c++ arrays solve",c1_syllabus_programs,informational_transactional,en,"https://humayounkobir.vercel.app/"
"c++ pointers",c1_syllabus_programs,informational_transactional,en,"https://humayounkobir.vercel.app/"
"download c++ pointers",c1_syllabus_programs,informational_transactional,en,"https://humayounkobir.vercel.app/"
"c++ pointers download",c1_syllabus_programs,informational_transactional,en,"https://humayounkobir.vercel.app/"
"learn c++ pointers",c1_syllabus_programs,informational_transactional,en,"https://humayounkobir.vercel.app/"
"c++ pointers learn",c1_syllabus_programs,informational_transactional,en,"https://humayounkobir.vercel.app/"
"study c++ pointers",c1_syllabus_programs,informational_transactional,en,"https://humayounkobir.vercel.app/"
"c++ pointers study",c1_syllabus_programs,informational_transactional,en,"https://humayounkobir.vercel.app/"
"compare c++ pointers",c1_syllabus_programs,informational_transactional,en,"https://humayounkobir.vercel.app/"
"c++ pointers compare",c1_syllabus_programs,informational_transactional,en,"https://humayounkobir.vercel.app/"
"practice c++ pointers",c1_syllabus_programs,informational_transactional,en,"https://humayounkobir.vercel.app/"
"c++ pointers practice",c1_syllabus_programs,informational_transactional,en,"https://humayounkobir.vercel.app/"
"copy c++ pointers",c1_syllabus_programs,informational_transactional,en,"https://humayounkobir.vercel.app/"
"c++ pointers copy",c1_syllabus_programs,informational_transactional,en,"https://humayounkobir.vercel.app/"
"read c++ pointers",c1_syllabus_programs,informational_transactional,en,"https://humayounkobir.vercel.app/"
"c++ pointers read",c1_syllabus_programs,informational_transactional,en,"https://humayounkobir.vercel.app/"
"view c++ pointers",c1_syllabus_programs,informational_transactional,en,"https://humayounkobir.vercel.app/"
"c++ pointers view",c1_syllabus_programs,informational_transactional,en,"https://humayounkobir.vercel.app/"
"run c++ pointers",c1_syllabus_programs,informational_transactional,en,"https://humayounkobir.vercel.app/"
"c++ pointers run",c1_syllabus_programs,informational_transactional,en,"https://humayounkobir.vercel.app/"
"prepare c++ pointers",c1_syllabus_programs,informational_transactional,en,"https://humayounkobir.vercel.app/"
"c++ pointers prepare",c1_syllabus_programs,informational_transactional,en,"https://humayounkobir.vercel.app/"
"solve c++ pointers",c1_syllabus_programs,informational_transactional,en,"https://humayounkobir.vercel.app/"
"c++ pointers solve",c1_syllabus_programs,informational_transactional,en,"https://humayounkobir.vercel.app/"
"c++ pdf",c1_syllabus_programs,informational_transactional,en,"https://humayounkobir.vercel.app/"
"download c++ pdf",c1_syllabus_programs,informational_transactional,en,"https://humayounkobir.vercel.app/"
"c++ pdf download",c1_syllabus_programs,informational_transactional,en,"https://humayounkobir.vercel.app/"
"learn c++ pdf",c1_syllabus_programs,informational_transactional,en,"https://humayounkobir.vercel.app/"
"c++ pdf learn",c1_syllabus_programs,informational_transactional,en,"https://humayounkobir.vercel.app/"
"study c++ pdf",c1_syllabus_programs,informational_transactional,en,"https://humayounkobir.vercel.app/"
"c++ pdf study",c1_syllabus_programs,informational_transactional,en,"https://humayounkobir.vercel.app/"
"compare c++ pdf",c1_syllabus_programs,informational_transactional,en,"https://humayounkobir.vercel.app/"
"c++ pdf compare",c1_syllabus_programs,informational_transactional,en,"https://humayounkobir.vercel.app/"
"practice c++ pdf",c1_syllabus_programs,informational_transactional,en,"https://humayounkobir.vercel.app/"
"c++ pdf practice",c1_syllabus_programs,informational_transactional,en,"https://humayounkobir.vercel.app/"
"copy c++ pdf",c1_syllabus_programs,informational_transactional,en,"https://humayounkobir.vercel.app/"
"c++ pdf copy",c1_syllabus_programs,informational_transactional,en,"https://humayounkobir.vercel.app/"
"read c++ pdf",c1_syllabus_programs,informational_transactional,en,"https://humayounkobir.vercel.app/"
"c++ pdf read",c1_syllabus_programs,informational_transactional,en,"https://humayounkobir.vercel.app/"
"view c++ pdf",c1_syllabus_programs,informational_transactional,en,"https://humayounkobir.vercel.app/"
"c++ pdf view",c1_syllabus_programs,informational_transactional,en,"https://humayounkobir.vercel.app/"
"run c++ pdf",c1_syllabus_programs,informational_transactional,en,"https://humayounkobir.vercel.app/"
"c++ pdf run",c1_syllabus_programs,informational_transactional,en,"https://humayounkobir.vercel.app/"
"prepare c++ pdf",c1_syllabus_programs,informational_transactional,en,"https://humayounkobir.vercel.app/"
"c++ pdf prepare",c1_syllabus_programs,informational_transactional,en,"https://humayounkobir.vercel.app/"
"solve c++ pdf",c1_syllabus_programs,informational_transactional,en,"https://humayounkobir.vercel.app/"
"c++ pdf solve",c1_syllabus_programs,informational_transactional,en,"https://humayounkobir.vercel.app/"
"c++ book",c1_syllabus_programs,informational_transactional,en,"https://humayounkobir.vercel.app/"
"download c++ book",c1_syllabus_programs,informational_transactional,en,"https://humayounkobir.vercel.app/"
"c++ book download",c1_syllabus_programs,informational_transactional,en,"https://humayounkobir.vercel.app/"
"learn c++ book",c1_syllabus_programs,informational_transactional,en,"https://humayounkobir.vercel.app/"
"c++ book learn",c1_syllabus_programs,informational_transactional,en,"https://humayounkobir.vercel.app/"
"study c++ book",c1_syllabus_programs,informational_transactional,en,"https://humayounkobir.vercel.app/"
"c++ book study",c1_syllabus_programs,informational_transactional,en,"https://humayounkobir.vercel.app/"
"compare c++ book",c1_syllabus_programs,informational_transactional,en,"https://humayounkobir.vercel.app/"
"c++ book compare",c1_syllabus_programs,informational_transactional,en,"https://humayounkobir.vercel.app/"
"practice c++ book",c1_syllabus_programs,informational_transactional,en,"https://humayounkobir.vercel.app/"
"c++ book practice",c1_syllabus_programs,informational_transactional,en,"https://humayounkobir.vercel.app/"
"copy c++ book",c1_syllabus_programs,informational_transactional,en,"https://humayounkobir.vercel.app/"
"c++ book copy",c1_syllabus_programs,informational_transactional,en,"https://humayounkobir.vercel.app/"
"read c++ book",c1_syllabus_programs,informational_transactional,en,"https://humayounkobir.vercel.app/"
"c++ book read",c1_syllabus_programs,informational_transactional,en,"https://humayounkobir.vercel.app/"
"view c++ book",c1_syllabus_programs,informational_transactional,en,"https://humayounkobir.vercel.app/"
"c++ book view",c1_syllabus_programs,informational_transactional,en,"https://humayounkobir.vercel.app/"
"run c++ book",c1_syllabus_programs,informational_transactional,en,"https://humayounkobir.vercel.app/"
"c++ book run",c1_syllabus_programs,informational_transactional,en,"https://humayounkobir.vercel.app/"
"prepare c++ book",c1_syllabus_programs,informational_transactional,en,"https://humayounkobir.vercel.app/"
"c++ book prepare",c1_syllabus_programs,informational_transactional,en,"https://humayounkobir.vercel.app/"
"solve c++ book",c1_syllabus_programs,informational_transactional,en,"https://humayounkobir.vercel.app/"
"c++ book solve",c1_syllabus_programs,informational_transactional,en,"https://humayounkobir.vercel.app/"
"c++ apk",c1_syllabus_programs,informational_transactional,en,"https://humayounkobir.vercel.app/"
"download c++ apk",c1_syllabus_programs,informational_transactional,en,"https://humayounkobir.vercel.app/"
"c++ apk download",c1_syllabus_programs,informational_transactional,en,"https://humayounkobir.vercel.app/"
"learn c++ apk",c1_syllabus_programs,informational_transactional,en,"https://humayounkobir.vercel.app/"
"c++ apk learn",c1_syllabus_programs,informational_transactional,en,"https://humayounkobir.vercel.app/"
"study c++ apk",c1_syllabus_programs,informational_transactional,en,"https://humayounkobir.vercel.app/"
"c++ apk study",c1_syllabus_programs,informational_transactional,en,"https://humayounkobir.vercel.app/"
"compare c++ apk",c1_syllabus_programs,informational_transactional,en,"https://humayounkobir.vercel.app/"
"c++ apk compare",c1_syllabus_programs,informational_transactional,en,"https://humayounkobir.vercel.app/"
"practice c++ apk",c1_syllabus_programs,informational_transactional,en,"https://humayounkobir.vercel.app/"
"c++ apk practice",c1_syllabus_programs,informational_transactional,en,"https://humayounkobir.vercel.app/"
"copy c++ apk",c1_syllabus_programs,informational_transactional,en,"https://humayounkobir.vercel.app/"
"c++ apk copy",c1_syllabus_programs,informational_transactional,en,"https://humayounkobir.vercel.app/"
"read c++ apk",c1_syllabus_programs,informational_transactional,en,"https://humayounkobir.vercel.app/"
"c++ apk read",c1_syllabus_programs,informational_transactional,en,"https://humayounkobir.vercel.app/"
"view c++ apk",c1_syllabus_programs,informational_transactional,en,"https://humayounkobir.vercel.app/"
"c++ apk view",c1_syllabus_programs,informational_transactional,en,"https://humayounkobir.vercel.app/"
"run c++ apk",c1_syllabus_programs,informational_transactional,en,"https://humayounkobir.vercel.app/"
"c++ apk run",c1_syllabus_programs,informational_transactional,en,"https://humayounkobir.vercel.app/"
"prepare c++ apk",c1_syllabus_programs,informational_transactional,en,"https://humayounkobir.vercel.app/"
"c++ apk prepare",c1_syllabus_programs,informational_transactional,en,"https://humayounkobir.vercel.app/"
"solve c++ apk",c1_syllabus_programs,informational_transactional,en,"https://humayounkobir.vercel.app/"
"c++ apk solve",c1_syllabus_programs,informational_transactional,en,"https://humayounkobir.vercel.app/"
"c++ app",c1_syllabus_programs,informational_transactional,en,"https://humayounkobir.vercel.app/"
"download c++ app",c1_syllabus_programs,informational_transactional,en,"https://humayounkobir.vercel.app/"
"c++ app download",c1_syllabus_programs,informational_transactional,en,"https://humayounkobir.vercel.app/"
"learn c++ app",c1_syllabus_programs,informational_transactional,en,"https://humayounkobir.vercel.app/"
"c++ app learn",c1_syllabus_programs,informational_transactional,en,"https://humayounkobir.vercel.app/"
"study c++ app",c1_syllabus_programs,informational_transactional,en,"https://humayounkobir.vercel.app/"
"c++ app study",c1_syllabus_programs,informational_transactional,en,"https://humayounkobir.vercel.app/"
"compare c++ app",c1_syllabus_programs,informational_transactional,en,"https://humayounkobir.vercel.app/"
"c++ app compare",c1_syllabus_programs,informational_transactional,en,"https://humayounkobir.vercel.app/"
"practice c++ app",c1_syllabus_programs,informational_transactional,en,"https://humayounkobir.vercel.app/"
"c++ app practice",c1_syllabus_programs,informational_transactional,en,"https://humayounkobir.vercel.app/"
"copy c++ app",c1_syllabus_programs,informational_transactional,en,"https://humayounkobir.vercel.app/"
"c++ app copy",c1_syllabus_programs,informational_transactional,en,"https://humayounkobir.vercel.app/"
"read c++ app",c1_syllabus_programs,informational_transactional,en,"https://humayounkobir.vercel.app/"
"c++ app read",c1_syllabus_programs,informational_transactional,en,"https://humayounkobir.vercel.app/"
"view c++ app",c1_syllabus_programs,informational_transactional,en,"https://humayounkobir.vercel.app/"
"c++ app view",c1_syllabus_programs,informational_transactional,en,"https://humayounkobir.vercel.app/"
"run c++ app",c1_syllabus_programs,informational_transactional,en,"https://humayounkobir.vercel.app/"
"c++ app run",c1_syllabus_programs,informational_transactional,en,"https://humayounkobir.vercel.app/"
"prepare c++ app",c1_syllabus_programs,informational_transactional,en,"https://humayounkobir.vercel.app/"
"c++ app prepare",c1_syllabus_programs,informational_transactional,en,"https://humayounkobir.vercel.app/"
"solve c++ app",c1_syllabus_programs,informational_transactional,en,"https://humayounkobir.vercel.app/"
"c++ app solve",c1_syllabus_programs,informational_transactional,en,"https://humayounkobir.vercel.app/"
"c++ notes",c1_syllabus_programs,informational_transactional,en,"https://humayounkobir.vercel.app/"
"download c++ notes",c1_syllabus_programs,informational_transactional,en,"https://humayounkobir.vercel.app/"
"c++ notes download",c1_syllabus_programs,informational_transactional,en,"https://humayounkobir.vercel.app/"
"learn c++ notes",c1_syllabus_programs,informational_transactional,en,"https://humayounkobir.vercel.app/"
"c++ notes learn",c1_syllabus_programs,informational_transactional,en,"https://humayounkobir.vercel.app/"
"study c++ notes",c1_syllabus_programs,informational_transactional,en,"https://humayounkobir.vercel.app/"
"c++ notes study",c1_syllabus_programs,informational_transactional,en,"https://humayounkobir.vercel.app/"
"compare c++ notes",c1_syllabus_programs,informational_transactional,en,"https://humayounkobir.vercel.app/"
"c++ notes compare",c1_syllabus_programs,informational_transactional,en,"https://humayounkobir.vercel.app/"
"practice c++ notes",c1_syllabus_programs,informational_transactional,en,"https://humayounkobir.vercel.app/"
"c++ notes practice",c1_syllabus_programs,informational_transactional,en,"https://humayounkobir.vercel.app/"
"copy c++ notes",c1_syllabus_programs,informational_transactional,en,"https://humayounkobir.vercel.app/"
"c++ notes copy",c1_syllabus_programs,informational_transactional,en,"https://humayounkobir.vercel.app/"
"read c++ notes",c1_syllabus_programs,informational_transactional,en,"https://humayounkobir.vercel.app/"
"c++ notes read",c1_syllabus_programs,informational_transactional,en,"https://humayounkobir.vercel.app/"
"view c++ notes",c1_syllabus_programs,informational_transactional,en,"https://humayounkobir.vercel.app/"
"c++ notes view",c1_syllabus_programs,informational_transactional,en,"https://humayounkobir.vercel.app/"
"run c++ notes",c1_syllabus_programs,informational_transactional,en,"https://humayounkobir.vercel.app/"
"c++ notes run",c1_syllabus_programs,informational_transactional,en,"https://humayounkobir.vercel.app/"
"prepare c++ notes",c1_syllabus_programs,informational_transactional,en,"https://humayounkobir.vercel.app/"
"c++ notes prepare",c1_syllabus_programs,informational_transactional,en,"https://humayounkobir.vercel.app/"
"solve c++ notes",c1_syllabus_programs,informational_transactional,en,"https://humayounkobir.vercel.app/"
"c++ notes solve",c1_syllabus_programs,informational_transactional,en,"https://humayounkobir.vercel.app/"
"c++ solutions",c1_syllabus_programs,informational_transactional,en,"https://humayounkobir.vercel.app/"
"download c++ solutions",c1_syllabus_programs,informational_transactional,en,"https://humayounkobir.vercel.app/"
"c++ solutions download",c1_syllabus_programs,informational_transactional,en,"https://humayounkobir.vercel.app/"
"learn c++ solutions",c1_syllabus_programs,informational_transactional,en,"https://humayounkobir.vercel.app/"
"c++ solutions learn",c1_syllabus_programs,informational_transactional,en,"https://humayounkobir.vercel.app/"
"study c++ solutions",c1_syllabus_programs,informational_transactional,en,"https://humayounkobir.vercel.app/"
"c++ solutions study",c1_syllabus_programs,informational_transactional,en,"https://humayounkobir.vercel.app/"
"compare c++ solutions",c1_syllabus_programs,informational_transactional,en,"https://humayounkobir.vercel.app/"
"c++ solutions compare",c1_syllabus_programs,informational_transactional,en,"https://humayounkobir.vercel.app/"
"practice c++ solutions",c1_syllabus_programs,informational_transactional,en,"https://humayounkobir.vercel.app/"
"c++ solutions practice",c1_syllabus_programs,informational_transactional,en,"https://humayounkobir.vercel.app/"
"copy c++ solutions",c1_syllabus_programs,informational_transactional,en,"https://humayounkobir.vercel.app/"
"c++ solutions copy",c1_syllabus_programs,informational_transactional,en,"https://humayounkobir.vercel.app/"
"read c++ solutions",c1_syllabus_programs,informational_transactional,en,"https://humayounkobir.vercel.app/"
"c++ solutions read",c1_syllabus_programs,informational_transactional,en,"https://humayounkobir.vercel.app/"
"view c++ solutions",c1_syllabus_programs,informational_transactional,en,"https://humayounkobir.vercel.app/"
"c++ solutions view",c1_syllabus_programs,informational_transactional,en,"https://humayounkobir.vercel.app/"
"run c++ solutions",c1_syllabus_programs,informational_transactional,en,"https://humayounkobir.vercel.app/"
"c++ solutions run",c1_syllabus_programs,informational_transactional,en,"https://humayounkobir.vercel.app/"
"prepare c++ solutions",c1_syllabus_programs,informational_transactional,en,"https://humayounkobir.vercel.app/"
"c++ solutions prepare",c1_syllabus_programs,informational_transactional,en,"https://humayounkobir.vercel.app/"
"solve c++ solutions",c1_syllabus_programs,informational_transactional,en,"https://humayounkobir.vercel.app/"
"c++ solutions solve",c1_syllabus_programs,informational_transactional,en,"https://humayounkobir.vercel.app/"
"c language programs",c1_syllabus_programs,informational_transactional,en,"https://humayounkobir.vercel.app/"
"download c language programs",c1_syllabus_programs,informational_transactional,en,"https://humayounkobir.vercel.app/"
"c language programs download",c1_syllabus_programs,informational_transactional,en,"https://humayounkobir.vercel.app/"
"learn c language programs",c1_syllabus_programs,informational_transactional,en,"https://humayounkobir.vercel.app/"
"c language programs learn",c1_syllabus_programs,informational_transactional,en,"https://humayounkobir.vercel.app/"
"study c language programs",c1_syllabus_programs,informational_transactional,en,"https://humayounkobir.vercel.app/"
"c language programs study",c1_syllabus_programs,informational_transactional,en,"https://humayounkobir.vercel.app/"
"compare c language programs",c1_syllabus_programs,informational_transactional,en,"https://humayounkobir.vercel.app/"
"c language programs compare",c1_syllabus_programs,informational_transactional,en,"https://humayounkobir.vercel.app/"
"practice c language programs",c1_syllabus_programs,informational_transactional,en,"https://humayounkobir.vercel.app/"
"c language programs practice",c1_syllabus_programs,informational_transactional,en,"https://humayounkobir.vercel.app/"
"copy c language programs",c1_syllabus_programs,informational_transactional,en,"https://humayounkobir.vercel.app/"
"c language programs copy",c1_syllabus_programs,informational_transactional,en,"https://humayounkobir.vercel.app/"
"read c language programs",c1_syllabus_programs,informational_transactional,en,"https://humayounkobir.vercel.app/"
"c language programs read",c1_syllabus_programs,informational_transactional,en,"https://humayounkobir.vercel.app/"
"view c language programs",c1_syllabus_programs,informational_transactional,en,"https://humayounkobir.vercel.app/"
"c language programs view",c1_syllabus_programs,informational_transactional,en,"https://humayounkobir.vercel.app/"
"run c language programs",c1_syllabus_programs,informational_transactional,en,"https://humayounkobir.vercel.app/"
"c language programs run",c1_syllabus_programs,informational_transactional,en,"https://humayounkobir.vercel.app/"
"prepare c language programs",c1_syllabus_programs,informational_transactional,en,"https://humayounkobir.vercel.app/"
"c language programs prepare",c1_syllabus_programs,informational_transactional,en,"https://humayounkobir.vercel.app/"
"solve c language programs",c1_syllabus_programs,informational_transactional,en,"https://humayounkobir.vercel.app/"
"c language programs solve",c1_syllabus_programs,informational_transactional,en,"https://humayounkobir.vercel.app/"
"c language code",c1_syllabus_programs,informational_transactional,en,"https://humayounkobir.vercel.app/"
"download c language code",c1_syllabus_programs,informational_transactional,en,"https://humayounkobir.vercel.app/"
"c language code download",c1_syllabus_programs,informational_transactional,en,"https://humayounkobir.vercel.app/"
"learn c language code",c1_syllabus_programs,informational_transactional,en,"https://humayounkobir.vercel.app/"
"c language code learn",c1_syllabus_programs,informational_transactional,en,"https://humayounkobir.vercel.app/"
"study c language code",c1_syllabus_programs,informational_transactional,en,"https://humayounkobir.vercel.app/"
"c language code study",c1_syllabus_programs,informational_transactional,en,"https://humayounkobir.vercel.app/"
"compare c language code",c1_syllabus_programs,informational_transactional,en,"https://humayounkobir.vercel.app/"
"c language code compare",c1_syllabus_programs,informational_transactional,en,"https://humayounkobir.vercel.app/"
"practice c language code",c1_syllabus_programs,informational_transactional,en,"https://humayounkobir.vercel.app/"
"c language code practice",c1_syllabus_programs,informational_transactional,en,"https://humayounkobir.vercel.app/"
"copy c language code",c1_syllabus_programs,informational_transactional,en,"https://humayounkobir.vercel.app/"
"c language code copy",c1_syllabus_programs,informational_transactional,en,"https://humayounkobir.vercel.app/"
"read c language code",c1_syllabus_programs,informational_transactional,en,"https://humayounkobir.vercel.app/"
"c language code read",c1_syllabus_programs,informational_transactional,en,"https://humayounkobir.vercel.app/"
"view c language code",c1_syllabus_programs,informational_transactional,en,"https://humayounkobir.vercel.app/"
"c language code view",c1_syllabus_programs,informational_transactional,en,"https://humayounkobir.vercel.app/"
"run c language code",c1_syllabus_programs,informational_transactional,en,"https://humayounkobir.vercel.app/"
"c language code run",c1_syllabus_programs,informational_transactional,en,"https://humayounkobir.vercel.app/"
"prepare c language code",c1_syllabus_programs,informational_transactional,en,"https://humayounkobir.vercel.app/"
"c language code prepare",c1_syllabus_programs,informational_transactional,en,"https://humayounkobir.vercel.app/"
"solve c language code",c1_syllabus_programs,informational_transactional,en,"https://humayounkobir.vercel.app/"
"c language code solve",c1_syllabus_programs,informational_transactional,en,"https://humayounkobir.vercel.app/"
"c language basic programs",c1_syllabus_programs,informational_transactional,en,"https://humayounkobir.vercel.app/"
"download c language basic programs",c1_syllabus_programs,informational_transactional,en,"https://humayounkobir.vercel.app/"
"c language basic programs download",c1_syllabus_programs,informational_transactional,en,"https://humayounkobir.vercel.app/"
"learn c language basic programs",c1_syllabus_programs,informational_transactional,en,"https://humayounkobir.vercel.app/"
"c language basic programs learn",c1_syllabus_programs,informational_transactional,en,"https://humayounkobir.vercel.app/"
"study c language basic programs",c1_syllabus_programs,informational_transactional,en,"https://humayounkobir.vercel.app/"
"c language basic programs study",c1_syllabus_programs,informational_transactional,en,"https://humayounkobir.vercel.app/"
"compare c language basic programs",c1_syllabus_programs,informational_transactional,en,"https://humayounkobir.vercel.app/"
"c language basic programs compare",c1_syllabus_programs,informational_transactional,en,"https://humayounkobir.vercel.app/"
"practice c language basic programs",c1_syllabus_programs,informational_transactional,en,"https://humayounkobir.vercel.app/"
"c language basic programs practice",c1_syllabus_programs,informational_transactional,en,"https://humayounkobir.vercel.app/"
"copy c language basic programs",c1_syllabus_programs,informational_transactional,en,"https://humayounkobir.vercel.app/"
"c language basic programs copy",c1_syllabus_programs,informational_transactional,en,"https://humayounkobir.vercel.app/"
"read c language basic programs",c1_syllabus_programs,informational_transactional,en,"https://humayounkobir.vercel.app/"
"c language basic programs read",c1_syllabus_programs,informational_transactional,en,"https://humayounkobir.vercel.app/"
"view c language basic programs",c1_syllabus_programs,informational_transactional,en,"https://humayounkobir.vercel.app/"
"c language basic programs view",c1_syllabus_programs,informational_transactional,en,"https://humayounkobir.vercel.app/"
"run c language basic programs",c1_syllabus_programs,informational_transactional,en,"https://humayounkobir.vercel.app/"
"c language basic programs run",c1_syllabus_programs,informational_transactional,en,"https://humayounkobir.vercel.app/"
"prepare c language basic programs",c1_syllabus_programs,informational_transactional,en,"https://humayounkobir.vercel.app/"
"c language basic programs prepare",c1_syllabus_programs,informational_transactional,en,"https://humayounkobir.vercel.app/"
"solve c language basic programs",c1_syllabus_programs,informational_transactional,en,"https://humayounkobir.vercel.app/"
"c language basic programs solve",c1_syllabus_programs,informational_transactional,en,"https://humayounkobir.vercel.app/"
"c language syllabus",c1_syllabus_programs,informational_transactional,en,"https://humayounkobir.vercel.app/"
"download c language syllabus",c1_syllabus_programs,informational_transactional,en,"https://humayounkobir.vercel.app/"
"c language syllabus download",c1_syllabus_programs,informational_transactional,en,"https://humayounkobir.vercel.app/"
"learn c language syllabus",c1_syllabus_programs,informational_transactional,en,"https://humayounkobir.vercel.app/"
"c language syllabus learn",c1_syllabus_programs,informational_transactional,en,"https://humayounkobir.vercel.app/"
"study c language syllabus",c1_syllabus_programs,informational_transactional,en,"https://humayounkobir.vercel.app/"
"c language syllabus study",c1_syllabus_programs,informational_transactional,en,"https://humayounkobir.vercel.app/"
"compare c language syllabus",c1_syllabus_programs,informational_transactional,en,"https://humayounkobir.vercel.app/"
"c language syllabus compare",c1_syllabus_programs,informational_transactional,en,"https://humayounkobir.vercel.app/"
"practice c language syllabus",c1_syllabus_programs,informational_transactional,en,"https://humayounkobir.vercel.app/"
"c language syllabus practice",c1_syllabus_programs,informational_transactional,en,"https://humayounkobir.vercel.app/"
"copy c language syllabus",c1_syllabus_programs,informational_transactional,en,"https://humayounkobir.vercel.app/"
"c language syllabus copy",c1_syllabus_programs,informational_transactional,en,"https://humayounkobir.vercel.app/"
"read c language syllabus",c1_syllabus_programs,informational_transactional,en,"https://humayounkobir.vercel.app/"
"c language syllabus read",c1_syllabus_programs,informational_transactional,en,"https://humayounkobir.vercel.app/"
"view c language syllabus",c1_syllabus_programs,informational_transactional,en,"https://humayounkobir.vercel.app/"
"c language syllabus view",c1_syllabus_programs,informational_transactional,en,"https://humayounkobir.vercel.app/"
"run c language syllabus",c1_syllabus_programs,informational_transactional,en,"https://humayounkobir.vercel.app/"
"c language syllabus run",c1_syllabus_programs,informational_transactional,en,"https://humayounkobir.vercel.app/"
"prepare c language syllabus",c1_syllabus_programs,informational_transactional,en,"https://humayounkobir.vercel.app/"
"c language syllabus prepare",c1_syllabus_programs,informational_transactional,en,"https://humayounkobir.vercel.app/"
"solve c language syllabus",c1_syllabus_programs,informational_transactional,en,"https://humayounkobir.vercel.app/"
"c language syllabus solve",c1_syllabus_programs,informational_transactional,en,"https://humayounkobir.vercel.app/"
"c language admission questions",c1_syllabus_programs,informational_transactional,en,"https://humayounkobir.vercel.app/"
"download c language admission questions",c1_syllabus_programs,informational_transactional,en,"https://humayounkobir.vercel.app/"
"c language admission questions download",c1_syllabus_programs,informational_transactional,en,"https://humayounkobir.vercel.app/"
"learn c language admission questions",c1_syllabus_programs,informational_transactional,en,"https://humayounkobir.vercel.app/"
"c language admission questions learn",c1_syllabus_programs,informational_transactional,en,"https://humayounkobir.vercel.app/"
"study c language admission questions",c1_syllabus_programs,informational_transactional,en,"https://humayounkobir.vercel.app/"
"c language admission questions study",c1_syllabus_programs,informational_transactional,en,"https://humayounkobir.vercel.app/"
"compare c language admission questions",c1_syllabus_programs,informational_transactional,en,"https://humayounkobir.vercel.app/"
"c language admission questions compare",c1_syllabus_programs,informational_transactional,en,"https://humayounkobir.vercel.app/"
"practice c language admission questions",c1_syllabus_programs,informational_transactional,en,"https://humayounkobir.vercel.app/"
"c language admission questions practice",c1_syllabus_programs,informational_transactional,en,"https://humayounkobir.vercel.app/"
"copy c language admission questions",c1_syllabus_programs,informational_transactional,en,"https://humayounkobir.vercel.app/"
"c language admission questions copy",c1_syllabus_programs,informational_transactional,en,"https://humayounkobir.vercel.app/"
"read c language admission questions",c1_syllabus_programs,informational_transactional,en,"https://humayounkobir.vercel.app/"
"c language admission questions read",c1_syllabus_programs,informational_transactional,en,"https://humayounkobir.vercel.app/"
"view c language admission questions",c1_syllabus_programs,informational_transactional,en,"https://humayounkobir.vercel.app/"
"c language admission questions view",c1_syllabus_programs,informational_transactional,en,"https://humayounkobir.vercel.app/"
"run c language admission questions",c1_syllabus_programs,informational_transactional,en,"https://humayounkobir.vercel.app/"
"c language admission questions run",c1_syllabus_programs,informational_transactional,en,"https://humayounkobir.vercel.app/"
"prepare c language admission questions",c1_syllabus_programs,informational_transactional,en,"https://humayounkobir.vercel.app/"
"c language admission questions prepare",c1_syllabus_programs,informational_transactional,en,"https://humayounkobir.vercel.app/"
"solve c language admission questions",c1_syllabus_programs,informational_transactional,en,"https://humayounkobir.vercel.app/"
"c language admission questions solve",c1_syllabus_programs,informational_transactional,en,"https://humayounkobir.vercel.app/"
"c language pattern programs",c1_syllabus_programs,informational_transactional,en,"https://humayounkobir.vercel.app/"
"download c language pattern programs",c1_syllabus_programs,informational_transactional,en,"https://humayounkobir.vercel.app/"
"c language pattern programs download",c1_syllabus_programs,informational_transactional,en,"https://humayounkobir.vercel.app/"
"learn c language pattern programs",c1_syllabus_programs,informational_transactional,en,"https://humayounkobir.vercel.app/"
"c language pattern programs learn",c1_syllabus_programs,informational_transactional,en,"https://humayounkobir.vercel.app/"
"study c language pattern programs",c1_syllabus_programs,informational_transactional,en,"https://humayounkobir.vercel.app/"
"c language pattern programs study",c1_syllabus_programs,informational_transactional,en,"https://humayounkobir.vercel.app/"
"compare c language pattern programs",c1_syllabus_programs,informational_transactional,en,"https://humayounkobir.vercel.app/"
"c language pattern programs compare",c1_syllabus_programs,informational_transactional,en,"https://humayounkobir.vercel.app/"
"practice c language pattern programs",c1_syllabus_programs,informational_transactional,en,"https://humayounkobir.vercel.app/"
"c language pattern programs practice",c1_syllabus_programs,informational_transactional,en,"https://humayounkobir.vercel.app/"
"copy c language pattern programs",c1_syllabus_programs,informational_transactional,en,"https://humayounkobir.vercel.app/"
"c language pattern programs copy",c1_syllabus_programs,informational_transactional,en,"https://humayounkobir.vercel.app/"
"read c language pattern programs",c1_syllabus_programs,informational_transactional,en,"https://humayounkobir.vercel.app/"
"c language pattern programs read",c1_syllabus_programs,informational_transactional,en,"https://humayounkobir.vercel.app/"
"view c language pattern programs",c1_syllabus_programs,informational_transactional,en,"https://humayounkobir.vercel.app/"
"c language pattern programs view",c1_syllabus_programs,informational_transactional,en,"https://humayounkobir.vercel.app/"
"run c language pattern programs",c1_syllabus_programs,informational_transactional,en,"https://humayounkobir.vercel.app/"
"c language pattern programs run",c1_syllabus_programs,informational_transactional,en,"https://humayounkobir.vercel.app/"
"prepare c language pattern programs",c1_syllabus_programs,informational_transactional,en,"https://humayounkobir.vercel.app/"
"c language pattern programs prepare",c1_syllabus_programs,informational_transactional,en,"https://humayounkobir.vercel.app/"
"solve c language pattern programs",c1_syllabus_programs,informational_transactional,en,"https://humayounkobir.vercel.app/"
"c language pattern programs solve",c1_syllabus_programs,informational_transactional,en,"https://humayounkobir.vercel.app/"
"c language series sum",c1_syllabus_programs,informational_transactional,en,"https://humayounkobir.vercel.app/"
"download c language series sum",c1_syllabus_programs,informational_transactional,en,"https://humayounkobir.vercel.app/"
"c language series sum download",c1_syllabus_programs,informational_transactional,en,"https://humayounkobir.vercel.app/"
"learn c language series sum",c1_syllabus_programs,informational_transactional,en,"https://humayounkobir.vercel.app/"
"c language series sum learn",c1_syllabus_programs,informational_transactional,en,"https://humayounkobir.vercel.app/"
"study c language series sum",c1_syllabus_programs,informational_transactional,en,"https://humayounkobir.vercel.app/"
"c language series sum study",c1_syllabus_programs,informational_transactional,en,"https://humayounkobir.vercel.app/"
"compare c language series sum",c1_syllabus_programs,informational_transactional,en,"https://humayounkobir.vercel.app/"
"c language series sum compare",c1_syllabus_programs,informational_transactional,en,"https://humayounkobir.vercel.app/"
"practice c language series sum",c1_syllabus_programs,informational_transactional,en,"https://humayounkobir.vercel.app/"
"c language series sum practice",c1_syllabus_programs,informational_transactional,en,"https://humayounkobir.vercel.app/"
"copy c language series sum",c1_syllabus_programs,informational_transactional,en,"https://humayounkobir.vercel.app/"
"c language series sum copy",c1_syllabus_programs,informational_transactional,en,"https://humayounkobir.vercel.app/"
"read c language series sum",c1_syllabus_programs,informational_transactional,en,"https://humayounkobir.vercel.app/"
"c language series sum read",c1_syllabus_programs,informational_transactional,en,"https://humayounkobir.vercel.app/"
"view c language series sum",c1_syllabus_programs,informational_transactional,en,"https://humayounkobir.vercel.app/"
"c language series sum view",c1_syllabus_programs,informational_transactional,en,"https://humayounkobir.vercel.app/"
"run c language series sum",c1_syllabus_programs,informational_transactional,en,"https://humayounkobir.vercel.app/"
"c language series sum run",c1_syllabus_programs,informational_transactional,en,"https://humayounkobir.vercel.app/"
"prepare c language series sum",c1_syllabus_programs,informational_transactional,en,"https://humayounkobir.vercel.app/"
"c language series sum prepare",c1_syllabus_programs,informational_transactional,en,"https://humayounkobir.vercel.app/"
"solve c language series sum",c1_syllabus_programs,informational_transactional,en,"https://humayounkobir.vercel.app/"
"c language series sum solve",c1_syllabus_programs,informational_transactional,en,"https://humayounkobir.vercel.app/"
"c language loops",c1_syllabus_programs,informational_transactional,en,"https://humayounkobir.vercel.app/"
"download c language loops",c1_syllabus_programs,informational_transactional,en,"https://humayounkobir.vercel.app/"
"c language loops download",c1_syllabus_programs,informational_transactional,en,"https://humayounkobir.vercel.app/"
"learn c language loops",c1_syllabus_programs,informational_transactional,en,"https://humayounkobir.vercel.app/"
"c language loops learn",c1_syllabus_programs,informational_transactional,en,"https://humayounkobir.vercel.app/"
"study c language loops",c1_syllabus_programs,informational_transactional,en,"https://humayounkobir.vercel.app/"
"c language loops study",c1_syllabus_programs,informational_transactional,en,"https://humayounkobir.vercel.app/"
"compare c language loops",c1_syllabus_programs,informational_transactional,en,"https://humayounkobir.vercel.app/"
"c language loops compare",c1_syllabus_programs,informational_transactional,en,"https://humayounkobir.vercel.app/"
"practice c language loops",c1_syllabus_programs,informational_transactional,en,"https://humayounkobir.vercel.app/"
"c language loops practice",c1_syllabus_programs,informational_transactional,en,"https://humayounkobir.vercel.app/"
"copy c language loops",c1_syllabus_programs,informational_transactional,en,"https://humayounkobir.vercel.app/"
"c language loops copy",c1_syllabus_programs,informational_transactional,en,"https://humayounkobir.vercel.app/"
"read c language loops",c1_syllabus_programs,informational_transactional,en,"https://humayounkobir.vercel.app/"
"c language loops read",c1_syllabus_programs,informational_transactional,en,"https://humayounkobir.vercel.app/"
"view c language loops",c1_syllabus_programs,informational_transactional,en,"https://humayounkobir.vercel.app/"
"c language loops view",c1_syllabus_programs,informational_transactional,en,"https://humayounkobir.vercel.app/"
"run c language loops",c1_syllabus_programs,informational_transactional,en,"https://humayounkobir.vercel.app/"
"c language loops run",c1_syllabus_programs,informational_transactional,en,"https://humayounkobir.vercel.app/"
"prepare c language loops",c1_syllabus_programs,informational_transactional,en,"https://humayounkobir.vercel.app/"
"c language loops prepare",c1_syllabus_programs,informational_transactional,en,"https://humayounkobir.vercel.app/"
"solve c language loops",c1_syllabus_programs,informational_transactional,en,"https://humayounkobir.vercel.app/"
"c language loops solve",c1_syllabus_programs,informational_transactional,en,"https://humayounkobir.vercel.app/"
"c language recursion",c1_syllabus_programs,informational_transactional,en,"https://humayounkobir.vercel.app/"
"download c language recursion",c1_syllabus_programs,informational_transactional,en,"https://humayounkobir.vercel.app/"
"c language recursion download",c1_syllabus_programs,informational_transactional,en,"https://humayounkobir.vercel.app/"
"learn c language recursion",c1_syllabus_programs,informational_transactional,en,"https://humayounkobir.vercel.app/"
"c language recursion learn",c1_syllabus_programs,informational_transactional,en,"https://humayounkobir.vercel.app/"
"study c language recursion",c1_syllabus_programs,informational_transactional,en,"https://humayounkobir.vercel.app/"
"c language recursion study",c1_syllabus_programs,informational_transactional,en,"https://humayounkobir.vercel.app/"
"compare c language recursion",c1_syllabus_programs,informational_transactional,en,"https://humayounkobir.vercel.app/"
"c language recursion compare",c1_syllabus_programs,informational_transactional,en,"https://humayounkobir.vercel.app/"
"practice c language recursion",c1_syllabus_programs,informational_transactional,en,"https://humayounkobir.vercel.app/"
"c language recursion practice",c1_syllabus_programs,informational_transactional,en,"https://humayounkobir.vercel.app/"
"copy c language recursion",c1_syllabus_programs,informational_transactional,en,"https://humayounkobir.vercel.app/"
"c language recursion copy",c1_syllabus_programs,informational_transactional,en,"https://humayounkobir.vercel.app/"
"read c language recursion",c1_syllabus_programs,informational_transactional,en,"https://humayounkobir.vercel.app/"
"c language recursion read",c1_syllabus_programs,informational_transactional,en,"https://humayounkobir.vercel.app/"
"view c language recursion",c1_syllabus_programs,informational_transactional,en,"https://humayounkobir.vercel.app/"
"c language recursion view",c1_syllabus_programs,informational_transactional,en,"https://humayounkobir.vercel.app/"
"run c language recursion",c1_syllabus_programs,informational_transactional,en,"https://humayounkobir.vercel.app/"
"c language recursion run",c1_syllabus_programs,informational_transactional,en,"https://humayounkobir.vercel.app/"
"prepare c language recursion",c1_syllabus_programs,informational_transactional,en,"https://humayounkobir.vercel.app/"
"c language recursion prepare",c1_syllabus_programs,informational_transactional,en,"https://humayounkobir.vercel.app/"
"solve c language recursion",c1_syllabus_programs,informational_transactional,en,"https://humayounkobir.vercel.app/"
"c language recursion solve",c1_syllabus_programs,informational_transactional,en,"https://humayounkobir.vercel.app/"
"c language arrays",c1_syllabus_programs,informational_transactional,en,"https://humayounkobir.vercel.app/"
"download c language arrays",c1_syllabus_programs,informational_transactional,en,"https://humayounkobir.vercel.app/"
"c language arrays download",c1_syllabus_programs,informational_transactional,en,"https://humayounkobir.vercel.app/"
"learn c language arrays",c1_syllabus_programs,informational_transactional,en,"https://humayounkobir.vercel.app/"
"c language arrays learn",c1_syllabus_programs,informational_transactional,en,"https://humayounkobir.vercel.app/"
"study c language arrays",c1_syllabus_programs,informational_transactional,en,"https://humayounkobir.vercel.app/"
"c language arrays study",c1_syllabus_programs,informational_transactional,en,"https://humayounkobir.vercel.app/"
"compare c language arrays",c1_syllabus_programs,informational_transactional,en,"https://humayounkobir.vercel.app/"
"c language arrays compare",c1_syllabus_programs,informational_transactional,en,"https://humayounkobir.vercel.app/"
"practice c language arrays",c1_syllabus_programs,informational_transactional,en,"https://humayounkobir.vercel.app/"
"c language arrays practice",c1_syllabus_programs,informational_transactional,en,"https://humayounkobir.vercel.app/"
"copy c language arrays",c1_syllabus_programs,informational_transactional,en,"https://humayounkobir.vercel.app/"
"c language arrays copy",c1_syllabus_programs,informational_transactional,en,"https://humayounkobir.vercel.app/"
"read c language arrays",c1_syllabus_programs,informational_transactional,en,"https://humayounkobir.vercel.app/"
"c language arrays read",c1_syllabus_programs,informational_transactional,en,"https://humayounkobir.vercel.app/"
"view c language arrays",c1_syllabus_programs,informational_transactional,en,"https://humayounkobir.vercel.app/"
"c language arrays view",c1_syllabus_programs,informational_transactional,en,"https://humayounkobir.vercel.app/"
"run c language arrays",c1_syllabus_programs,informational_transactional,en,"https://humayounkobir.vercel.app/"
"c language arrays run",c1_syllabus_programs,informational_transactional,en,"https://humayounkobir.vercel.app/"
"prepare c language arrays",c1_syllabus_programs,informational_transactional,en,"https://humayounkobir.vercel.app/"
"c language arrays prepare",c1_syllabus_programs,informational_transactional,en,"https://humayounkobir.vercel.app/"
"solve c language arrays",c1_syllabus_programs,informational_transactional,en,"https://humayounkobir.vercel.app/"
"c language arrays solve",c1_syllabus_programs,informational_transactional,en,"https://humayounkobir.vercel.app/"
"c language pointers",c1_syllabus_programs,informational_transactional,en,"https://humayounkobir.vercel.app/"
"download c language pointers",c1_syllabus_programs,informational_transactional,en,"https://humayounkobir.vercel.app/"
"c language pointers download",c1_syllabus_programs,informational_transactional,en,"https://humayounkobir.vercel.app/"
"learn c language pointers",c1_syllabus_programs,informational_transactional,en,"https://humayounkobir.vercel.app/"
"c language pointers learn",c1_syllabus_programs,informational_transactional,en,"https://humayounkobir.vercel.app/"
"study c language pointers",c1_syllabus_programs,informational_transactional,en,"https://humayounkobir.vercel.app/"
"c language pointers study",c1_syllabus_programs,informational_transactional,en,"https://humayounkobir.vercel.app/"
"compare c language pointers",c1_syllabus_programs,informational_transactional,en,"https://humayounkobir.vercel.app/"
"c language pointers compare",c1_syllabus_programs,informational_transactional,en,"https://humayounkobir.vercel.app/"
"practice c language pointers",c1_syllabus_programs,informational_transactional,en,"https://humayounkobir.vercel.app/"
"c language pointers practice",c1_syllabus_programs,informational_transactional,en,"https://humayounkobir.vercel.app/"
"copy c language pointers",c1_syllabus_programs,informational_transactional,en,"https://humayounkobir.vercel.app/"
"c language pointers copy",c1_syllabus_programs,informational_transactional,en,"https://humayounkobir.vercel.app/"
"read c language pointers",c1_syllabus_programs,informational_transactional,en,"https://humayounkobir.vercel.app/"
"c language pointers read",c1_syllabus_programs,informational_transactional,en,"https://humayounkobir.vercel.app/"
"view c language pointers",c1_syllabus_programs,informational_transactional,en,"https://humayounkobir.vercel.app/"
"c language pointers view",c1_syllabus_programs,informational_transactional,en,"https://humayounkobir.vercel.app/"
"run c language pointers",c1_syllabus_programs,informational_transactional,en,"https://humayounkobir.vercel.app/"
"c language pointers run",c1_syllabus_programs,informational_transactional,en,"https://humayounkobir.vercel.app/"
"prepare c language pointers",c1_syllabus_programs,informational_transactional,en,"https://humayounkobir.vercel.app/"
"c language pointers prepare",c1_syllabus_programs,informational_transactional,en,"https://humayounkobir.vercel.app/"
"solve c language pointers",c1_syllabus_programs,informational_transactional,en,"https://humayounkobir.vercel.app/"
"c language pointers solve",c1_syllabus_programs,informational_transactional,en,"https://humayounkobir.vercel.app/"
"c language pdf",c1_syllabus_programs,informational_transactional,en,"https://humayounkobir.vercel.app/"
"download c language pdf",c1_syllabus_programs,informational_transactional,en,"https://humayounkobir.vercel.app/"
"c language pdf download",c1_syllabus_programs,informational_transactional,en,"https://humayounkobir.vercel.app/"
"learn c language pdf",c1_syllabus_programs,informational_transactional,en,"https://humayounkobir.vercel.app/"
"c language pdf learn",c1_syllabus_programs,informational_transactional,en,"https://humayounkobir.vercel.app/"
"study c language pdf",c1_syllabus_programs,informational_transactional,en,"https://humayounkobir.vercel.app/"
"c language pdf study",c1_syllabus_programs,informational_transactional,en,"https://humayounkobir.vercel.app/"
"compare c language pdf",c1_syllabus_programs,informational_transactional,en,"https://humayounkobir.vercel.app/"
"c language pdf compare",c1_syllabus_programs,informational_transactional,en,"https://humayounkobir.vercel.app/"
"practice c language pdf",c1_syllabus_programs,informational_transactional,en,"https://humayounkobir.vercel.app/"
"c language pdf practice",c1_syllabus_programs,informational_transactional,en,"https://humayounkobir.vercel.app/"
"copy c language pdf",c1_syllabus_programs,informational_transactional,en,"https://humayounkobir.vercel.app/"
"c language pdf copy",c1_syllabus_programs,informational_transactional,en,"https://humayounkobir.vercel.app/"
"read c language pdf",c1_syllabus_programs,informational_transactional,en,"https://humayounkobir.vercel.app/"
"c language pdf read",c1_syllabus_programs,informational_transactional,en,"https://humayounkobir.vercel.app/"
"view c language pdf",c1_syllabus_programs,informational_transactional,en,"https://humayounkobir.vercel.app/"
"c language pdf view",c1_syllabus_programs,informational_transactional,en,"https://humayounkobir.vercel.app/"
"run c language pdf",c1_syllabus_programs,informational_transactional,en,"https://humayounkobir.vercel.app/"
"c language pdf run",c1_syllabus_programs,informational_transactional,en,"https://humayounkobir.vercel.app/"
"prepare c language pdf",c1_syllabus_programs,informational_transactional,en,"https://humayounkobir.vercel.app/"
"c language pdf prepare",c1_syllabus_programs,informational_transactional,en,"https://humayounkobir.vercel.app/"
"solve c language pdf",c1_syllabus_programs,informational_transactional,en,"https://humayounkobir.vercel.app/"
"c language pdf solve",c1_syllabus_programs,informational_transactional,en,"https://humayounkobir.vercel.app/"
"c language book",c1_syllabus_programs,informational_transactional,en,"https://humayounkobir.vercel.app/"
"download c language book",c1_syllabus_programs,informational_transactional,en,"https://humayounkobir.vercel.app/"
"c language book download",c1_syllabus_programs,informational_transactional,en,"https://humayounkobir.vercel.app/"
"learn c language book",c1_syllabus_programs,informational_transactional,en,"https://humayounkobir.vercel.app/"
"c language book learn",c1_syllabus_programs,informational_transactional,en,"https://humayounkobir.vercel.app/"
"study c language book",c1_syllabus_programs,informational_transactional,en,"https://humayounkobir.vercel.app/"
"c language book study",c1_syllabus_programs,informational_transactional,en,"https://humayounkobir.vercel.app/"
"compare c language book",c1_syllabus_programs,informational_transactional,en,"https://humayounkobir.vercel.app/"
"c language book compare",c1_syllabus_programs,informational_transactional,en,"https://humayounkobir.vercel.app/"
"practice c language book",c1_syllabus_programs,informational_transactional,en,"https://humayounkobir.vercel.app/"
"c language book practice",c1_syllabus_programs,informational_transactional,en,"https://humayounkobir.vercel.app/"
"copy c language book",c1_syllabus_programs,informational_transactional,en,"https://humayounkobir.vercel.app/"
"c language book copy",c1_syllabus_programs,informational_transactional,en,"https://humayounkobir.vercel.app/"
"read c language book",c1_syllabus_programs,informational_transactional,en,"https://humayounkobir.vercel.app/"
"c language book read",c1_syllabus_programs,informational_transactional,en,"https://humayounkobir.vercel.app/"
"view c language book",c1_syllabus_programs,informational_transactional,en,"https://humayounkobir.vercel.app/"
"c language book view",c1_syllabus_programs,informational_transactional,en,"https://humayounkobir.vercel.app/"
"run c language book",c1_syllabus_programs,informational_transactional,en,"https://humayounkobir.vercel.app/"
"c language book run",c1_syllabus_programs,informational_transactional,en,"https://humayounkobir.vercel.app/"
"prepare c language book",c1_syllabus_programs,informational_transactional,en,"https://humayounkobir.vercel.app/"
"c language book prepare",c1_syllabus_programs,informational_transactional,en,"https://humayounkobir.vercel.app/"
"solve c language book",c1_syllabus_programs,informational_transactional,en,"https://humayounkobir.vercel.app/"
"c language book solve",c1_syllabus_programs,informational_transactional,en,"https://humayounkobir.vercel.app/"
"c language apk",c1_syllabus_programs,informational_transactional,en,"https://humayounkobir.vercel.app/"
"download c language apk",c1_syllabus_programs,informational_transactional,en,"https://humayounkobir.vercel.app/"
"c language apk download",c1_syllabus_programs,informational_transactional,en,"https://humayounkobir.vercel.app/"
"learn c language apk",c1_syllabus_programs,informational_transactional,en,"https://humayounkobir.vercel.app/"
"c language apk learn",c1_syllabus_programs,informational_transactional,en,"https://humayounkobir.vercel.app/"
"study c language apk",c1_syllabus_programs,informational_transactional,en,"https://humayounkobir.vercel.app/"
"c language apk study",c1_syllabus_programs,informational_transactional,en,"https://humayounkobir.vercel.app/"
"compare c language apk",c1_syllabus_programs,informational_transactional,en,"https://humayounkobir.vercel.app/"
"c language apk compare",c1_syllabus_programs,informational_transactional,en,"https://humayounkobir.vercel.app/"
"practice c language apk",c1_syllabus_programs,informational_transactional,en,"https://humayounkobir.vercel.app/"
"c language apk practice",c1_syllabus_programs,informational_transactional,en,"https://humayounkobir.vercel.app/"
"copy c language apk",c1_syllabus_programs,informational_transactional,en,"https://humayounkobir.vercel.app/"
"c language apk copy",c1_syllabus_programs,informational_transactional,en,"https://humayounkobir.vercel.app/"
"read c language apk",c1_syllabus_programs,informational_transactional,en,"https://humayounkobir.vercel.app/"
"c language apk read",c1_syllabus_programs,informational_transactional,en,"https://humayounkobir.vercel.app/"
"view c language apk",c1_syllabus_programs,informational_transactional,en,"https://humayounkobir.vercel.app/"
"c language apk view",c1_syllabus_programs,informational_transactional,en,"https://humayounkobir.vercel.app/"
"run c language apk",c1_syllabus_programs,informational_transactional,en,"https://humayounkobir.vercel.app/"
"c language apk run",c1_syllabus_programs,informational_transactional,en,"https://humayounkobir.vercel.app/"
"prepare c language apk",c1_syllabus_programs,informational_transactional,en,"https://humayounkobir.vercel.app/"
"c language apk prepare",c1_syllabus_programs,informational_transactional,en,"https://humayounkobir.vercel.app/"
"solve c language apk",c1_syllabus_programs,informational_transactional,en,"https://humayounkobir.vercel.app/"
"c language apk solve",c1_syllabus_programs,informational_transactional,en,"https://humayounkobir.vercel.app/"
"c language app",c1_syllabus_programs,informational_transactional,en,"https://humayounkobir.vercel.app/"
"download c language app",c1_syllabus_programs,informational_transactional,en,"https://humayounkobir.vercel.app/"
"c language app download",c1_syllabus_programs,informational_transactional,en,"https://humayounkobir.vercel.app/"
"learn c language app",c1_syllabus_programs,informational_transactional,en,"https://humayounkobir.vercel.app/"
"c language app learn",c1_syllabus_programs,informational_transactional,en,"https://humayounkobir.vercel.app/"
"study c language app",c1_syllabus_programs,informational_transactional,en,"https://humayounkobir.vercel.app/"
"c language app study",c1_syllabus_programs,informational_transactional,en,"https://humayounkobir.vercel.app/"
"compare c language app",c1_syllabus_programs,informational_transactional,en,"https://humayounkobir.vercel.app/"
"c language app compare",c1_syllabus_programs,informational_transactional,en,"https://humayounkobir.vercel.app/"
"practice c language app",c1_syllabus_programs,informational_transactional,en,"https://humayounkobir.vercel.app/"
"c language app practice",c1_syllabus_programs,informational_transactional,en,"https://humayounkobir.vercel.app/"
"copy c language app",c1_syllabus_programs,informational_transactional,en,"https://humayounkobir.vercel.app/"
"c language app copy",c1_syllabus_programs,informational_transactional,en,"https://humayounkobir.vercel.app/"
"read c language app",c1_syllabus_programs,informational_transactional,en,"https://humayounkobir.vercel.app/"
"c language app read",c1_syllabus_programs,informational_transactional,en,"https://humayounkobir.vercel.app/"
"view c language app",c1_syllabus_programs,informational_transactional,en,"https://humayounkobir.vercel.app/"
"c language app view",c1_syllabus_programs,informational_transactional,en,"https://humayounkobir.vercel.app/"
"run c language app",c1_syllabus_programs,informational_transactional,en,"https://humayounkobir.vercel.app/"
"c language app run",c1_syllabus_programs,informational_transactional,en,"https://humayounkobir.vercel.app/"
"prepare c language app",c1_syllabus_programs,informational_transactional,en,"https://humayounkobir.vercel.app/"
"c language app prepare",c1_syllabus_programs,informational_transactional,en,"https://humayounkobir.vercel.app/"
"solve c language app",c1_syllabus_programs,informational_transactional,en,"https://humayounkobir.vercel.app/"
"c language app solve",c1_syllabus_programs,informational_transactional,en,"https://humayounkobir.vercel.app/"
"c language notes",c1_syllabus_programs,informational_transactional,en,"https://humayounkobir.vercel.app/"
"download c language notes",c1_syllabus_programs,informational_transactional,en,"https://humayounkobir.vercel.app/"
"c language notes download",c1_syllabus_programs,informational_transactional,en,"https://humayounkobir.vercel.app/"
"learn c language notes",c1_syllabus_programs,informational_transactional,en,"https://humayounkobir.vercel.app/"
"c language notes learn",c1_syllabus_programs,informational_transactional,en,"https://humayounkobir.vercel.app/"
"study c language notes",c1_syllabus_programs,informational_transactional,en,"https://humayounkobir.vercel.app/"
"c language notes study",c1_syllabus_programs,informational_transactional,en,"https://humayounkobir.vercel.app/"
"compare c language notes",c1_syllabus_programs,informational_transactional,en,"https://humayounkobir.vercel.app/"
"c language notes compare",c1_syllabus_programs,informational_transactional,en,"https://humayounkobir.vercel.app/"
"practice c language notes",c1_syllabus_programs,informational_transactional,en,"https://humayounkobir.vercel.app/"
"c language notes practice",c1_syllabus_programs,informational_transactional,en,"https://humayounkobir.vercel.app/"
"copy c language notes",c1_syllabus_programs,informational_transactional,en,"https://humayounkobir.vercel.app/"
"c language notes copy",c1_syllabus_programs,informational_transactional,en,"https://humayounkobir.vercel.app/"
"read c language notes",c1_syllabus_programs,informational_transactional,en,"https://humayounkobir.vercel.app/"
"c language notes read",c1_syllabus_programs,informational_transactional,en,"https://humayounkobir.vercel.app/"
"view c language notes",c1_syllabus_programs,informational_transactional,en,"https://humayounkobir.vercel.app/"
"c language notes view",c1_syllabus_programs,informational_transactional,en,"https://humayounkobir.vercel.app/"
"run c language notes",c1_syllabus_programs,informational_transactional,en,"https://humayounkobir.vercel.app/"
"c language notes run",c1_syllabus_programs,informational_transactional,en,"https://humayounkobir.vercel.app/"
"prepare c language notes",c1_syllabus_programs,informational_transactional,en,"https://humayounkobir.vercel.app/"
"c language notes prepare",c1_syllabus_programs,informational_transactional,en,"https://humayounkobir.vercel.app/"
"solve c language notes",c1_syllabus_programs,informational_transactional,en,"https://humayounkobir.vercel.app/"
"c language notes solve",c1_syllabus_programs,informational_transactional,en,"https://humayounkobir.vercel.app/"
"c language solutions",c1_syllabus_programs,informational_transactional,en,"https://humayounkobir.vercel.app/"
"download c language solutions",c1_syllabus_programs,informational_transactional,en,"https://humayounkobir.vercel.app/"
"c language solutions download",c1_syllabus_programs,informational_transactional,en,"https://humayounkobir.vercel.app/"
"learn c language solutions",c1_syllabus_programs,informational_transactional,en,"https://humayounkobir.vercel.app/"
"c language solutions learn",c1_syllabus_programs,informational_transactional,en,"https://humayounkobir.vercel.app/"
"study c language solutions",c1_syllabus_programs,informational_transactional,en,"https://humayounkobir.vercel.app/"
"c language solutions study",c1_syllabus_programs,informational_transactional,en,"https://humayounkobir.vercel.app/"
"compare c language solutions",c1_syllabus_programs,informational_transactional,en,"https://humayounkobir.vercel.app/"
"c language solutions compare",c1_syllabus_programs,informational_transactional,en,"https://humayounkobir.vercel.app/"
"practice c language solutions",c1_syllabus_programs,informational_transactional,en,"https://humayounkobir.vercel.app/"
"c language solutions practice",c1_syllabus_programs,informational_transactional,en,"https://humayounkobir.vercel.app/"
"copy c language solutions",c1_syllabus_programs,informational_transactional,en,"https://humayounkobir.vercel.app/"
"c language solutions copy",c1_syllabus_programs,informational_transactional,en,"https://humayounkobir.vercel.app/"
"read c language solutions",c1_syllabus_programs,informational_transactional,en,"https://humayounkobir.vercel.app/"
"c language solutions read",c1_syllabus_programs,informational_transactional,en,"https://humayounkobir.vercel.app/"
"view c language solutions",c1_syllabus_programs,informational_transactional,en,"https://humayounkobir.vercel.app/"
"c language solutions view",c1_syllabus_programs,informational_transactional,en,"https://humayounkobir.vercel.app/"
"run c language solutions",c1_syllabus_programs,informational_transactional,en,"https://humayounkobir.vercel.app/"
"c language solutions run",c1_syllabus_programs,informational_transactional,en,"https://humayounkobir.vercel.app/"
"prepare c language solutions",c1_syllabus_programs,informational_transactional,en,"https://humayounkobir.vercel.app/"
"c language solutions prepare",c1_syllabus_programs,informational_transactional,en,"https://humayounkobir.vercel.app/"
"solve c language solutions",c1_syllabus_programs,informational_transactional,en,"https://humayounkobir.vercel.app/"
"c language solutions solve",c1_syllabus_programs,informational_transactional,en,"https://humayounkobir.vercel.app/"
"c plus plus programs",c1_syllabus_programs,informational_transactional,en,"https://humayounkobir.vercel.app/"
"download c plus plus programs",c1_syllabus_programs,informational_transactional,en,"https://humayounkobir.vercel.app/"
"c plus plus programs download",c1_syllabus_programs,informational_transactional,en,"https://humayounkobir.vercel.app/"
"learn c plus plus programs",c1_syllabus_programs,informational_transactional,en,"https://humayounkobir.vercel.app/"
"c plus plus programs learn",c1_syllabus_programs,informational_transactional,en,"https://humayounkobir.vercel.app/"
"study c plus plus programs",c1_syllabus_programs,informational_transactional,en,"https://humayounkobir.vercel.app/"
"c plus plus programs study",c1_syllabus_programs,informational_transactional,en,"https://humayounkobir.vercel.app/"
"compare c plus plus programs",c1_syllabus_programs,informational_transactional,en,"https://humayounkobir.vercel.app/"
"c plus plus programs compare",c1_syllabus_programs,informational_transactional,en,"https://humayounkobir.vercel.app/"
"practice c plus plus programs",c1_syllabus_programs,informational_transactional,en,"https://humayounkobir.vercel.app/"
"c plus plus programs practice",c1_syllabus_programs,informational_transactional,en,"https://humayounkobir.vercel.app/"
"copy c plus plus programs",c1_syllabus_programs,informational_transactional,en,"https://humayounkobir.vercel.app/"
"c plus plus programs copy",c1_syllabus_programs,informational_transactional,en,"https://humayounkobir.vercel.app/"
"read c plus plus programs",c1_syllabus_programs,informational_transactional,en,"https://humayounkobir.vercel.app/"
"c plus plus programs read",c1_syllabus_programs,informational_transactional,en,"https://humayounkobir.vercel.app/"
"view c plus plus programs",c1_syllabus_programs,informational_transactional,en,"https://humayounkobir.vercel.app/"
"c plus plus programs view",c1_syllabus_programs,informational_transactional,en,"https://humayounkobir.vercel.app/"
"run c plus plus programs",c1_syllabus_programs,informational_transactional,en,"https://humayounkobir.vercel.app/"
"c plus plus programs run",c1_syllabus_programs,informational_transactional,en,"https://humayounkobir.vercel.app/"
"prepare c plus plus programs",c1_syllabus_programs,informational_transactional,en,"https://humayounkobir.vercel.app/"
"c plus plus programs prepare",c1_syllabus_programs,informational_transactional,en,"https://humayounkobir.vercel.app/"
"solve c plus plus programs",c1_syllabus_programs,informational_transactional,en,"https://humayounkobir.vercel.app/"
"c plus plus programs solve",c1_syllabus_programs,informational_transactional,en,"https://humayounkobir.vercel.app/"
"c plus plus code",c1_syllabus_programs,informational_transactional,en,"https://humayounkobir.vercel.app/"
"download c plus plus code",c1_syllabus_programs,informational_transactional,en,"https://humayounkobir.vercel.app/"
"c plus plus code download",c1_syllabus_programs,informational_transactional,en,"https://humayounkobir.vercel.app/"
"learn c plus plus code",c1_syllabus_programs,informational_transactional,en,"https://humayounkobir.vercel.app/"
"c plus plus code learn",c1_syllabus_programs,informational_transactional,en,"https://humayounkobir.vercel.app/"
"study c plus plus code",c1_syllabus_programs,informational_transactional,en,"https://humayounkobir.vercel.app/"
"c plus plus code study",c1_syllabus_programs,informational_transactional,en,"https://humayounkobir.vercel.app/"
"compare c plus plus code",c1_syllabus_programs,informational_transactional,en,"https://humayounkobir.vercel.app/"
"c plus plus code compare",c1_syllabus_programs,informational_transactional,en,"https://humayounkobir.vercel.app/"
"practice c plus plus code",c1_syllabus_programs,informational_transactional,en,"https://humayounkobir.vercel.app/"
"c plus plus code practice",c1_syllabus_programs,informational_transactional,en,"https://humayounkobir.vercel.app/"
"copy c plus plus code",c1_syllabus_programs,informational_transactional,en,"https://humayounkobir.vercel.app/"
"c plus plus code copy",c1_syllabus_programs,informational_transactional,en,"https://humayounkobir.vercel.app/"
"read c plus plus code",c1_syllabus_programs,informational_transactional,en,"https://humayounkobir.vercel.app/"
"c plus plus code read",c1_syllabus_programs,informational_transactional,en,"https://humayounkobir.vercel.app/"
"view c plus plus code",c1_syllabus_programs,informational_transactional,en,"https://humayounkobir.vercel.app/"
"c plus plus code view",c1_syllabus_programs,informational_transactional,en,"https://humayounkobir.vercel.app/"
"run c plus plus code",c1_syllabus_programs,informational_transactional,en,"https://humayounkobir.vercel.app/"
"c plus plus code run",c1_syllabus_programs,informational_transactional,en,"https://humayounkobir.vercel.app/"
"prepare c plus plus code",c1_syllabus_programs,informational_transactional,en,"https://humayounkobir.vercel.app/"
"c plus plus code prepare",c1_syllabus_programs,informational_transactional,en,"https://humayounkobir.vercel.app/"
"solve c plus plus code",c1_syllabus_programs,informational_transactional,en,"https://humayounkobir.vercel.app/"
"c plus plus code solve",c1_syllabus_programs,informational_transactional,en,"https://humayounkobir.vercel.app/"
"c plus plus basic programs",c1_syllabus_programs,informational_transactional,en,"https://humayounkobir.vercel.app/"
"download c plus plus basic programs",c1_syllabus_programs,informational_transactional,en,"https://humayounkobir.vercel.app/"
"c plus plus basic programs download",c1_syllabus_programs,informational_transactional,en,"https://humayounkobir.vercel.app/"
"learn c plus plus basic programs",c1_syllabus_programs,informational_transactional,en,"https://humayounkobir.vercel.app/"
"c plus plus basic programs learn",c1_syllabus_programs,informational_transactional,en,"https://humayounkobir.vercel.app/"
"study c plus plus basic programs",c1_syllabus_programs,informational_transactional,en,"https://humayounkobir.vercel.app/"
"c plus plus basic programs study",c1_syllabus_programs,informational_transactional,en,"https://humayounkobir.vercel.app/"
"compare c plus plus basic programs",c1_syllabus_programs,informational_transactional,en,"https://humayounkobir.vercel.app/"
"c plus plus basic programs compare",c1_syllabus_programs,informational_transactional,en,"https://humayounkobir.vercel.app/"
"practice c plus plus basic programs",c1_syllabus_programs,informational_transactional,en,"https://humayounkobir.vercel.app/"
"c plus plus basic programs practice",c1_syllabus_programs,informational_transactional,en,"https://humayounkobir.vercel.app/"
"copy c plus plus basic programs",c1_syllabus_programs,informational_transactional,en,"https://humayounkobir.vercel.app/"
"c plus plus basic programs copy",c1_syllabus_programs,informational_transactional,en,"https://humayounkobir.vercel.app/"
"read c plus plus basic programs",c1_syllabus_programs,informational_transactional,en,"https://humayounkobir.vercel.app/"
"c plus plus basic programs read",c1_syllabus_programs,informational_transactional,en,"https://humayounkobir.vercel.app/"
"view c plus plus basic programs",c1_syllabus_programs,informational_transactional,en,"https://humayounkobir.vercel.app/"
"c plus plus basic programs view",c1_syllabus_programs,informational_transactional,en,"https://humayounkobir.vercel.app/"
"run c plus plus basic programs",c1_syllabus_programs,informational_transactional,en,"https://humayounkobir.vercel.app/"
"c plus plus basic programs run",c1_syllabus_programs,informational_transactional,en,"https://humayounkobir.vercel.app/"
"prepare c plus plus basic programs",c1_syllabus_programs,informational_transactional,en,"https://humayounkobir.vercel.app/"
"c plus plus basic programs prepare",c1_syllabus_programs,informational_transactional,en,"https://humayounkobir.vercel.app/"
"solve c plus plus basic programs",c1_syllabus_programs,informational_transactional,en,"https://humayounkobir.vercel.app/"
"c plus plus basic programs solve",c1_syllabus_programs,informational_transactional,en,"https://humayounkobir.vercel.app/"
"c plus plus syllabus",c1_syllabus_programs,informational_transactional,en,"https://humayounkobir.vercel.app/"
"download c plus plus syllabus",c1_syllabus_programs,informational_transactional,en,"https://humayounkobir.vercel.app/"
"c plus plus syllabus download",c1_syllabus_programs,informational_transactional,en,"https://humayounkobir.vercel.app/"
"learn c plus plus syllabus",c1_syllabus_programs,informational_transactional,en,"https://humayounkobir.vercel.app/"
"c plus plus syllabus learn",c1_syllabus_programs,informational_transactional,en,"https://humayounkobir.vercel.app/"
"study c plus plus syllabus",c1_syllabus_programs,informational_transactional,en,"https://humayounkobir.vercel.app/"
"c plus plus syllabus study",c1_syllabus_programs,informational_transactional,en,"https://humayounkobir.vercel.app/"
"compare c plus plus syllabus",c1_syllabus_programs,informational_transactional,en,"https://humayounkobir.vercel.app/"
"c plus plus syllabus compare",c1_syllabus_programs,informational_transactional,en,"https://humayounkobir.vercel.app/"
"practice c plus plus syllabus",c1_syllabus_programs,informational_transactional,en,"https://humayounkobir.vercel.app/"
"c plus plus syllabus practice",c1_syllabus_programs,informational_transactional,en,"https://humayounkobir.vercel.app/"
"copy c plus plus syllabus",c1_syllabus_programs,informational_transactional,en,"https://humayounkobir.vercel.app/"
"c plus plus syllabus copy",c1_syllabus_programs,informational_transactional,en,"https://humayounkobir.vercel.app/"
"read c plus plus syllabus",c1_syllabus_programs,informational_transactional,en,"https://humayounkobir.vercel.app/"
"c plus plus syllabus read",c1_syllabus_programs,informational_transactional,en,"https://humayounkobir.vercel.app/"
"view c plus plus syllabus",c1_syllabus_programs,informational_transactional,en,"https://humayounkobir.vercel.app/"
"c plus plus syllabus view",c1_syllabus_programs,informational_transactional,en,"https://humayounkobir.vercel.app/"
"run c plus plus syllabus",c1_syllabus_programs,informational_transactional,en,"https://humayounkobir.vercel.app/"
"c plus plus syllabus run",c1_syllabus_programs,informational_transactional,en,"https://humayounkobir.vercel.app/"
"prepare c plus plus syllabus",c1_syllabus_programs,informational_transactional,en,"https://humayounkobir.vercel.app/"
"c plus plus syllabus prepare",c1_syllabus_programs,informational_transactional,en,"https://humayounkobir.vercel.app/"
"solve c plus plus syllabus",c1_syllabus_programs,informational_transactional,en,"https://humayounkobir.vercel.app/"
"c plus plus syllabus solve",c1_syllabus_programs,informational_transactional,en,"https://humayounkobir.vercel.app/"
"c plus plus admission questions",c1_syllabus_programs,informational_transactional,en,"https://humayounkobir.vercel.app/"
"download c plus plus admission questions",c1_syllabus_programs,informational_transactional,en,"https://humayounkobir.vercel.app/"
"c plus plus admission questions download",c1_syllabus_programs,informational_transactional,en,"https://humayounkobir.vercel.app/"
"learn c plus plus admission questions",c1_syllabus_programs,informational_transactional,en,"https://humayounkobir.vercel.app/"
"c plus plus admission questions learn",c1_syllabus_programs,informational_transactional,en,"https://humayounkobir.vercel.app/"
"study c plus plus admission questions",c1_syllabus_programs,informational_transactional,en,"https://humayounkobir.vercel.app/"
"c plus plus admission questions study",c1_syllabus_programs,informational_transactional,en,"https://humayounkobir.vercel.app/"
"compare c plus plus admission questions",c1_syllabus_programs,informational_transactional,en,"https://humayounkobir.vercel.app/"
"c plus plus admission questions compare",c1_syllabus_programs,informational_transactional,en,"https://humayounkobir.vercel.app/"
"practice c plus plus admission questions",c1_syllabus_programs,informational_transactional,en,"https://humayounkobir.vercel.app/"
"c plus plus admission questions practice",c1_syllabus_programs,informational_transactional,en,"https://humayounkobir.vercel.app/"
"copy c plus plus admission questions",c1_syllabus_programs,informational_transactional,en,"https://humayounkobir.vercel.app/"
"c plus plus admission questions copy",c1_syllabus_programs,informational_transactional,en,"https://humayounkobir.vercel.app/"
"read c plus plus admission questions",c1_syllabus_programs,informational_transactional,en,"https://humayounkobir.vercel.app/"
"c plus plus admission questions read",c1_syllabus_programs,informational_transactional,en,"https://humayounkobir.vercel.app/"
"view c plus plus admission questions",c1_syllabus_programs,informational_transactional,en,"https://humayounkobir.vercel.app/"
"c plus plus admission questions view",c1_syllabus_programs,informational_transactional,en,"https://humayounkobir.vercel.app/"
"run c plus plus admission questions",c1_syllabus_programs,informational_transactional,en,"https://humayounkobir.vercel.app/"
"c plus plus admission questions run",c1_syllabus_programs,informational_transactional,en,"https://humayounkobir.vercel.app/"
"prepare c plus plus admission questions",c1_syllabus_programs,informational_transactional,en,"https://humayounkobir.vercel.app/"
"c plus plus admission questions prepare",c1_syllabus_programs,informational_transactional,en,"https://humayounkobir.vercel.app/"
"solve c plus plus admission questions",c1_syllabus_programs,informational_transactional,en,"https://humayounkobir.vercel.app/"
"c plus plus admission questions solve",c1_syllabus_programs,informational_transactional,en,"https://humayounkobir.vercel.app/"
"c plus plus pattern programs",c1_syllabus_programs,informational_transactional,en,"https://humayounkobir.vercel.app/"
"download c plus plus pattern programs",c1_syllabus_programs,informational_transactional,en,"https://humayounkobir.vercel.app/"
"c plus plus pattern programs download",c1_syllabus_programs,informational_transactional,en,"https://humayounkobir.vercel.app/"
"learn c plus plus pattern programs",c1_syllabus_programs,informational_transactional,en,"https://humayounkobir.vercel.app/"
"c plus plus pattern programs learn",c1_syllabus_programs,informational_transactional,en,"https://humayounkobir.vercel.app/"
"study c plus plus pattern programs",c1_syllabus_programs,informational_transactional,en,"https://humayounkobir.vercel.app/"
"c plus plus pattern programs study",c1_syllabus_programs,informational_transactional,en,"https://humayounkobir.vercel.app/"
"compare c plus plus pattern programs",c1_syllabus_programs,informational_transactional,en,"https://humayounkobir.vercel.app/"
"c plus plus pattern programs compare",c1_syllabus_programs,informational_transactional,en,"https://humayounkobir.vercel.app/"
"practice c plus plus pattern programs",c1_syllabus_programs,informational_transactional,en,"https://humayounkobir.vercel.app/"
"c plus plus pattern programs practice",c1_syllabus_programs,informational_transactional,en,"https://humayounkobir.vercel.app/"
"copy c plus plus pattern programs",c1_syllabus_programs,informational_transactional,en,"https://humayounkobir.vercel.app/"
"c plus plus pattern programs copy",c1_syllabus_programs,informational_transactional,en,"https://humayounkobir.vercel.app/"
"read c plus plus pattern programs",c1_syllabus_programs,informational_transactional,en,"https://humayounkobir.vercel.app/"
"c plus plus pattern programs read",c1_syllabus_programs,informational_transactional,en,"https://humayounkobir.vercel.app/"
"view c plus plus pattern programs",c1_syllabus_programs,informational_transactional,en,"https://humayounkobir.vercel.app/"
"c plus plus pattern programs view",c1_syllabus_programs,informational_transactional,en,"https://humayounkobir.vercel.app/"
"run c plus plus pattern programs",c1_syllabus_programs,informational_transactional,en,"https://humayounkobir.vercel.app/"
"c plus plus pattern programs run",c1_syllabus_programs,informational_transactional,en,"https://humayounkobir.vercel.app/"
"prepare c plus plus pattern programs",c1_syllabus_programs,informational_transactional,en,"https://humayounkobir.vercel.app/"
"c plus plus pattern programs prepare",c1_syllabus_programs,informational_transactional,en,"https://humayounkobir.vercel.app/"
"solve c plus plus pattern programs",c1_syllabus_programs,informational_transactional,en,"https://humayounkobir.vercel.app/"
"c plus plus pattern programs solve",c1_syllabus_programs,informational_transactional,en,"https://humayounkobir.vercel.app/"
"c plus plus series sum",c1_syllabus_programs,informational_transactional,en,"https://humayounkobir.vercel.app/"
"download c plus plus series sum",c1_syllabus_programs,informational_transactional,en,"https://humayounkobir.vercel.app/"
"c plus plus series sum download",c1_syllabus_programs,informational_transactional,en,"https://humayounkobir.vercel.app/"
"learn c plus plus series sum",c1_syllabus_programs,informational_transactional,en,"https://humayounkobir.vercel.app/"
"c plus plus series sum learn",c1_syllabus_programs,informational_transactional,en,"https://humayounkobir.vercel.app/"
"study c plus plus series sum",c1_syllabus_programs,informational_transactional,en,"https://humayounkobir.vercel.app/"
"c plus plus series sum study",c1_syllabus_programs,informational_transactional,en,"https://humayounkobir.vercel.app/"
"compare c plus plus series sum",c1_syllabus_programs,informational_transactional,en,"https://humayounkobir.vercel.app/"
"c plus plus series sum compare",c1_syllabus_programs,informational_transactional,en,"https://humayounkobir.vercel.app/"
"practice c plus plus series sum",c1_syllabus_programs,informational_transactional,en,"https://humayounkobir.vercel.app/"
"c plus plus series sum practice",c1_syllabus_programs,informational_transactional,en,"https://humayounkobir.vercel.app/"
"copy c plus plus series sum",c1_syllabus_programs,informational_transactional,en,"https://humayounkobir.vercel.app/"
"c plus plus series sum copy",c1_syllabus_programs,informational_transactional,en,"https://humayounkobir.vercel.app/"
"read c plus plus series sum",c1_syllabus_programs,informational_transactional,en,"https://humayounkobir.vercel.app/"
"c plus plus series sum read",c1_syllabus_programs,informational_transactional,en,"https://humayounkobir.vercel.app/"
"view c plus plus series sum",c1_syllabus_programs,informational_transactional,en,"https://humayounkobir.vercel.app/"
"c plus plus series sum view",c1_syllabus_programs,informational_transactional,en,"https://humayounkobir.vercel.app/"
"run c plus plus series sum",c1_syllabus_programs,informational_transactional,en,"https://humayounkobir.vercel.app/"
"c plus plus series sum run",c1_syllabus_programs,informational_transactional,en,"https://humayounkobir.vercel.app/"
"prepare c plus plus series sum",c1_syllabus_programs,informational_transactional,en,"https://humayounkobir.vercel.app/"
"c plus plus series sum prepare",c1_syllabus_programs,informational_transactional,en,"https://humayounkobir.vercel.app/"
"solve c plus plus series sum",c1_syllabus_programs,informational_transactional,en,"https://humayounkobir.vercel.app/"
"c plus plus series sum solve",c1_syllabus_programs,informational_transactional,en,"https://humayounkobir.vercel.app/"
"c plus plus loops",c1_syllabus_programs,informational_transactional,en,"https://humayounkobir.vercel.app/"
"download c plus plus loops",c1_syllabus_programs,informational_transactional,en,"https://humayounkobir.vercel.app/"
"c plus plus loops download",c1_syllabus_programs,informational_transactional,en,"https://humayounkobir.vercel.app/"
"learn c plus plus loops",c1_syllabus_programs,informational_transactional,en,"https://humayounkobir.vercel.app/"
"c plus plus loops learn",c1_syllabus_programs,informational_transactional,en,"https://humayounkobir.vercel.app/"
"study c plus plus loops",c1_syllabus_programs,informational_transactional,en,"https://humayounkobir.vercel.app/"
"c plus plus loops study",c1_syllabus_programs,informational_transactional,en,"https://humayounkobir.vercel.app/"
"compare c plus plus loops",c1_syllabus_programs,informational_transactional,en,"https://humayounkobir.vercel.app/"
"c plus plus loops compare",c1_syllabus_programs,informational_transactional,en,"https://humayounkobir.vercel.app/"
"practice c plus plus loops",c1_syllabus_programs,informational_transactional,en,"https://humayounkobir.vercel.app/"
"c plus plus loops practice",c1_syllabus_programs,informational_transactional,en,"https://humayounkobir.vercel.app/"
"copy c plus plus loops",c1_syllabus_programs,informational_transactional,en,"https://humayounkobir.vercel.app/"
"c plus plus loops copy",c1_syllabus_programs,informational_transactional,en,"https://humayounkobir.vercel.app/"
"read c plus plus loops",c1_syllabus_programs,informational_transactional,en,"https://humayounkobir.vercel.app/"
"c plus plus loops read",c1_syllabus_programs,informational_transactional,en,"https://humayounkobir.vercel.app/"
"view c plus plus loops",c1_syllabus_programs,informational_transactional,en,"https://humayounkobir.vercel.app/"
"c plus plus loops view",c1_syllabus_programs,informational_transactional,en,"https://humayounkobir.vercel.app/"
"run c plus plus loops",c1_syllabus_programs,informational_transactional,en,"https://humayounkobir.vercel.app/"
"c plus plus loops run",c1_syllabus_programs,informational_transactional,en,"https://humayounkobir.vercel.app/"
"prepare c plus plus loops",c1_syllabus_programs,informational_transactional,en,"https://humayounkobir.vercel.app/"
"c plus plus loops prepare",c1_syllabus_programs,informational_transactional,en,"https://humayounkobir.vercel.app/"
"solve c plus plus loops",c1_syllabus_programs,informational_transactional,en,"https://humayounkobir.vercel.app/"
"c plus plus loops solve",c1_syllabus_programs,informational_transactional,en,"https://humayounkobir.vercel.app/"
"c plus plus recursion",c1_syllabus_programs,informational_transactional,en,"https://humayounkobir.vercel.app/"
"download c plus plus recursion",c1_syllabus_programs,informational_transactional,en,"https://humayounkobir.vercel.app/"
"c plus plus recursion download",c1_syllabus_programs,informational_transactional,en,"https://humayounkobir.vercel.app/"
"learn c plus plus recursion",c1_syllabus_programs,informational_transactional,en,"https://humayounkobir.vercel.app/"
"c plus plus recursion learn",c1_syllabus_programs,informational_transactional,en,"https://humayounkobir.vercel.app/"
"study c plus plus recursion",c1_syllabus_programs,informational_transactional,en,"https://humayounkobir.vercel.app/"
"c plus plus recursion study",c1_syllabus_programs,informational_transactional,en,"https://humayounkobir.vercel.app/"
"compare c plus plus recursion",c1_syllabus_programs,informational_transactional,en,"https://humayounkobir.vercel.app/"
"c plus plus recursion compare",c1_syllabus_programs,informational_transactional,en,"https://humayounkobir.vercel.app/"
"practice c plus plus recursion",c1_syllabus_programs,informational_transactional,en,"https://humayounkobir.vercel.app/"
"c plus plus recursion practice",c1_syllabus_programs,informational_transactional,en,"https://humayounkobir.vercel.app/"
"copy c plus plus recursion",c1_syllabus_programs,informational_transactional,en,"https://humayounkobir.vercel.app/"
"c plus plus recursion copy",c1_syllabus_programs,informational_transactional,en,"https://humayounkobir.vercel.app/"
"read c plus plus recursion",c1_syllabus_programs,informational_transactional,en,"https://humayounkobir.vercel.app/"
"c plus plus recursion read",c1_syllabus_programs,informational_transactional,en,"https://humayounkobir.vercel.app/"
"view c plus plus recursion",c1_syllabus_programs,informational_transactional,en,"https://humayounkobir.vercel.app/"
"c plus plus recursion view",c1_syllabus_programs,informational_transactional,en,"https://humayounkobir.vercel.app/"
"run c plus plus recursion",c1_syllabus_programs,informational_transactional,en,"https://humayounkobir.vercel.app/"
"c plus plus recursion run",c1_syllabus_programs,informational_transactional,en,"https://humayounkobir.vercel.app/"
"prepare c plus plus recursion",c1_syllabus_programs,informational_transactional,en,"https://humayounkobir.vercel.app/"
"c plus plus recursion prepare",c1_syllabus_programs,informational_transactional,en,"https://humayounkobir.vercel.app/"
"solve c plus plus recursion",c1_syllabus_programs,informational_transactional,en,"https://humayounkobir.vercel.app/"
"c plus plus recursion solve",c1_syllabus_programs,informational_transactional,en,"https://humayounkobir.vercel.app/"
"c plus plus arrays",c1_syllabus_programs,informational_transactional,en,"https://humayounkobir.vercel.app/"
"download c plus plus arrays",c1_syllabus_programs,informational_transactional,en,"https://humayounkobir.vercel.app/"
"c plus plus arrays download",c1_syllabus_programs,informational_transactional,en,"https://humayounkobir.vercel.app/"
"learn c plus plus arrays",c1_syllabus_programs,informational_transactional,en,"https://humayounkobir.vercel.app/"
"c plus plus arrays learn",c1_syllabus_programs,informational_transactional,en,"https://humayounkobir.vercel.app/"
"study c plus plus arrays",c1_syllabus_programs,informational_transactional,en,"https://humayounkobir.vercel.app/"
"c plus plus arrays study",c1_syllabus_programs,informational_transactional,en,"https://humayounkobir.vercel.app/"
"compare c plus plus arrays",c1_syllabus_programs,informational_transactional,en,"https://humayounkobir.vercel.app/"
"c plus plus arrays compare",c1_syllabus_programs,informational_transactional,en,"https://humayounkobir.vercel.app/"
"practice c plus plus arrays",c1_syllabus_programs,informational_transactional,en,"https://humayounkobir.vercel.app/"
"c plus plus arrays practice",c1_syllabus_programs,informational_transactional,en,"https://humayounkobir.vercel.app/"
"copy c plus plus arrays",c1_syllabus_programs,informational_transactional,en,"https://humayounkobir.vercel.app/"
"c plus plus arrays copy",c1_syllabus_programs,informational_transactional,en,"https://humayounkobir.vercel.app/"
"read c plus plus arrays",c1_syllabus_programs,informational_transactional,en,"https://humayounkobir.vercel.app/"
"c plus plus arrays read",c1_syllabus_programs,informational_transactional,en,"https://humayounkobir.vercel.app/"
"view c plus plus arrays",c1_syllabus_programs,informational_transactional,en,"https://humayounkobir.vercel.app/"
"c plus plus arrays view",c1_syllabus_programs,informational_transactional,en,"https://humayounkobir.vercel.app/"
"run c plus plus arrays",c1_syllabus_programs,informational_transactional,en,"https://humayounkobir.vercel.app/"
"c plus plus arrays run",c1_syllabus_programs,informational_transactional,en,"https://humayounkobir.vercel.app/"
"prepare c plus plus arrays",c1_syllabus_programs,informational_transactional,en,"https://humayounkobir.vercel.app/"
"c plus plus arrays prepare",c1_syllabus_programs,informational_transactional,en,"https://humayounkobir.vercel.app/"
"solve c plus plus arrays",c1_syllabus_programs,informational_transactional,en,"https://humayounkobir.vercel.app/"
"c plus plus arrays solve",c1_syllabus_programs,informational_transactional,en,"https://humayounkobir.vercel.app/"
"c plus plus pointers",c1_syllabus_programs,informational_transactional,en,"https://humayounkobir.vercel.app/"
"download c plus plus pointers",c1_syllabus_programs,informational_transactional,en,"https://humayounkobir.vercel.app/"
"c plus plus pointers download",c1_syllabus_programs,informational_transactional,en,"https://humayounkobir.vercel.app/"
"learn c plus plus pointers",c1_syllabus_programs,informational_transactional,en,"https://humayounkobir.vercel.app/"
"c plus plus pointers learn",c1_syllabus_programs,informational_transactional,en,"https://humayounkobir.vercel.app/"
"study c plus plus pointers",c1_syllabus_programs,informational_transactional,en,"https://humayounkobir.vercel.app/"
"c plus plus pointers study",c1_syllabus_programs,informational_transactional,en,"https://humayounkobir.vercel.app/"
"compare c plus plus pointers",c1_syllabus_programs,informational_transactional,en,"https://humayounkobir.vercel.app/"
"c plus plus pointers compare",c1_syllabus_programs,informational_transactional,en,"https://humayounkobir.vercel.app/"
"practice c plus plus pointers",c1_syllabus_programs,informational_transactional,en,"https://humayounkobir.vercel.app/"
"c plus plus pointers practice",c1_syllabus_programs,informational_transactional,en,"https://humayounkobir.vercel.app/"
"copy c plus plus pointers",c1_syllabus_programs,informational_transactional,en,"https://humayounkobir.vercel.app/"
"c plus plus pointers copy",c1_syllabus_programs,informational_transactional,en,"https://humayounkobir.vercel.app/"
"read c plus plus pointers",c1_syllabus_programs,informational_transactional,en,"https://humayounkobir.vercel.app/"
"c plus plus pointers read",c1_syllabus_programs,informational_transactional,en,"https://humayounkobir.vercel.app/"
"view c plus plus pointers",c1_syllabus_programs,informational_transactional,en,"https://humayounkobir.vercel.app/"
"c plus plus pointers view",c1_syllabus_programs,informational_transactional,en,"https://humayounkobir.vercel.app/"
"run c plus plus pointers",c1_syllabus_programs,informational_transactional,en,"https://humayounkobir.vercel.app/"
"c plus plus pointers run",c1_syllabus_programs,informational_transactional,en,"https://humayounkobir.vercel.app/"
"prepare c plus plus pointers",c1_syllabus_programs,informational_transactional,en,"https://humayounkobir.vercel.app/"
"c plus plus pointers prepare",c1_syllabus_programs,informational_transactional,en,"https://humayounkobir.vercel.app/"
"solve c plus plus pointers",c1_syllabus_programs,informational_transactional,en,"https://humayounkobir.vercel.app/"
"c plus plus pointers solve",c1_syllabus_programs,informational_transactional,en,"https://humayounkobir.vercel.app/"
"c plus plus pdf",c1_syllabus_programs,informational_transactional,en,"https://humayounkobir.vercel.app/"
"download c plus plus pdf",c1_syllabus_programs,informational_transactional,en,"https://humayounkobir.vercel.app/"
"c plus plus pdf download",c1_syllabus_programs,informational_transactional,en,"https://humayounkobir.vercel.app/"
"learn c plus plus pdf",c1_syllabus_programs,informational_transactional,en,"https://humayounkobir.vercel.app/"
"c plus plus pdf learn",c1_syllabus_programs,informational_transactional,en,"https://humayounkobir.vercel.app/"
"study c plus plus pdf",c1_syllabus_programs,informational_transactional,en,"https://humayounkobir.vercel.app/"
"c plus plus pdf study",c1_syllabus_programs,informational_transactional,en,"https://humayounkobir.vercel.app/"
"compare c plus plus pdf",c1_syllabus_programs,informational_transactional,en,"https://humayounkobir.vercel.app/"
"c plus plus pdf compare",c1_syllabus_programs,informational_transactional,en,"https://humayounkobir.vercel.app/"
"practice c plus plus pdf",c1_syllabus_programs,informational_transactional,en,"https://humayounkobir.vercel.app/"
"c plus plus pdf practice",c1_syllabus_programs,informational_transactional,en,"https://humayounkobir.vercel.app/"
"copy c plus plus pdf",c1_syllabus_programs,informational_transactional,en,"https://humayounkobir.vercel.app/"
"c plus plus pdf copy",c1_syllabus_programs,informational_transactional,en,"https://humayounkobir.vercel.app/"
"read c plus plus pdf",c1_syllabus_programs,informational_transactional,en,"https://humayounkobir.vercel.app/"
"c plus plus pdf read",c1_syllabus_programs,informational_transactional,en,"https://humayounkobir.vercel.app/"
"view c plus plus pdf",c1_syllabus_programs,informational_transactional,en,"https://humayounkobir.vercel.app/"
"c plus plus pdf view",c1_syllabus_programs,informational_transactional,en,"https://humayounkobir.vercel.app/"
"run c plus plus pdf",c1_syllabus_programs,informational_transactional,en,"https://humayounkobir.vercel.app/"
"c plus plus pdf run",c1_syllabus_programs,informational_transactional,en,"https://humayounkobir.vercel.app/"
"prepare c plus plus pdf",c1_syllabus_programs,informational_transactional,en,"https://humayounkobir.vercel.app/"
"c plus plus pdf prepare",c1_syllabus_programs,informational_transactional,en,"https://humayounkobir.vercel.app/"
"solve c plus plus pdf",c1_syllabus_programs,informational_transactional,en,"https://humayounkobir.vercel.app/"
"c plus plus pdf solve",c1_syllabus_programs,informational_transactional,en,"https://humayounkobir.vercel.app/"
"c plus plus book",c1_syllabus_programs,informational_transactional,en,"https://humayounkobir.vercel.app/"
"download c plus plus book",c1_syllabus_programs,informational_transactional,en,"https://humayounkobir.vercel.app/"
"c plus plus book download",c1_syllabus_programs,informational_transactional,en,"https://humayounkobir.vercel.app/"
"learn c plus plus book",c1_syllabus_programs,informational_transactional,en,"https://humayounkobir.vercel.app/"
"c plus plus book learn",c1_syllabus_programs,informational_transactional,en,"https://humayounkobir.vercel.app/"
"study c plus plus book",c1_syllabus_programs,informational_transactional,en,"https://humayounkobir.vercel.app/"
"c plus plus book study",c1_syllabus_programs,informational_transactional,en,"https://humayounkobir.vercel.app/"
"compare c plus plus book",c1_syllabus_programs,informational_transactional,en,"https://humayounkobir.vercel.app/"
"c plus plus book compare",c1_syllabus_programs,informational_transactional,en,"https://humayounkobir.vercel.app/"
"practice c plus plus book",c1_syllabus_programs,informational_transactional,en,"https://humayounkobir.vercel.app/"
"c plus plus book practice",c1_syllabus_programs,informational_transactional,en,"https://humayounkobir.vercel.app/"
"copy c plus plus book",c1_syllabus_programs,informational_transactional,en,"https://humayounkobir.vercel.app/"
"c plus plus book copy",c1_syllabus_programs,informational_transactional,en,"https://humayounkobir.vercel.app/"
"read c plus plus book",c1_syllabus_programs,informational_transactional,en,"https://humayounkobir.vercel.app/"
"c plus plus book read",c1_syllabus_programs,informational_transactional,en,"https://humayounkobir.vercel.app/"
"view c plus plus book",c1_syllabus_programs,informational_transactional,en,"https://humayounkobir.vercel.app/"
"c plus plus book view",c1_syllabus_programs,informational_transactional,en,"https://humayounkobir.vercel.app/"
"run c plus plus book",c1_syllabus_programs,informational_transactional,en,"https://humayounkobir.vercel.app/"
"c plus plus book run",c1_syllabus_programs,informational_transactional,en,"https://humayounkobir.vercel.app/"
"prepare c plus plus book",c1_syllabus_programs,informational_transactional,en,"https://humayounkobir.vercel.app/"
"c plus plus book prepare",c1_syllabus_programs,informational_transactional,en,"https://humayounkobir.vercel.app/"
"solve c plus plus book",c1_syllabus_programs,informational_transactional,en,"https://humayounkobir.vercel.app/"
"c plus plus book solve",c1_syllabus_programs,informational_transactional,en,"https://humayounkobir.vercel.app/"
"c plus plus apk",c1_syllabus_programs,informational_transactional,en,"https://humayounkobir.vercel.app/"
"download c plus plus apk",c1_syllabus_programs,informational_transactional,en,"https://humayounkobir.vercel.app/"
"c plus plus apk download",c1_syllabus_programs,informational_transactional,en,"https://humayounkobir.vercel.app/"
"learn c plus plus apk",c1_syllabus_programs,informational_transactional,en,"https://humayounkobir.vercel.app/"
"c plus plus apk learn",c1_syllabus_programs,informational_transactional,en,"https://humayounkobir.vercel.app/"
"study c plus plus apk",c1_syllabus_programs,informational_transactional,en,"https://humayounkobir.vercel.app/"
"c plus plus apk study",c1_syllabus_programs,informational_transactional,en,"https://humayounkobir.vercel.app/"
"compare c plus plus apk",c1_syllabus_programs,informational_transactional,en,"https://humayounkobir.vercel.app/"
"c plus plus apk compare",c1_syllabus_programs,informational_transactional,en,"https://humayounkobir.vercel.app/"
"practice c plus plus apk",c1_syllabus_programs,informational_transactional,en,"https://humayounkobir.vercel.app/"
"c plus plus apk practice",c1_syllabus_programs,informational_transactional,en,"https://humayounkobir.vercel.app/"
"copy c plus plus apk",c1_syllabus_programs,informational_transactional,en,"https://humayounkobir.vercel.app/"
"c plus plus apk copy",c1_syllabus_programs,informational_transactional,en,"https://humayounkobir.vercel.app/"
"read c plus plus apk",c1_syllabus_programs,informational_transactional,en,"https://humayounkobir.vercel.app/"
"c plus plus apk read",c1_syllabus_programs,informational_transactional,en,"https://humayounkobir.vercel.app/"
"view c plus plus apk",c1_syllabus_programs,informational_transactional,en,"https://humayounkobir.vercel.app/"
"c plus plus apk view",c1_syllabus_programs,informational_transactional,en,"https://humayounkobir.vercel.app/"
"run c plus plus apk",c1_syllabus_programs,informational_transactional,en,"https://humayounkobir.vercel.app/"
"c plus plus apk run",c1_syllabus_programs,informational_transactional,en,"https://humayounkobir.vercel.app/"
"prepare c plus plus apk",c1_syllabus_programs,informational_transactional,en,"https://humayounkobir.vercel.app/"
"c plus plus apk prepare",c1_syllabus_programs,informational_transactional,en,"https://humayounkobir.vercel.app/"
"solve c plus plus apk",c1_syllabus_programs,informational_transactional,en,"https://humayounkobir.vercel.app/"
"c plus plus apk solve",c1_syllabus_programs,informational_transactional,en,"https://humayounkobir.vercel.app/"
"c plus plus app",c1_syllabus_programs,informational_transactional,en,"https://humayounkobir.vercel.app/"
"download c plus plus app",c1_syllabus_programs,informational_transactional,en,"https://humayounkobir.vercel.app/"
"c plus plus app download",c1_syllabus_programs,informational_transactional,en,"https://humayounkobir.vercel.app/"
"learn c plus plus app",c1_syllabus_programs,informational_transactional,en,"https://humayounkobir.vercel.app/"
"c plus plus app learn",c1_syllabus_programs,informational_transactional,en,"https://humayounkobir.vercel.app/"
"study c plus plus app",c1_syllabus_programs,informational_transactional,en,"https://humayounkobir.vercel.app/"
"c plus plus app study",c1_syllabus_programs,informational_transactional,en,"https://humayounkobir.vercel.app/"
"compare c plus plus app",c1_syllabus_programs,informational_transactional,en,"https://humayounkobir.vercel.app/"
"c plus plus app compare",c1_syllabus_programs,informational_transactional,en,"https://humayounkobir.vercel.app/"
"practice c plus plus app",c1_syllabus_programs,informational_transactional,en,"https://humayounkobir.vercel.app/"
"c plus plus app practice",c1_syllabus_programs,informational_transactional,en,"https://humayounkobir.vercel.app/"
"copy c plus plus app",c1_syllabus_programs,informational_transactional,en,"https://humayounkobir.vercel.app/"
"c plus plus app copy",c1_syllabus_programs,informational_transactional,en,"https://humayounkobir.vercel.app/"
"read c plus plus app",c1_syllabus_programs,informational_transactional,en,"https://humayounkobir.vercel.app/"
"c plus plus app read",c1_syllabus_programs,informational_transactional,en,"https://humayounkobir.vercel.app/"
"view c plus plus app",c1_syllabus_programs,informational_transactional,en,"https://humayounkobir.vercel.app/"
"c plus plus app view",c1_syllabus_programs,informational_transactional,en,"https://humayounkobir.vercel.app/"
"run c plus plus app",c1_syllabus_programs,informational_transactional,en,"https://humayounkobir.vercel.app/"
"c plus plus app run",c1_syllabus_programs,informational_transactional,en,"https://humayounkobir.vercel.app/"
"prepare c plus plus app",c1_syllabus_programs,informational_transactional,en,"https://humayounkobir.vercel.app/"
"c plus plus app prepare",c1_syllabus_programs,informational_transactional,en,"https://humayounkobir.vercel.app/"
"solve c plus plus app",c1_syllabus_programs,informational_transactional,en,"https://humayounkobir.vercel.app/"
"c plus plus app solve",c1_syllabus_programs,informational_transactional,en,"https://humayounkobir.vercel.app/"
"c plus plus notes",c1_syllabus_programs,informational_transactional,en,"https://humayounkobir.vercel.app/"
"download c plus plus notes",c1_syllabus_programs,informational_transactional,en,"https://humayounkobir.vercel.app/"
"c plus plus notes download",c1_syllabus_programs,informational_transactional,en,"https://humayounkobir.vercel.app/"
"learn c plus plus notes",c1_syllabus_programs,informational_transactional,en,"https://humayounkobir.vercel.app/"
"c plus plus notes learn",c1_syllabus_programs,informational_transactional,en,"https://humayounkobir.vercel.app/"
"study c plus plus notes",c1_syllabus_programs,informational_transactional,en,"https://humayounkobir.vercel.app/"
"c plus plus notes study",c1_syllabus_programs,informational_transactional,en,"https://humayounkobir.vercel.app/"
"compare c plus plus notes",c1_syllabus_programs,informational_transactional,en,"https://humayounkobir.vercel.app/"
"c plus plus notes compare",c1_syllabus_programs,informational_transactional,en,"https://humayounkobir.vercel.app/"
"practice c plus plus notes",c1_syllabus_programs,informational_transactional,en,"https://humayounkobir.vercel.app/"
"c plus plus notes practice",c1_syllabus_programs,informational_transactional,en,"https://humayounkobir.vercel.app/"
"copy c plus plus notes",c1_syllabus_programs,informational_transactional,en,"https://humayounkobir.vercel.app/"
"c plus plus notes copy",c1_syllabus_programs,informational_transactional,en,"https://humayounkobir.vercel.app/"
"read c plus plus notes",c1_syllabus_programs,informational_transactional,en,"https://humayounkobir.vercel.app/"
"c plus plus notes read",c1_syllabus_programs,informational_transactional,en,"https://humayounkobir.vercel.app/"
"view c plus plus notes",c1_syllabus_programs,informational_transactional,en,"https://humayounkobir.vercel.app/"
"c plus plus notes view",c1_syllabus_programs,informational_transactional,en,"https://humayounkobir.vercel.app/"
"run c plus plus notes",c1_syllabus_programs,informational_transactional,en,"https://humayounkobir.vercel.app/"
"c plus plus notes run",c1_syllabus_programs,informational_transactional,en,"https://humayounkobir.vercel.app/"
"prepare c plus plus notes",c1_syllabus_programs,informational_transactional,en,"https://humayounkobir.vercel.app/"
"c plus plus notes prepare",c1_syllabus_programs,informational_transactional,en,"https://humayounkobir.vercel.app/"
"solve c plus plus notes",c1_syllabus_programs,informational_transactional,en,"https://humayounkobir.vercel.app/"
"c plus plus notes solve",c1_syllabus_programs,informational_transactional,en,"https://humayounkobir.vercel.app/"
"c plus plus solutions",c1_syllabus_programs,informational_transactional,en,"https://humayounkobir.vercel.app/"
"download c plus plus solutions",c1_syllabus_programs,informational_transactional,en,"https://humayounkobir.vercel.app/"
"c plus plus solutions download",c1_syllabus_programs,informational_transactional,en,"https://humayounkobir.vercel.app/"
"learn c plus plus solutions",c1_syllabus_programs,informational_transactional,en,"https://humayounkobir.vercel.app/"
"c plus plus solutions learn",c1_syllabus_programs,informational_transactional,en,"https://humayounkobir.vercel.app/"
"study c plus plus solutions",c1_syllabus_programs,informational_transactional,en,"https://humayounkobir.vercel.app/"
"c plus plus solutions study",c1_syllabus_programs,informational_transactional,en,"https://humayounkobir.vercel.app/"
"compare c plus plus solutions",c1_syllabus_programs,informational_transactional,en,"https://humayounkobir.vercel.app/"
"c plus plus solutions compare",c1_syllabus_programs,informational_transactional,en,"https://humayounkobir.vercel.app/"
"practice c plus plus solutions",c1_syllabus_programs,informational_transactional,en,"https://humayounkobir.vercel.app/"
"c plus plus solutions practice",c1_syllabus_programs,informational_transactional,en,"https://humayounkobir.vercel.app/"
"copy c plus plus solutions",c1_syllabus_programs,informational_transactional,en,"https://humayounkobir.vercel.app/"
"c plus plus solutions copy",c1_syllabus_programs,informational_transactional,en,"https://humayounkobir.vercel.app/"
"read c plus plus solutions",c1_syllabus_programs,informational_transactional,en,"https://humayounkobir.vercel.app/"
"c plus plus solutions read",c1_syllabus_programs,informational_transactional,en,"https://humayounkobir.vercel.app/"
"view c plus plus solutions",c1_syllabus_programs,informational_transactional,en,"https://humayounkobir.vercel.app/"
"c plus plus solutions view",c1_syllabus_programs,informational_transactional,en,"https://humayounkobir.vercel.app/"
"run c plus plus solutions",c1_syllabus_programs,informational_transactional,en,"https://humayounkobir.vercel.app/"
"c plus plus solutions run",c1_syllabus_programs,informational_transactional,en,"https://humayounkobir.vercel.app/"
"prepare c plus plus solutions",c1_syllabus_programs,informational_transactional,en,"https://humayounkobir.vercel.app/"
"c plus plus solutions prepare",c1_syllabus_programs,informational_transactional,en,"https://humayounkobir.vercel.app/"
"solve c plus plus solutions",c1_syllabus_programs,informational_transactional,en,"https://humayounkobir.vercel.app/"
"c plus plus solutions solve",c1_syllabus_programs,informational_transactional,en,"https://humayounkobir.vercel.app/"
"pattern printing in c",c2_pattern_printing,educational_reference,en,"https://humayounkobir.vercel.app/#patterns"
"c pattern printing programs",c2_pattern_printing,educational_reference,en,"https://humayounkobir.vercel.app/#patterns"
"how to code pattern printing in c",c2_pattern_printing,educational_reference,en,"https://humayounkobir.vercel.app/#patterns"
"pattern printing in cpp",c2_pattern_printing,educational_reference,en,"https://humayounkobir.vercel.app/#patterns"
"cpp pattern printing programs",c2_pattern_printing,educational_reference,en,"https://humayounkobir.vercel.app/#patterns"
"how to code pattern printing in cpp",c2_pattern_printing,educational_reference,en,"https://humayounkobir.vercel.app/#patterns"
"pattern printing in c++",c2_pattern_printing,educational_reference,en,"https://humayounkobir.vercel.app/#patterns"
"c++ pattern printing programs",c2_pattern_printing,educational_reference,en,"https://humayounkobir.vercel.app/#patterns"
"how to code pattern printing in c++",c2_pattern_printing,educational_reference,en,"https://humayounkobir.vercel.app/#patterns"
"pattern printing in c programming",c2_pattern_printing,educational_reference,en,"https://humayounkobir.vercel.app/#patterns"
"c programming pattern printing programs",c2_pattern_printing,educational_reference,en,"https://humayounkobir.vercel.app/#patterns"
"how to code pattern printing in c programming",c2_pattern_printing,educational_reference,en,"https://humayounkobir.vercel.app/#patterns"
"pattern printing in duet",c2_pattern_printing,educational_reference,en,"https://humayounkobir.vercel.app/#patterns"
"duet pattern printing programs",c2_pattern_printing,educational_reference,en,"https://humayounkobir.vercel.app/#patterns"
"how to code pattern printing in duet",c2_pattern_printing,educational_reference,en,"https://humayounkobir.vercel.app/#patterns"
"star pattern in c",c2_pattern_printing,educational_reference,en,"https://humayounkobir.vercel.app/#patterns"
"c star pattern programs",c2_pattern_printing,educational_reference,en,"https://humayounkobir.vercel.app/#patterns"
"how to code star pattern in c",c2_pattern_printing,educational_reference,en,"https://humayounkobir.vercel.app/#patterns"
"star pattern in cpp",c2_pattern_printing,educational_reference,en,"https://humayounkobir.vercel.app/#patterns"
"cpp star pattern programs",c2_pattern_printing,educational_reference,en,"https://humayounkobir.vercel.app/#patterns"
"how to code star pattern in cpp",c2_pattern_printing,educational_reference,en,"https://humayounkobir.vercel.app/#patterns"
"star pattern in c++",c2_pattern_printing,educational_reference,en,"https://humayounkobir.vercel.app/#patterns"
"c++ star pattern programs",c2_pattern_printing,educational_reference,en,"https://humayounkobir.vercel.app/#patterns"
"how to code star pattern in c++",c2_pattern_printing,educational_reference,en,"https://humayounkobir.vercel.app/#patterns"
"star pattern in c programming",c2_pattern_printing,educational_reference,en,"https://humayounkobir.vercel.app/#patterns"
"c programming star pattern programs",c2_pattern_printing,educational_reference,en,"https://humayounkobir.vercel.app/#patterns"
"how to code star pattern in c programming",c2_pattern_printing,educational_reference,en,"https://humayounkobir.vercel.app/#patterns"
"star pattern in duet",c2_pattern_printing,educational_reference,en,"https://humayounkobir.vercel.app/#patterns"
"duet star pattern programs",c2_pattern_printing,educational_reference,en,"https://humayounkobir.vercel.app/#patterns"
"how to code star pattern in duet",c2_pattern_printing,educational_reference,en,"https://humayounkobir.vercel.app/#patterns"
"pyramid pattern in c",c2_pattern_printing,educational_reference,en,"https://humayounkobir.vercel.app/#patterns"
"c pyramid pattern programs",c2_pattern_printing,educational_reference,en,"https://humayounkobir.vercel.app/#patterns"
"how to code pyramid pattern in c",c2_pattern_printing,educational_reference,en,"https://humayounkobir.vercel.app/#patterns"
"pyramid pattern in cpp",c2_pattern_printing,educational_reference,en,"https://humayounkobir.vercel.app/#patterns"
"cpp pyramid pattern programs",c2_pattern_printing,educational_reference,en,"https://humayounkobir.vercel.app/#patterns"
"how to code pyramid pattern in cpp",c2_pattern_printing,educational_reference,en,"https://humayounkobir.vercel.app/#patterns"
"pyramid pattern in c++",c2_pattern_printing,educational_reference,en,"https://humayounkobir.vercel.app/#patterns"
"c++ pyramid pattern programs",c2_pattern_printing,educational_reference,en,"https://humayounkobir.vercel.app/#patterns"
"how to code pyramid pattern in c++",c2_pattern_printing,educational_reference,en,"https://humayounkobir.vercel.app/#patterns"
"pyramid pattern in c programming",c2_pattern_printing,educational_reference,en,"https://humayounkobir.vercel.app/#patterns"
"c programming pyramid pattern programs",c2_pattern_printing,educational_reference,en,"https://humayounkobir.vercel.app/#patterns"
"how to code pyramid pattern in c programming",c2_pattern_printing,educational_reference,en,"https://humayounkobir.vercel.app/#patterns"
"pyramid pattern in duet",c2_pattern_printing,educational_reference,en,"https://humayounkobir.vercel.app/#patterns"
"duet pyramid pattern programs",c2_pattern_printing,educational_reference,en,"https://humayounkobir.vercel.app/#patterns"
"how to code pyramid pattern in duet",c2_pattern_printing,educational_reference,en,"https://humayounkobir.vercel.app/#patterns"
"diamond pattern in c",c2_pattern_printing,educational_reference,en,"https://humayounkobir.vercel.app/#patterns"
"c diamond pattern programs",c2_pattern_printing,educational_reference,en,"https://humayounkobir.vercel.app/#patterns"
"how to code diamond pattern in c",c2_pattern_printing,educational_reference,en,"https://humayounkobir.vercel.app/#patterns"
"diamond pattern in cpp",c2_pattern_printing,educational_reference,en,"https://humayounkobir.vercel.app/#patterns"
"cpp diamond pattern programs",c2_pattern_printing,educational_reference,en,"https://humayounkobir.vercel.app/#patterns"
"how to code diamond pattern in cpp",c2_pattern_printing,educational_reference,en,"https://humayounkobir.vercel.app/#patterns"
"diamond pattern in c++",c2_pattern_printing,educational_reference,en,"https://humayounkobir.vercel.app/#patterns"
"c++ diamond pattern programs",c2_pattern_printing,educational_reference,en,"https://humayounkobir.vercel.app/#patterns"
"how to code diamond pattern in c++",c2_pattern_printing,educational_reference,en,"https://humayounkobir.vercel.app/#patterns"
"diamond pattern in c programming",c2_pattern_printing,educational_reference,en,"https://humayounkobir.vercel.app/#patterns"
"c programming diamond pattern programs",c2_pattern_printing,educational_reference,en,"https://humayounkobir.vercel.app/#patterns"
"how to code diamond pattern in c programming",c2_pattern_printing,educational_reference,en,"https://humayounkobir.vercel.app/#patterns"
"diamond pattern in duet",c2_pattern_printing,educational_reference,en,"https://humayounkobir.vercel.app/#patterns"
"duet diamond pattern programs",c2_pattern_printing,educational_reference,en,"https://humayounkobir.vercel.app/#patterns"
"how to code diamond pattern in duet",c2_pattern_printing,educational_reference,en,"https://humayounkobir.vercel.app/#patterns"
"number triangle in c",c2_pattern_printing,educational_reference,en,"https://humayounkobir.vercel.app/#patterns"
"c number triangle programs",c2_pattern_printing,educational_reference,en,"https://humayounkobir.vercel.app/#patterns"
"how to code number triangle in c",c2_pattern_printing,educational_reference,en,"https://humayounkobir.vercel.app/#patterns"
"number triangle in cpp",c2_pattern_printing,educational_reference,en,"https://humayounkobir.vercel.app/#patterns"
"cpp number triangle programs",c2_pattern_printing,educational_reference,en,"https://humayounkobir.vercel.app/#patterns"
"how to code number triangle in cpp",c2_pattern_printing,educational_reference,en,"https://humayounkobir.vercel.app/#patterns"
"number triangle in c++",c2_pattern_printing,educational_reference,en,"https://humayounkobir.vercel.app/#patterns"
"c++ number triangle programs",c2_pattern_printing,educational_reference,en,"https://humayounkobir.vercel.app/#patterns"
"how to code number triangle in c++",c2_pattern_printing,educational_reference,en,"https://humayounkobir.vercel.app/#patterns"
"number triangle in c programming",c2_pattern_printing,educational_reference,en,"https://humayounkobir.vercel.app/#patterns"
"c programming number triangle programs",c2_pattern_printing,educational_reference,en,"https://humayounkobir.vercel.app/#patterns"
"how to code number triangle in c programming",c2_pattern_printing,educational_reference,en,"https://humayounkobir.vercel.app/#patterns"
"number triangle in duet",c2_pattern_printing,educational_reference,en,"https://humayounkobir.vercel.app/#patterns"
"duet number triangle programs",c2_pattern_printing,educational_reference,en,"https://humayounkobir.vercel.app/#patterns"
"how to code number triangle in duet",c2_pattern_printing,educational_reference,en,"https://humayounkobir.vercel.app/#patterns"
"alphabet pattern in c",c2_pattern_printing,educational_reference,en,"https://humayounkobir.vercel.app/#patterns"
"c alphabet pattern programs",c2_pattern_printing,educational_reference,en,"https://humayounkobir.vercel.app/#patterns"
"how to code alphabet pattern in c",c2_pattern_printing,educational_reference,en,"https://humayounkobir.vercel.app/#patterns"
"alphabet pattern in cpp",c2_pattern_printing,educational_reference,en,"https://humayounkobir.vercel.app/#patterns"
"cpp alphabet pattern programs",c2_pattern_printing,educational_reference,en,"https://humayounkobir.vercel.app/#patterns"
"how to code alphabet pattern in cpp",c2_pattern_printing,educational_reference,en,"https://humayounkobir.vercel.app/#patterns"
"alphabet pattern in c++",c2_pattern_printing,educational_reference,en,"https://humayounkobir.vercel.app/#patterns"
"c++ alphabet pattern programs",c2_pattern_printing,educational_reference,en,"https://humayounkobir.vercel.app/#patterns"
"how to code alphabet pattern in c++",c2_pattern_printing,educational_reference,en,"https://humayounkobir.vercel.app/#patterns"
"alphabet pattern in c programming",c2_pattern_printing,educational_reference,en,"https://humayounkobir.vercel.app/#patterns"
"c programming alphabet pattern programs",c2_pattern_printing,educational_reference,en,"https://humayounkobir.vercel.app/#patterns"
"how to code alphabet pattern in c programming",c2_pattern_printing,educational_reference,en,"https://humayounkobir.vercel.app/#patterns"
"alphabet pattern in duet",c2_pattern_printing,educational_reference,en,"https://humayounkobir.vercel.app/#patterns"
"duet alphabet pattern programs",c2_pattern_printing,educational_reference,en,"https://humayounkobir.vercel.app/#patterns"
"how to code alphabet pattern in duet",c2_pattern_printing,educational_reference,en,"https://humayounkobir.vercel.app/#patterns"
"hash pattern in c",c2_pattern_printing,educational_reference,en,"https://humayounkobir.vercel.app/#patterns"
"c hash pattern programs",c2_pattern_printing,educational_reference,en,"https://humayounkobir.vercel.app/#patterns"
"how to code hash pattern in c",c2_pattern_printing,educational_reference,en,"https://humayounkobir.vercel.app/#patterns"
"hash pattern in cpp",c2_pattern_printing,educational_reference,en,"https://humayounkobir.vercel.app/#patterns"
"cpp hash pattern programs",c2_pattern_printing,educational_reference,en,"https://humayounkobir.vercel.app/#patterns"
"how to code hash pattern in cpp",c2_pattern_printing,educational_reference,en,"https://humayounkobir.vercel.app/#patterns"
"hash pattern in c++",c2_pattern_printing,educational_reference,en,"https://humayounkobir.vercel.app/#patterns"
"c++ hash pattern programs",c2_pattern_printing,educational_reference,en,"https://humayounkobir.vercel.app/#patterns"
"how to code hash pattern in c++",c2_pattern_printing,educational_reference,en,"https://humayounkobir.vercel.app/#patterns"
"hash pattern in c programming",c2_pattern_printing,educational_reference,en,"https://humayounkobir.vercel.app/#patterns"
"c programming hash pattern programs",c2_pattern_printing,educational_reference,en,"https://humayounkobir.vercel.app/#patterns"
"how to code hash pattern in c programming",c2_pattern_printing,educational_reference,en,"https://humayounkobir.vercel.app/#patterns"
"hash pattern in duet",c2_pattern_printing,educational_reference,en,"https://humayounkobir.vercel.app/#patterns"
"duet hash pattern programs",c2_pattern_printing,educational_reference,en,"https://humayounkobir.vercel.app/#patterns"
"how to code hash pattern in duet",c2_pattern_printing,educational_reference,en,"https://humayounkobir.vercel.app/#patterns"
"series sum c program",c3_series_and_loops,educational_solution,en,"https://humayounkobir.vercel.app/#series"
"c program series sum solution",c3_series_and_loops,educational_solution,en,"https://humayounkobir.vercel.app/#series"
"series sum c++ program",c3_series_and_loops,educational_solution,en,"https://humayounkobir.vercel.app/#series"
"c++ program series sum solution",c3_series_and_loops,educational_solution,en,"https://humayounkobir.vercel.app/#series"
"series sum duet admission",c3_series_and_loops,educational_solution,en,"https://humayounkobir.vercel.app/#series"
"duet admission series sum solution",c3_series_and_loops,educational_solution,en,"https://humayounkobir.vercel.app/#series"
"factorial series c program",c3_series_and_loops,educational_solution,en,"https://humayounkobir.vercel.app/#series"
"c program factorial series solution",c3_series_and_loops,educational_solution,en,"https://humayounkobir.vercel.app/#series"
"factorial series c++ program",c3_series_and_loops,educational_solution,en,"https://humayounkobir.vercel.app/#series"
"c++ program factorial series solution",c3_series_and_loops,educational_solution,en,"https://humayounkobir.vercel.app/#series"
"factorial series duet admission",c3_series_and_loops,educational_solution,en,"https://humayounkobir.vercel.app/#series"
"duet admission factorial series solution",c3_series_and_loops,educational_solution,en,"https://humayounkobir.vercel.app/#series"
"fibonacci c program",c3_series_and_loops,educational_solution,en,"https://humayounkobir.vercel.app/#series"
"c program fibonacci solution",c3_series_and_loops,educational_solution,en,"https://humayounkobir.vercel.app/#series"
"fibonacci c++ program",c3_series_and_loops,educational_solution,en,"https://humayounkobir.vercel.app/#series"
"c++ program fibonacci solution",c3_series_and_loops,educational_solution,en,"https://humayounkobir.vercel.app/#series"
"fibonacci duet admission",c3_series_and_loops,educational_solution,en,"https://humayounkobir.vercel.app/#series"
"duet admission fibonacci solution",c3_series_and_loops,educational_solution,en,"https://humayounkobir.vercel.app/#series"
"prime number c program",c3_series_and_loops,educational_solution,en,"https://humayounkobir.vercel.app/#series"
"c program prime number solution",c3_series_and_loops,educational_solution,en,"https://humayounkobir.vercel.app/#series"
"prime number c++ program",c3_series_and_loops,educational_solution,en,"https://humayounkobir.vercel.app/#series"
"c++ program prime number solution",c3_series_and_loops,educational_solution,en,"https://humayounkobir.vercel.app/#series"
"prime number duet admission",c3_series_and_loops,educational_solution,en,"https://humayounkobir.vercel.app/#series"
"duet admission prime number solution",c3_series_and_loops,educational_solution,en,"https://humayounkobir.vercel.app/#series"
"palindrome c program",c3_series_and_loops,educational_solution,en,"https://humayounkobir.vercel.app/#series"
"c program palindrome solution",c3_series_and_loops,educational_solution,en,"https://humayounkobir.vercel.app/#series"
"palindrome c++ program",c3_series_and_loops,educational_solution,en,"https://humayounkobir.vercel.app/#series"
"c++ program palindrome solution",c3_series_and_loops,educational_solution,en,"https://humayounkobir.vercel.app/#series"
"palindrome duet admission",c3_series_and_loops,educational_solution,en,"https://humayounkobir.vercel.app/#series"
"duet admission palindrome solution",c3_series_and_loops,educational_solution,en,"https://humayounkobir.vercel.app/#series"
"armstrong number c program",c3_series_and_loops,educational_solution,en,"https://humayounkobir.vercel.app/#series"
"c program armstrong number solution",c3_series_and_loops,educational_solution,en,"https://humayounkobir.vercel.app/#series"
"armstrong number c++ program",c3_series_and_loops,educational_solution,en,"https://humayounkobir.vercel.app/#series"
"c++ program armstrong number solution",c3_series_and_loops,educational_solution,en,"https://humayounkobir.vercel.app/#series"
"armstrong number duet admission",c3_series_and_loops,educational_solution,en,"https://humayounkobir.vercel.app/#series"
"duet admission armstrong number solution",c3_series_and_loops,educational_solution,en,"https://humayounkobir.vercel.app/#series"
"strong number c program",c3_series_and_loops,educational_solution,en,"https://humayounkobir.vercel.app/#series"
"c program strong number solution",c3_series_and_loops,educational_solution,en,"https://humayounkobir.vercel.app/#series"
"strong number c++ program",c3_series_and_loops,educational_solution,en,"https://humayounkobir.vercel.app/#series"
"c++ program strong number solution",c3_series_and_loops,educational_solution,en,"https://humayounkobir.vercel.app/#series"
"strong number duet admission",c3_series_and_loops,educational_solution,en,"https://humayounkobir.vercel.app/#series"
"duet admission strong number solution",c3_series_and_loops,educational_solution,en,"https://humayounkobir.vercel.app/#series"
"gcd lcm c program",c3_series_and_loops,educational_solution,en,"https://humayounkobir.vercel.app/#series"
"c program gcd lcm solution",c3_series_and_loops,educational_solution,en,"https://humayounkobir.vercel.app/#series"
"gcd lcm c++ program",c3_series_and_loops,educational_solution,en,"https://humayounkobir.vercel.app/#series"
"c++ program gcd lcm solution",c3_series_and_loops,educational_solution,en,"https://humayounkobir.vercel.app/#series"
"gcd lcm duet admission",c3_series_and_loops,educational_solution,en,"https://humayounkobir.vercel.app/#series"
"duet admission gcd lcm solution",c3_series_and_loops,educational_solution,en,"https://humayounkobir.vercel.app/#series"
"duet c pdf download",c4_pdf_ebook_download,transactional_download,en,"https://humayounkobir.vercel.app/DUET%20C%20%26%20C%2B%2B%20Programs.pdf"
"duet c++ pdf download",c4_pdf_ebook_download,transactional_download,en,"https://humayounkobir.vercel.app/DUET%20C%20%26%20C%2B%2B%20Programs.pdf"
"duet admission c programming pdf download",c4_pdf_ebook_download,transactional_download,en,"https://humayounkobir.vercel.app/DUET%20C%20%26%20C%2B%2B%20Programs.pdf"
"duet c pdf book",c4_pdf_ebook_download,transactional_download,en,"https://humayounkobir.vercel.app/DUET%20C%20%26%20C%2B%2B%20Programs.pdf"
"duet c++ pdf book",c4_pdf_ebook_download,transactional_download,en,"https://humayounkobir.vercel.app/DUET%20C%20%26%20C%2B%2B%20Programs.pdf"
"duet admission c programming pdf book",c4_pdf_ebook_download,transactional_download,en,"https://humayounkobir.vercel.app/DUET%20C%20%26%20C%2B%2B%20Programs.pdf"
"duet c syllabus sheet pdf",c4_pdf_ebook_download,transactional_download,en,"https://humayounkobir.vercel.app/DUET%20C%20%26%20C%2B%2B%20Programs.pdf"
"duet c++ syllabus sheet pdf",c4_pdf_ebook_download,transactional_download,en,"https://humayounkobir.vercel.app/DUET%20C%20%26%20C%2B%2B%20Programs.pdf"
"duet admission c programming syllabus sheet pdf",c4_pdf_ebook_download,transactional_download,en,"https://humayounkobir.vercel.app/DUET%20C%20%26%20C%2B%2B%20Programs.pdf"
"duet c 111 programs pdf",c4_pdf_ebook_download,transactional_download,en,"https://humayounkobir.vercel.app/DUET%20C%20%26%20C%2B%2B%20Programs.pdf"
"duet c++ 111 programs pdf",c4_pdf_ebook_download,transactional_download,en,"https://humayounkobir.vercel.app/DUET%20C%20%26%20C%2B%2B%20Programs.pdf"
"duet admission c programming 111 programs pdf",c4_pdf_ebook_download,transactional_download,en,"https://humayounkobir.vercel.app/DUET%20C%20%26%20C%2B%2B%20Programs.pdf"
"duet code apk download",c5_offline_apk_download,transactional_mobile,en,"https://github.com/humayunk45423/C-Cpp-Basic-programmes/releases/download/1.2/DUET.Code.1.2.apk"
"duet c program apk download",c5_offline_apk_download,transactional_mobile,en,"https://github.com/humayunk45423/C-Cpp-Basic-programmes/releases/download/1.2/DUET.Code.1.2.apk"
"duet code offline app",c5_offline_apk_download,transactional_mobile,en,"https://github.com/humayunk45423/C-Cpp-Basic-programmes/releases/download/1.2/DUET.Code.1.2.apk"
"duet c program offline app",c5_offline_apk_download,transactional_mobile,en,"https://github.com/humayunk45423/C-Cpp-Basic-programmes/releases/download/1.2/DUET.Code.1.2.apk"
"duet code android apk",c5_offline_apk_download,transactional_mobile,en,"https://github.com/humayunk45423/C-Cpp-Basic-programmes/releases/download/1.2/DUET.Code.1.2.apk"
"duet c program android apk",c5_offline_apk_download,transactional_mobile,en,"https://github.com/humayunk45423/C-Cpp-Basic-programmes/releases/download/1.2/DUET.Code.1.2.apk"
"duet code offline c programming app",c5_offline_apk_download,transactional_mobile,en,"https://github.com/humayunk45423/C-Cpp-Basic-programmes/releases/download/1.2/DUET.Code.1.2.apk"
"duet c program offline c programming app",c5_offline_apk_download,transactional_mobile,en,"https://github.com/humayunk45423/C-Cpp-Basic-programmes/releases/download/1.2/DUET.Code.1.2.apk"
"c vs cpp for duet",c6_comparison_side_by_side,comparative_study,en,"https://humayounkobir.vercel.app/#compare"
"c vs cpp basic programs",c6_comparison_side_by_side,comparative_study,en,"https://humayounkobir.vercel.app/#compare"
"c vs c++ code for duet",c6_comparison_side_by_side,comparative_study,en,"https://humayounkobir.vercel.app/#compare"
"c vs c++ code basic programs",c6_comparison_side_by_side,comparative_study,en,"https://humayounkobir.vercel.app/#compare"
"c and c++ side by side for duet",c6_comparison_side_by_side,comparative_study,en,"https://humayounkobir.vercel.app/#compare"
"c and c++ side by side basic programs",c6_comparison_side_by_side,comparative_study,en,"https://humayounkobir.vercel.app/#compare"
"difference between c and c++ program for duet",c6_comparison_side_by_side,comparative_study,en,"https://humayounkobir.vercel.app/#compare"
"difference between c and c++ program basic programs",c6_comparison_side_by_side,comparative_study,en,"https://humayounkobir.vercel.app/#compare"
"ডুয়েট প্রোগ্রাম",c1_syllabus_programs,informational_transactional,bn,"https://humayounkobir.vercel.app/"
"ডুয়েট প্রোগ্রাম ডাউনলোড",c1_syllabus_programs,informational_transactional,bn,"https://humayounkobir.vercel.app/"
"ডুয়েট প্রোগ্রাম শিখুন",c1_syllabus_programs,informational_transactional,bn,"https://humayounkobir.vercel.app/"
"ডুয়েট প্রোগ্রাম পড়ুন",c1_syllabus_programs,informational_transactional,bn,"https://humayounkobir.vercel.app/"
"ডুয়েট প্রোগ্রাম তুলনা করুন",c1_syllabus_programs,informational_transactional,bn,"https://humayounkobir.vercel.app/"
"ডুয়েট প্রোগ্রাম অনুশীলন",c1_syllabus_programs,informational_transactional,bn,"https://humayounkobir.vercel.app/"
"ডুয়েট প্রোগ্রাম কপি",c1_syllabus_programs,informational_transactional,bn,"https://humayounkobir.vercel.app/"
"ডুয়েট প্রোগ্রাম দেখুন",c1_syllabus_programs,informational_transactional,bn,"https://humayounkobir.vercel.app/"
"ডুয়েট প্রোগ্রাম প্রস্তুতি",c1_syllabus_programs,informational_transactional,bn,"https://humayounkobir.vercel.app/"
"ডুয়েট প্রোগ্রাম সমাধান",c1_syllabus_programs,informational_transactional,bn,"https://humayounkobir.vercel.app/"
"ডুয়েট কোড",c1_syllabus_programs,informational_transactional,bn,"https://humayounkobir.vercel.app/"
"ডুয়েট কোড ডাউনলোড",c1_syllabus_programs,informational_transactional,bn,"https://humayounkobir.vercel.app/"
"ডুয়েট কোড শিখুন",c1_syllabus_programs,informational_transactional,bn,"https://humayounkobir.vercel.app/"
"ডুয়েট কোড পড়ুন",c1_syllabus_programs,informational_transactional,bn,"https://humayounkobir.vercel.app/"
"ডুয়েট কোড তুলনা করুন",c1_syllabus_programs,informational_transactional,bn,"https://humayounkobir.vercel.app/"
"ডুয়েট কোড অনুশীলন",c1_syllabus_programs,informational_transactional,bn,"https://humayounkobir.vercel.app/"
"ডুয়েট কোড কপি",c1_syllabus_programs,informational_transactional,bn,"https://humayounkobir.vercel.app/"
"ডুয়েট কোড দেখুন",c1_syllabus_programs,informational_transactional,bn,"https://humayounkobir.vercel.app/"
"ডুয়েট কোড প্রস্তুতি",c1_syllabus_programs,informational_transactional,bn,"https://humayounkobir.vercel.app/"
"ডুয়েট কোড সমাধান",c1_syllabus_programs,informational_transactional,bn,"https://humayounkobir.vercel.app/"
"ডুয়েট বেসিক প্রোগ্রাম",c1_syllabus_programs,informational_transactional,bn,"https://humayounkobir.vercel.app/"
"ডুয়েট বেসিক প্রোগ্রাম ডাউনলোড",c1_syllabus_programs,informational_transactional,bn,"https://humayounkobir.vercel.app/"
"ডুয়েট বেসিক প্রোগ্রাম শিখুন",c1_syllabus_programs,informational_transactional,bn,"https://humayounkobir.vercel.app/"
"ডুয়েট বেসিক প্রোগ্রাম পড়ুন",c1_syllabus_programs,informational_transactional,bn,"https://humayounkobir.vercel.app/"
"ডুয়েট বেসিক প্রোগ্রাম তুলনা করুন",c1_syllabus_programs,informational_transactional,bn,"https://humayounkobir.vercel.app/"
"ডুয়েট বেসিক প্রোগ্রাম অনুশীলন",c1_syllabus_programs,informational_transactional,bn,"https://humayounkobir.vercel.app/"
"ডুয়েট বেসিক প্রোগ্রাম কপি",c1_syllabus_programs,informational_transactional,bn,"https://humayounkobir.vercel.app/"
"ডুয়েট বেসিক প্রোগ্রাম দেখুন",c1_syllabus_programs,informational_transactional,bn,"https://humayounkobir.vercel.app/"
"ডুয়েট বেসিক প্রোগ্রাম প্রস্তুতি",c1_syllabus_programs,informational_transactional,bn,"https://humayounkobir.vercel.app/"
"ডুয়েট বেসিক প্রোগ্রাম সমাধান",c1_syllabus_programs,informational_transactional,bn,"https://humayounkobir.vercel.app/"
"ডুয়েট সিলেবাস",c1_syllabus_programs,informational_transactional,bn,"https://humayounkobir.vercel.app/"
"ডুয়েট সিলেবাস ডাউনলোড",c1_syllabus_programs,informational_transactional,bn,"https://humayounkobir.vercel.app/"
"ডুয়েট সিলেবাস শিখুন",c1_syllabus_programs,informational_transactional,bn,"https://humayounkobir.vercel.app/"
"ডুয়েট সিলেবাস পড়ুন",c1_syllabus_programs,informational_transactional,bn,"https://humayounkobir.vercel.app/"
"ডুয়েট সিলেবাস তুলনা করুন",c1_syllabus_programs,informational_transactional,bn,"https://humayounkobir.vercel.app/"
"ডুয়েট সিলেবাস অনুশীলন",c1_syllabus_programs,informational_transactional,bn,"https://humayounkobir.vercel.app/"
"ডুয়েট সিলেবাস কপি",c1_syllabus_programs,informational_transactional,bn,"https://humayounkobir.vercel.app/"
"ডুয়েট সিলেবাস দেখুন",c1_syllabus_programs,informational_transactional,bn,"https://humayounkobir.vercel.app/"
"ডুয়েট সিলেবাস প্রস্তুতি",c1_syllabus_programs,informational_transactional,bn,"https://humayounkobir.vercel.app/"
"ডুয়েট সিলেবাস সমাধান",c1_syllabus_programs,informational_transactional,bn,"https://humayounkobir.vercel.app/"
"ডুয়েট ভর্তি প্রশ্ন",c1_syllabus_programs,informational_transactional,bn,"https://humayounkobir.vercel.app/"
"ডুয়েট ভর্তি প্রশ্ন ডাউনলোড",c1_syllabus_programs,informational_transactional,bn,"https://humayounkobir.vercel.app/"
"ডুয়েট ভর্তি প্রশ্ন শিখুন",c1_syllabus_programs,informational_transactional,bn,"https://humayounkobir.vercel.app/"
"ডুয়েট ভর্তি প্রশ্ন পড়ুন",c1_syllabus_programs,informational_transactional,bn,"https://humayounkobir.vercel.app/"
"ডুয়েট ভর্তি প্রশ্ন তুলনা করুন",c1_syllabus_programs,informational_transactional,bn,"https://humayounkobir.vercel.app/"
"ডুয়েট ভর্তি প্রশ্ন অনুশীলন",c1_syllabus_programs,informational_transactional,bn,"https://humayounkobir.vercel.app/"
"ডুয়েট ভর্তি প্রশ্ন কপি",c1_syllabus_programs,informational_transactional,bn,"https://humayounkobir.vercel.app/"
"ডুয়েট ভর্তি প্রশ্ন দেখুন",c1_syllabus_programs,informational_transactional,bn,"https://humayounkobir.vercel.app/"
"ডুয়েট ভর্তি প্রশ্ন প্রস্তুতি",c1_syllabus_programs,informational_transactional,bn,"https://humayounkobir.vercel.app/"
"ডুয়েট ভর্তি প্রশ্ন সমাধান",c1_syllabus_programs,informational_transactional,bn,"https://humayounkobir.vercel.app/"
"ডুয়েট প্যাটার্ন প্রোগ্রাম",c1_syllabus_programs,informational_transactional,bn,"https://humayounkobir.vercel.app/"
"ডুয়েট প্যাটার্ন প্রোগ্রাম ডাউনলোড",c1_syllabus_programs,informational_transactional,bn,"https://humayounkobir.vercel.app/"
"ডুয়েট প্যাটার্ন প্রোগ্রাম শিখুন",c1_syllabus_programs,informational_transactional,bn,"https://humayounkobir.vercel.app/"
"ডুয়েট প্যাটার্ন প্রোগ্রাম পড়ুন",c1_syllabus_programs,informational_transactional,bn,"https://humayounkobir.vercel.app/"
"ডুয়েট প্যাটার্ন প্রোগ্রাম তুলনা করুন",c1_syllabus_programs,informational_transactional,bn,"https://humayounkobir.vercel.app/"
"ডুয়েট প্যাটার্ন প্রোগ্রাম অনুশীলন",c1_syllabus_programs,informational_transactional,bn,"https://humayounkobir.vercel.app/"
"ডুয়েট প্যাটার্ন প্রোগ্রাম কপি",c1_syllabus_programs,informational_transactional,bn,"https://humayounkobir.vercel.app/"
"ডুয়েট প্যাটার্ন প্রোগ্রাম দেখুন",c1_syllabus_programs,informational_transactional,bn,"https://humayounkobir.vercel.app/"
"ডুয়েট প্যাটার্ন প্রোগ্রাম প্রস্তুতি",c1_syllabus_programs,informational_transactional,bn,"https://humayounkobir.vercel.app/"
"ডুয়েট প্যাটার্ন প্রোগ্রাম সমাধান",c1_syllabus_programs,informational_transactional,bn,"https://humayounkobir.vercel.app/"
"ডুয়েট ধারা যোগফল",c1_syllabus_programs,informational_transactional,bn,"https://humayounkobir.vercel.app/"
"ডুয়েট ধারা যোগফল ডাউনলোড",c1_syllabus_programs,informational_transactional,bn,"https://humayounkobir.vercel.app/"
"ডুয়েট ধারা যোগফল শিখুন",c1_syllabus_programs,informational_transactional,bn,"https://humayounkobir.vercel.app/"
"ডুয়েট ধারা যোগফল পড়ুন",c1_syllabus_programs,informational_transactional,bn,"https://humayounkobir.vercel.app/"
"ডুয়েট ধারা যোগফল তুলনা করুন",c1_syllabus_programs,informational_transactional,bn,"https://humayounkobir.vercel.app/"
"ডুয়েট ধারা যোগফল অনুশীলন",c1_syllabus_programs,informational_transactional,bn,"https://humayounkobir.vercel.app/"
"ডুয়েট ধারা যোগফল কপি",c1_syllabus_programs,informational_transactional,bn,"https://humayounkobir.vercel.app/"
"ডুয়েট ধারা যোগফল দেখুন",c1_syllabus_programs,informational_transactional,bn,"https://humayounkobir.vercel.app/"
"ডুয়েট ধারা যোগফল প্রস্তুতি",c1_syllabus_programs,informational_transactional,bn,"https://humayounkobir.vercel.app/"
"ডুয়েট ধারা যোগফল সমাধান",c1_syllabus_programs,informational_transactional,bn,"https://humayounkobir.vercel.app/"
"ডুয়েট লুপ",c1_syllabus_programs,informational_transactional,bn,"https://humayounkobir.vercel.app/"
"ডুয়েট লুপ ডাউনলোড",c1_syllabus_programs,informational_transactional,bn,"https://humayounkobir.vercel.app/"
"ডুয়েট লুপ শিখুন",c1_syllabus_programs,informational_transactional,bn,"https://humayounkobir.vercel.app/"
"ডুয়েট লুপ পড়ুন",c1_syllabus_programs,informational_transactional,bn,"https://humayounkobir.vercel.app/"
"ডুয়েট লুপ তুলনা করুন",c1_syllabus_programs,informational_transactional,bn,"https://humayounkobir.vercel.app/"
"ডুয়েট লুপ অনুশীলন",c1_syllabus_programs,informational_transactional,bn,"https://humayounkobir.vercel.app/"
"ডুয়েট লুপ কপি",c1_syllabus_programs,informational_transactional,bn,"https://humayounkobir.vercel.app/"
"ডুয়েট লুপ দেখুন",c1_syllabus_programs,informational_transactional,bn,"https://humayounkobir.vercel.app/"
"ডুয়েট লুপ প্রস্তুতি",c1_syllabus_programs,informational_transactional,bn,"https://humayounkobir.vercel.app/"
"ডুয়েট লুপ সমাধান",c1_syllabus_programs,informational_transactional,bn,"https://humayounkobir.vercel.app/"
"ডুয়েট রিকrecursive",c1_syllabus_programs,informational_transactional,bn,"https://humayounkobir.vercel.app/"
"ডুয়েট রিকrecursive ডাউনলোড",c1_syllabus_programs,informational_transactional,bn,"https://humayounkobir.vercel.app/"
"ডুয়েট রিকrecursive শিখুন",c1_syllabus_programs,informational_transactional,bn,"https://humayounkobir.vercel.app/"
"ডুয়েট রিকrecursive পড়ুন",c1_syllabus_programs,informational_transactional,bn,"https://humayounkobir.vercel.app/"
"ডুয়েট রিকrecursive তুলনা করুন",c1_syllabus_programs,informational_transactional,bn,"https://humayounkobir.vercel.app/"
"ডুয়েট রিকrecursive অনুশীলন",c1_syllabus_programs,informational_transactional,bn,"https://humayounkobir.vercel.app/"
"ডুয়েট রিকrecursive কপি",c1_syllabus_programs,informational_transactional,bn,"https://humayounkobir.vercel.app/"
"ডুয়েট রিকrecursive দেখুন",c1_syllabus_programs,informational_transactional,bn,"https://humayounkobir.vercel.app/"
"ডুয়েট রিকrecursive প্রস্তুতি",c1_syllabus_programs,informational_transactional,bn,"https://humayounkobir.vercel.app/"
"ডুয়েট রিকrecursive সমাধান",c1_syllabus_programs,informational_transactional,bn,"https://humayounkobir.vercel.app/"
"ডুয়েট অ্যারে",c1_syllabus_programs,informational_transactional,bn,"https://humayounkobir.vercel.app/"
"ডুয়েট অ্যারে ডাউনলোড",c1_syllabus_programs,informational_transactional,bn,"https://humayounkobir.vercel.app/"
"ডুয়েট অ্যারে শিখুন",c1_syllabus_programs,informational_transactional,bn,"https://humayounkobir.vercel.app/"
"ডুয়েট অ্যারে পড়ুন",c1_syllabus_programs,informational_transactional,bn,"https://humayounkobir.vercel.app/"
"ডুয়েট অ্যারে তুলনা করুন",c1_syllabus_programs,informational_transactional,bn,"https://humayounkobir.vercel.app/"
"ডুয়েট অ্যারে অনুশীলন",c1_syllabus_programs,informational_transactional,bn,"https://humayounkobir.vercel.app/"
"ডুয়েট অ্যারে কপি",c1_syllabus_programs,informational_transactional,bn,"https://humayounkobir.vercel.app/"
"ডুয়েট অ্যারে দেখুন",c1_syllabus_programs,informational_transactional,bn,"https://humayounkobir.vercel.app/"
"ডুয়েট অ্যারে প্রস্তুতি",c1_syllabus_programs,informational_transactional,bn,"https://humayounkobir.vercel.app/"
"ডুয়েট অ্যারে সমাধান",c1_syllabus_programs,informational_transactional,bn,"https://humayounkobir.vercel.app/"
"ডুয়েট পয়েন্টার",c1_syllabus_programs,informational_transactional,bn,"https://humayounkobir.vercel.app/"
"ডুয়েট পয়েন্টার ডাউনলোড",c1_syllabus_programs,informational_transactional,bn,"https://humayounkobir.vercel.app/"
"ডুয়েট পয়েন্টার শিখুন",c1_syllabus_programs,informational_transactional,bn,"https://humayounkobir.vercel.app/"
"ডুয়েট পয়েন্টার পড়ুন",c1_syllabus_programs,informational_transactional,bn,"https://humayounkobir.vercel.app/"
"ডুয়েট পয়েন্টার তুলনা করুন",c1_syllabus_programs,informational_transactional,bn,"https://humayounkobir.vercel.app/"
"ডুয়েট পয়েন্টার অনুশীলন",c1_syllabus_programs,informational_transactional,bn,"https://humayounkobir.vercel.app/"
"ডুয়েট পয়েন্টার কপি",c1_syllabus_programs,informational_transactional,bn,"https://humayounkobir.vercel.app/"
"ডুয়েট পয়েন্টার দেখুন",c1_syllabus_programs,informational_transactional,bn,"https://humayounkobir.vercel.app/"
"ডুয়েট পয়েন্টার প্রস্তুতি",c1_syllabus_programs,informational_transactional,bn,"https://humayounkobir.vercel.app/"
"ডুয়েট পয়েন্টার সমাধান",c1_syllabus_programs,informational_transactional,bn,"https://humayounkobir.vercel.app/"
"ডুয়েট পিডিএফ",c1_syllabus_programs,informational_transactional,bn,"https://humayounkobir.vercel.app/"
"ডুয়েট পিডিএফ ডাউনলোড",c1_syllabus_programs,informational_transactional,bn,"https://humayounkobir.vercel.app/"
"ডুয়েট পিডিএফ শিখুন",c1_syllabus_programs,informational_transactional,bn,"https://humayounkobir.vercel.app/"
"ডুয়েট পিডিএফ পড়ুন",c1_syllabus_programs,informational_transactional,bn,"https://humayounkobir.vercel.app/"
"ডুয়েট পিডিএফ তুলনা করুন",c1_syllabus_programs,informational_transactional,bn,"https://humayounkobir.vercel.app/"
"ডুয়েট পিডিএফ অনুশীলন",c1_syllabus_programs,informational_transactional,bn,"https://humayounkobir.vercel.app/"
"ডুয়েট পিডিএফ কপি",c1_syllabus_programs,informational_transactional,bn,"https://humayounkobir.vercel.app/"
"ডুয়েট পিডিএফ দেখুন",c1_syllabus_programs,informational_transactional,bn,"https://humayounkobir.vercel.app/"
"ডুয়েট পিডিএফ প্রস্তুতি",c1_syllabus_programs,informational_transactional,bn,"https://humayounkobir.vercel.app/"
"ডুয়েট পিডিএফ সমাধান",c1_syllabus_programs,informational_transactional,bn,"https://humayounkobir.vercel.app/"
"ডুয়েট বই",c1_syllabus_programs,informational_transactional,bn,"https://humayounkobir.vercel.app/"
"ডুয়েট বই ডাউনলোড",c1_syllabus_programs,informational_transactional,bn,"https://humayounkobir.vercel.app/"
"ডুয়েট বই শিখুন",c1_syllabus_programs,informational_transactional,bn,"https://humayounkobir.vercel.app/"
"ডুয়েট বই পড়ুন",c1_syllabus_programs,informational_transactional,bn,"https://humayounkobir.vercel.app/"
"ডুয়েট বই তুলনা করুন",c1_syllabus_programs,informational_transactional,bn,"https://humayounkobir.vercel.app/"
"ডুয়েট বই অনুশীলন",c1_syllabus_programs,informational_transactional,bn,"https://humayounkobir.vercel.app/"
"ডুয়েট বই কপি",c1_syllabus_programs,informational_transactional,bn,"https://humayounkobir.vercel.app/"
"ডুয়েট বই দেখুন",c1_syllabus_programs,informational_transactional,bn,"https://humayounkobir.vercel.app/"
"ডুয়েট বই প্রস্তুতি",c1_syllabus_programs,informational_transactional,bn,"https://humayounkobir.vercel.app/"
"ডুয়েট বই সমাধান",c1_syllabus_programs,informational_transactional,bn,"https://humayounkobir.vercel.app/"
"ডুয়েট অ্যান্ড্রয়েড অ্যাপ",c1_syllabus_programs,informational_transactional,bn,"https://humayounkobir.vercel.app/"
"ডুয়েট অ্যান্ড্রয়েড অ্যাপ ডাউনলোড",c1_syllabus_programs,informational_transactional,bn,"https://humayounkobir.vercel.app/"
"ডুয়েট অ্যান্ড্রয়েড অ্যাপ শিখুন",c1_syllabus_programs,informational_transactional,bn,"https://humayounkobir.vercel.app/"
"ডুয়েট অ্যান্ড্রয়েড অ্যাপ পড়ুন",c1_syllabus_programs,informational_transactional,bn,"https://humayounkobir.vercel.app/"
"ডুয়েট অ্যান্ড্রয়েড অ্যাপ তুলনা করুন",c1_syllabus_programs,informational_transactional,bn,"https://humayounkobir.vercel.app/"
"ডুয়েট অ্যান্ড্রয়েড অ্যাপ অনুশীলন",c1_syllabus_programs,informational_transactional,bn,"https://humayounkobir.vercel.app/"
"ডুয়েট অ্যান্ড্রয়েড অ্যাপ কপি",c1_syllabus_programs,informational_transactional,bn,"https://humayounkobir.vercel.app/"
"ডুয়েট অ্যান্ড্রয়েড অ্যাপ দেখুন",c1_syllabus_programs,informational_transactional,bn,"https://humayounkobir.vercel.app/"
"ডুয়েট অ্যান্ড্রয়েড অ্যাপ প্রস্তুতি",c1_syllabus_programs,informational_transactional,bn,"https://humayounkobir.vercel.app/"
"ডুয়েট অ্যান্ড্রয়েড অ্যাপ সমাধান",c1_syllabus_programs,informational_transactional,bn,"https://humayounkobir.vercel.app/"
"ডুয়েট নোট",c1_syllabus_programs,informational_transactional,bn,"https://humayounkobir.vercel.app/"
"ডুয়েট নোট ডাউনলোড",c1_syllabus_programs,informational_transactional,bn,"https://humayounkobir.vercel.app/"
"ডুয়েট নোট শিখুন",c1_syllabus_programs,informational_transactional,bn,"https://humayounkobir.vercel.app/"
"ডুয়েট নোট পড়ুন",c1_syllabus_programs,informational_transactional,bn,"https://humayounkobir.vercel.app/"
"ডুয়েট নোট তুলনা করুন",c1_syllabus_programs,informational_transactional,bn,"https://humayounkobir.vercel.app/"
"ডুয়েট নোট অনুশীলন",c1_syllabus_programs,informational_transactional,bn,"https://humayounkobir.vercel.app/"
"ডুয়েট নোট কপি",c1_syllabus_programs,informational_transactional,bn,"https://humayounkobir.vercel.app/"
"ডুয়েট নোট দেখুন",c1_syllabus_programs,informational_transactional,bn,"https://humayounkobir.vercel.app/"
"ডুয়েট নোট প্রস্তুতি",c1_syllabus_programs,informational_transactional,bn,"https://humayounkobir.vercel.app/"
"ডুয়েট নোট সমাধান",c1_syllabus_programs,informational_transactional,bn,"https://humayounkobir.vercel.app/"
"ডুয়েট সমাধান",c1_syllabus_programs,informational_transactional,bn,"https://humayounkobir.vercel.app/"
"ডুয়েট সমাধান ডাউনলোড",c1_syllabus_programs,informational_transactional,bn,"https://humayounkobir.vercel.app/"
"ডুয়েট সমাধান শিখুন",c1_syllabus_programs,informational_transactional,bn,"https://humayounkobir.vercel.app/"
"ডুয়েট সমাধান পড়ুন",c1_syllabus_programs,informational_transactional,bn,"https://humayounkobir.vercel.app/"
"ডুয়েট সমাধান তুলনা করুন",c1_syllabus_programs,informational_transactional,bn,"https://humayounkobir.vercel.app/"
"ডুয়েট সমাধান অনুশীলন",c1_syllabus_programs,informational_transactional,bn,"https://humayounkobir.vercel.app/"
"ডুয়েট সমাধান কপি",c1_syllabus_programs,informational_transactional,bn,"https://humayounkobir.vercel.app/"
"ডুয়েট সমাধান দেখুন",c1_syllabus_programs,informational_transactional,bn,"https://humayounkobir.vercel.app/"
"ডুয়েট সমাধান প্রস্তুতি",c1_syllabus_programs,informational_transactional,bn,"https://humayounkobir.vercel.app/"
"ডুয়েট সমাধান সমাধান",c1_syllabus_programs,informational_transactional,bn,"https://humayounkobir.vercel.app/"
"ডুয়েট ভর্তি পরীক্ষা প্রোগ্রাম",c1_syllabus_programs,informational_transactional,bn,"https://humayounkobir.vercel.app/"
"ডুয়েট ভর্তি পরীক্ষা প্রোগ্রাম ডাউনলোড",c1_syllabus_programs,informational_transactional,bn,"https://humayounkobir.vercel.app/"
"ডুয়েট ভর্তি পরীক্ষা প্রোগ্রাম শিখুন",c1_syllabus_programs,informational_transactional,bn,"https://humayounkobir.vercel.app/"
"ডুয়েট ভর্তি পরীক্ষা প্রোগ্রাম পড়ুন",c1_syllabus_programs,informational_transactional,bn,"https://humayounkobir.vercel.app/"
"ডুয়েট ভর্তি পরীক্ষা প্রোগ্রাম তুলনা করুন",c1_syllabus_programs,informational_transactional,bn,"https://humayounkobir.vercel.app/"
"ডুয়েট ভর্তি পরীক্ষা প্রোগ্রাম অনুশীলন",c1_syllabus_programs,informational_transactional,bn,"https://humayounkobir.vercel.app/"
"ডুয়েট ভর্তি পরীক্ষা প্রোগ্রাম কপি",c1_syllabus_programs,informational_transactional,bn,"https://humayounkobir.vercel.app/"
"ডুয়েট ভর্তি পরীক্ষা প্রোগ্রাম দেখুন",c1_syllabus_programs,informational_transactional,bn,"https://humayounkobir.vercel.app/"
"ডুয়েট ভর্তি পরীক্ষা প্রোগ্রাম প্রস্তুতি",c1_syllabus_programs,informational_transactional,bn,"https://humayounkobir.vercel.app/"
"ডুয়েট ভর্তি পরীক্ষা প্রোগ্রাম সমাধান",c1_syllabus_programs,informational_transactional,bn,"https://humayounkobir.vercel.app/"
"ডুয়েট ভর্তি পরীক্ষা কোড",c1_syllabus_programs,informational_transactional,bn,"https://humayounkobir.vercel.app/"
"ডুয়েট ভর্তি পরীক্ষা কোড ডাউনলোড",c1_syllabus_programs,informational_transactional,bn,"https://humayounkobir.vercel.app/"
"ডুয়েট ভর্তি পরীক্ষা কোড শিখুন",c1_syllabus_programs,informational_transactional,bn,"https://humayounkobir.vercel.app/"
"ডুয়েট ভর্তি পরীক্ষা কোড পড়ুন",c1_syllabus_programs,informational_transactional,bn,"https://humayounkobir.vercel.app/"
"ডুয়েট ভর্তি পরীক্ষা কোড তুলনা করুন",c1_syllabus_programs,informational_transactional,bn,"https://humayounkobir.vercel.app/"
"ডুয়েট ভর্তি পরীক্ষা কোড অনুশীলন",c1_syllabus_programs,informational_transactional,bn,"https://humayounkobir.vercel.app/"
"ডুয়েট ভর্তি পরীক্ষা কোড কপি",c1_syllabus_programs,informational_transactional,bn,"https://humayounkobir.vercel.app/"
"ডুয়েট ভর্তি পরীক্ষা কোড দেখুন",c1_syllabus_programs,informational_transactional,bn,"https://humayounkobir.vercel.app/"
"ডুয়েট ভর্তি পরীক্ষা কোড প্রস্তুতি",c1_syllabus_programs,informational_transactional,bn,"https://humayounkobir.vercel.app/"
"ডুয়েট ভর্তি পরীক্ষা কোড সমাধান",c1_syllabus_programs,informational_transactional,bn,"https://humayounkobir.vercel.app/"
"ডুয়েট ভর্তি পরীক্ষা বেসিক প্রোগ্রাম",c1_syllabus_programs,informational_transactional,bn,"https://humayounkobir.vercel.app/"
"ডুয়েট ভর্তি পরীক্ষা বেসিক প্রোগ্রাম ডাউনলোড",c1_syllabus_programs,informational_transactional,bn,"https://humayounkobir.vercel.app/"
"ডুয়েট ভর্তি পরীক্ষা বেসিক প্রোগ্রাম শিখুন",c1_syllabus_programs,informational_transactional,bn,"https://humayounkobir.vercel.app/"
"ডুয়েট ভর্তি পরীক্ষা বেসিক প্রোগ্রাম পড়ুন",c1_syllabus_programs,informational_transactional,bn,"https://humayounkobir.vercel.app/"
"ডুয়েট ভর্তি পরীক্ষা বেসিক প্রোগ্রাম তুলনা করুন",c1_syllabus_programs,informational_transactional,bn,"https://humayounkobir.vercel.app/"
"ডুয়েট ভর্তি পরীক্ষা বেসিক প্রোগ্রাম অনুশীলন",c1_syllabus_programs,informational_transactional,bn,"https://humayounkobir.vercel.app/"
"ডুয়েট ভর্তি পরীক্ষা বেসিক প্রোগ্রাম কপি",c1_syllabus_programs,informational_transactional,bn,"https://humayounkobir.vercel.app/"
"ডুয়েট ভর্তি পরীক্ষা বেসিক প্রোগ্রাম দেখুন",c1_syllabus_programs,informational_transactional,bn,"https://humayounkobir.vercel.app/"
"ডুয়েট ভর্তি পরীক্ষা বেসিক প্রোগ্রাম প্রস্তুতি",c1_syllabus_programs,informational_transactional,bn,"https://humayounkobir.vercel.app/"
"ডুয়েট ভর্তি পরীক্ষা বেসিক প্রোগ্রাম সমাধান",c1_syllabus_programs,informational_transactional,bn,"https://humayounkobir.vercel.app/"
"ডুয়েট ভর্তি পরীক্ষা সিলেবাস",c1_syllabus_programs,informational_transactional,bn,"https://humayounkobir.vercel.app/"
"ডুয়েট ভর্তি পরীক্ষা সিলেবাস ডাউনলোড",c1_syllabus_programs,informational_transactional,bn,"https://humayounkobir.vercel.app/"
"ডুয়েট ভর্তি পরীক্ষা সিলেবাস শিখুন",c1_syllabus_programs,informational_transactional,bn,"https://humayounkobir.vercel.app/"
"ডুয়েট ভর্তি পরীক্ষা সিলেবাস পড়ুন",c1_syllabus_programs,informational_transactional,bn,"https://humayounkobir.vercel.app/"
"ডুয়েট ভর্তি পরীক্ষা সিলেবাস তুলনা করুন",c1_syllabus_programs,informational_transactional,bn,"https://humayounkobir.vercel.app/"
"ডুয়েট ভর্তি পরীক্ষা সিলেবাস অনুশীলন",c1_syllabus_programs,informational_transactional,bn,"https://humayounkobir.vercel.app/"
"ডুয়েট ভর্তি পরীক্ষা সিলেবাস কপি",c1_syllabus_programs,informational_transactional,bn,"https://humayounkobir.vercel.app/"
"ডুয়েট ভর্তি পরীক্ষা সিলেবাস দেখুন",c1_syllabus_programs,informational_transactional,bn,"https://humayounkobir.vercel.app/"
"ডুয়েট ভর্তি পরীক্ষা সিলেবাস প্রস্তুতি",c1_syllabus_programs,informational_transactional,bn,"https://humayounkobir.vercel.app/"
"ডুয়েট ভর্তি পরীক্ষা সিলেবাস সমাধান",c1_syllabus_programs,informational_transactional,bn,"https://humayounkobir.vercel.app/"
"ডুয়েট ভর্তি পরীক্ষা ভর্তি প্রশ্ন",c1_syllabus_programs,informational_transactional,bn,"https://humayounkobir.vercel.app/"
"ডুয়েট ভর্তি পরীক্ষা ভর্তি প্রশ্ন ডাউনলোড",c1_syllabus_programs,informational_transactional,bn,"https://humayounkobir.vercel.app/"
"ডুয়েট ভর্তি পরীক্ষা ভর্তি প্রশ্ন শিখুন",c1_syllabus_programs,informational_transactional,bn,"https://humayounkobir.vercel.app/"
"ডুয়েট ভর্তি পরীক্ষা ভর্তি প্রশ্ন পড়ুন",c1_syllabus_programs,informational_transactional,bn,"https://humayounkobir.vercel.app/"
"ডুয়েট ভর্তি পরীক্ষা ভর্তি প্রশ্ন তুলনা করুন",c1_syllabus_programs,informational_transactional,bn,"https://humayounkobir.vercel.app/"
"ডুয়েট ভর্তি পরীক্ষা ভর্তি প্রশ্ন অনুশীলন",c1_syllabus_programs,informational_transactional,bn,"https://humayounkobir.vercel.app/"
"ডুয়েট ভর্তি পরীক্ষা ভর্তি প্রশ্ন কপি",c1_syllabus_programs,informational_transactional,bn,"https://humayounkobir.vercel.app/"
"ডুয়েট ভর্তি পরীক্ষা ভর্তি প্রশ্ন দেখুন",c1_syllabus_programs,informational_transactional,bn,"https://humayounkobir.vercel.app/"
"ডুয়েট ভর্তি পরীক্ষা ভর্তি প্রশ্ন প্রস্তুতি",c1_syllabus_programs,informational_transactional,bn,"https://humayounkobir.vercel.app/"
"ডুয়েট ভর্তি পরীক্ষা ভর্তি প্রশ্ন সমাধান",c1_syllabus_programs,informational_transactional,bn,"https://humayounkobir.vercel.app/"
"ডুয়েট ভর্তি পরীক্ষা প্যাটার্ন প্রোগ্রাম",c1_syllabus_programs,informational_transactional,bn,"https://humayounkobir.vercel.app/"
"ডুয়েট ভর্তি পরীক্ষা প্যাটার্ন প্রোগ্রাম ডাউনলোড",c1_syllabus_programs,informational_transactional,bn,"https://humayounkobir.vercel.app/"
"ডুয়েট ভর্তি পরীক্ষা প্যাটার্ন প্রোগ্রাম শিখুন",c1_syllabus_programs,informational_transactional,bn,"https://humayounkobir.vercel.app/"
"ডুয়েট ভর্তি পরীক্ষা প্যাটার্ন প্রোগ্রাম পড়ুন",c1_syllabus_programs,informational_transactional,bn,"https://humayounkobir.vercel.app/"
"ডুয়েট ভর্তি পরীক্ষা প্যাটার্ন প্রোগ্রাম তুলনা করুন",c1_syllabus_programs,informational_transactional,bn,"https://humayounkobir.vercel.app/"
"ডুয়েট ভর্তি পরীক্ষা প্যাটার্ন প্রোগ্রাম অনুশীলন",c1_syllabus_programs,informational_transactional,bn,"https://humayounkobir.vercel.app/"
"ডুয়েট ভর্তি পরীক্ষা প্যাটার্ন প্রোগ্রাম কপি",c1_syllabus_programs,informational_transactional,bn,"https://humayounkobir.vercel.app/"
"ডুয়েট ভর্তি পরীক্ষা প্যাটার্ন প্রোগ্রাম দেখুন",c1_syllabus_programs,informational_transactional,bn,"https://humayounkobir.vercel.app/"
"ডুয়েট ভর্তি পরীক্ষা প্যাটার্ন প্রোগ্রাম প্রস্তুতি",c1_syllabus_programs,informational_transactional,bn,"https://humayounkobir.vercel.app/"
"ডুয়েট ভর্তি পরীক্ষা প্যাটার্ন প্রোগ্রাম সমাধান",c1_syllabus_programs,informational_transactional,bn,"https://humayounkobir.vercel.app/"
"ডুয়েট ভর্তি পরীক্ষা ধারা যোগফল",c1_syllabus_programs,informational_transactional,bn,"https://humayounkobir.vercel.app/"
"ডুয়েট ভর্তি পরীক্ষা ধারা যোগফল ডাউনলোড",c1_syllabus_programs,informational_transactional,bn,"https://humayounkobir.vercel.app/"
"ডুয়েট ভর্তি পরীক্ষা ধারা যোগফল শিখুন",c1_syllabus_programs,informational_transactional,bn,"https://humayounkobir.vercel.app/"
"ডুয়েট ভর্তি পরীক্ষা ধারা যোগফল পড়ুন",c1_syllabus_programs,informational_transactional,bn,"https://humayounkobir.vercel.app/"
"ডুয়েট ভর্তি পরীক্ষা ধারা যোগফল তুলনা করুন",c1_syllabus_programs,informational_transactional,bn,"https://humayounkobir.vercel.app/"
"ডুয়েট ভর্তি পরীক্ষা ধারা যোগফল অনুশীলন",c1_syllabus_programs,informational_transactional,bn,"https://humayounkobir.vercel.app/"
"ডুয়েট ভর্তি পরীক্ষা ধারা যোগফল কপি",c1_syllabus_programs,informational_transactional,bn,"https://humayounkobir.vercel.app/"
"ডুয়েট ভর্তি পরীক্ষা ধারা যোগফল দেখুন",c1_syllabus_programs,informational_transactional,bn,"https://humayounkobir.vercel.app/"
"ডুয়েট ভর্তি পরীক্ষা ধারা যোগফল প্রস্তুতি",c1_syllabus_programs,informational_transactional,bn,"https://humayounkobir.vercel.app/"
"ডুয়েট ভর্তি পরীক্ষা ধারা যোগফল সমাধান",c1_syllabus_programs,informational_transactional,bn,"https://humayounkobir.vercel.app/"
"ডুয়েট ভর্তি পরীক্ষা লুপ",c1_syllabus_programs,informational_transactional,bn,"https://humayounkobir.vercel.app/"
"ডুয়েট ভর্তি পরীক্ষা লুপ ডাউনলোড",c1_syllabus_programs,informational_transactional,bn,"https://humayounkobir.vercel.app/"
"ডুয়েট ভর্তি পরীক্ষা লুপ শিখুন",c1_syllabus_programs,informational_transactional,bn,"https://humayounkobir.vercel.app/"
"ডুয়েট ভর্তি পরীক্ষা লুপ পড়ুন",c1_syllabus_programs,informational_transactional,bn,"https://humayounkobir.vercel.app/"
"ডুয়েট ভর্তি পরীক্ষা লুপ তুলনা করুন",c1_syllabus_programs,informational_transactional,bn,"https://humayounkobir.vercel.app/"
"ডুয়েট ভর্তি পরীক্ষা লুপ অনুশীলন",c1_syllabus_programs,informational_transactional,bn,"https://humayounkobir.vercel.app/"
"ডুয়েট ভর্তি পরীক্ষা লুপ কপি",c1_syllabus_programs,informational_transactional,bn,"https://humayounkobir.vercel.app/"
"ডুয়েট ভর্তি পরীক্ষা লুপ দেখুন",c1_syllabus_programs,informational_transactional,bn,"https://humayounkobir.vercel.app/"
"ডুয়েট ভর্তি পরীক্ষা লুপ প্রস্তুতি",c1_syllabus_programs,informational_transactional,bn,"https://humayounkobir.vercel.app/"
"ডুয়েট ভর্তি পরীক্ষা লুপ সমাধান",c1_syllabus_programs,informational_transactional,bn,"https://humayounkobir.vercel.app/"
"ডুয়েট ভর্তি পরীক্ষা রিকrecursive",c1_syllabus_programs,informational_transactional,bn,"https://humayounkobir.vercel.app/"
"ডুয়েট ভর্তি পরীক্ষা রিকrecursive ডাউনলোড",c1_syllabus_programs,informational_transactional,bn,"https://humayounkobir.vercel.app/"
"ডুয়েট ভর্তি পরীক্ষা রিকrecursive শিখুন",c1_syllabus_programs,informational_transactional,bn,"https://humayounkobir.vercel.app/"
"ডুয়েট ভর্তি পরীক্ষা রিকrecursive পড়ুন",c1_syllabus_programs,informational_transactional,bn,"https://humayounkobir.vercel.app/"
"ডুয়েট ভর্তি পরীক্ষা রিকrecursive তুলনা করুন",c1_syllabus_programs,informational_transactional,bn,"https://humayounkobir.vercel.app/"
"ডুয়েট ভর্তি পরীক্ষা রিকrecursive অনুশীলন",c1_syllabus_programs,informational_transactional,bn,"https://humayounkobir.vercel.app/"
"ডুয়েট ভর্তি পরীক্ষা রিকrecursive কপি",c1_syllabus_programs,informational_transactional,bn,"https://humayounkobir.vercel.app/"
"ডুয়েট ভর্তি পরীক্ষা রিকrecursive দেখুন",c1_syllabus_programs,informational_transactional,bn,"https://humayounkobir.vercel.app/"
"ডুয়েট ভর্তি পরীক্ষা রিকrecursive প্রস্তুতি",c1_syllabus_programs,informational_transactional,bn,"https://humayounkobir.vercel.app/"
"ডুয়েট ভর্তি পরীক্ষা রিকrecursive সমাধান",c1_syllabus_programs,informational_transactional,bn,"https://humayounkobir.vercel.app/"
"ডুয়েট ভর্তি পরীক্ষা অ্যারে",c1_syllabus_programs,informational_transactional,bn,"https://humayounkobir.vercel.app/"
"ডুয়েট ভর্তি পরীক্ষা অ্যারে ডাউনলোড",c1_syllabus_programs,informational_transactional,bn,"https://humayounkobir.vercel.app/"
"ডুয়েট ভর্তি পরীক্ষা অ্যারে শিখুন",c1_syllabus_programs,informational_transactional,bn,"https://humayounkobir.vercel.app/"
"ডুয়েট ভর্তি পরীক্ষা অ্যারে পড়ুন",c1_syllabus_programs,informational_transactional,bn,"https://humayounkobir.vercel.app/"
"ডুয়েট ভর্তি পরীক্ষা অ্যারে তুলনা করুন",c1_syllabus_programs,informational_transactional,bn,"https://humayounkobir.vercel.app/"
"ডুয়েট ভর্তি পরীক্ষা অ্যারে অনুশীলন",c1_syllabus_programs,informational_transactional,bn,"https://humayounkobir.vercel.app/"
"ডুয়েট ভর্তি পরীক্ষা অ্যারে কপি",c1_syllabus_programs,informational_transactional,bn,"https://humayounkobir.vercel.app/"
"ডুয়েট ভর্তি পরীক্ষা অ্যারে দেখুন",c1_syllabus_programs,informational_transactional,bn,"https://humayounkobir.vercel.app/"
"ডুয়েট ভর্তি পরীক্ষা অ্যারে প্রস্তুতি",c1_syllabus_programs,informational_transactional,bn,"https://humayounkobir.vercel.app/"
"ডুয়েট ভর্তি পরীক্ষা অ্যারে সমাধান",c1_syllabus_programs,informational_transactional,bn,"https://humayounkobir.vercel.app/"
"ডুয়েট ভর্তি পরীক্ষা পয়েন্টার",c1_syllabus_programs,informational_transactional,bn,"https://humayounkobir.vercel.app/"
"ডুয়েট ভর্তি পরীক্ষা পয়েন্টার ডাউনলোড",c1_syllabus_programs,informational_transactional,bn,"https://humayounkobir.vercel.app/"
"ডুয়েট ভর্তি পরীক্ষা পয়েন্টার শিখুন",c1_syllabus_programs,informational_transactional,bn,"https://humayounkobir.vercel.app/"
"ডুয়েট ভর্তি পরীক্ষা পয়েন্টার পড়ুন",c1_syllabus_programs,informational_transactional,bn,"https://humayounkobir.vercel.app/"
"ডুয়েট ভর্তি পরীক্ষা পয়েন্টার তুলনা করুন",c1_syllabus_programs,informational_transactional,bn,"https://humayounkobir.vercel.app/"
"ডুয়েট ভর্তি পরীক্ষা পয়েন্টার অনুশীলন",c1_syllabus_programs,informational_transactional,bn,"https://humayounkobir.vercel.app/"
"ডুয়েট ভর্তি পরীক্ষা পয়েন্টার কপি",c1_syllabus_programs,informational_transactional,bn,"https://humayounkobir.vercel.app/"
"ডুয়েট ভর্তি পরীক্ষা পয়েন্টার দেখুন",c1_syllabus_programs,informational_transactional,bn,"https://humayounkobir.vercel.app/"
"ডুয়েট ভর্তি পরীক্ষা পয়েন্টার প্রস্তুতি",c1_syllabus_programs,informational_transactional,bn,"https://humayounkobir.vercel.app/"
"ডুয়েট ভর্তি পরীক্ষা পয়েন্টার সমাধান",c1_syllabus_programs,informational_transactional,bn,"https://humayounkobir.vercel.app/"
"ডুয়েট ভর্তি পরীক্ষা পিডিএফ",c1_syllabus_programs,informational_transactional,bn,"https://humayounkobir.vercel.app/"
"ডুয়েট ভর্তি পরীক্ষা পিডিএফ ডাউনলোড",c1_syllabus_programs,informational_transactional,bn,"https://humayounkobir.vercel.app/"
"ডুয়েট ভর্তি পরীক্ষা পিডিএফ শিখুন",c1_syllabus_programs,informational_transactional,bn,"https://humayounkobir.vercel.app/"
"ডুয়েট ভর্তি পরীক্ষা পিডিএফ পড়ুন",c1_syllabus_programs,informational_transactional,bn,"https://humayounkobir.vercel.app/"
"ডুয়েট ভর্তি পরীক্ষা পিডিএফ তুলনা করুন",c1_syllabus_programs,informational_transactional,bn,"https://humayounkobir.vercel.app/"
"ডুয়েট ভর্তি পরীক্ষা পিডিএফ অনুশীলন",c1_syllabus_programs,informational_transactional,bn,"https://humayounkobir.vercel.app/"
"ডুয়েট ভর্তি পরীক্ষা পিডিএফ কপি",c1_syllabus_programs,informational_transactional,bn,"https://humayounkobir.vercel.app/"
"ডুয়েট ভর্তি পরীক্ষা পিডিএফ দেখুন",c1_syllabus_programs,informational_transactional,bn,"https://humayounkobir.vercel.app/"
"ডুয়েট ভর্তি পরীক্ষা পিডিএফ প্রস্তুতি",c1_syllabus_programs,informational_transactional,bn,"https://humayounkobir.vercel.app/"
"ডুয়েট ভর্তি পরীক্ষা পিডিএফ সমাধান",c1_syllabus_programs,informational_transactional,bn,"https://humayounkobir.vercel.app/"
"ডুয়েট ভর্তি পরীক্ষা বই",c1_syllabus_programs,informational_transactional,bn,"https://humayounkobir.vercel.app/"
"ডুয়েট ভর্তি পরীক্ষা বই ডাউনলোড",c1_syllabus_programs,informational_transactional,bn,"https://humayounkobir.vercel.app/"
"ডুয়েট ভর্তি পরীক্ষা বই শিখুন",c1_syllabus_programs,informational_transactional,bn,"https://humayounkobir.vercel.app/"
"ডুয়েট ভর্তি পরীক্ষা বই পড়ুন",c1_syllabus_programs,informational_transactional,bn,"https://humayounkobir.vercel.app/"
"ডুয়েট ভর্তি পরীক্ষা বই তুলনা করুন",c1_syllabus_programs,informational_transactional,bn,"https://humayounkobir.vercel.app/"
"ডুয়েট ভর্তি পরীক্ষা বই অনুশীলন",c1_syllabus_programs,informational_transactional,bn,"https://humayounkobir.vercel.app/"
"ডুয়েট ভর্তি পরীক্ষা বই কপি",c1_syllabus_programs,informational_transactional,bn,"https://humayounkobir.vercel.app/"
"ডুয়েট ভর্তি পরীক্ষা বই দেখুন",c1_syllabus_programs,informational_transactional,bn,"https://humayounkobir.vercel.app/"
"ডুয়েট ভর্তি পরীক্ষা বই প্রস্তুতি",c1_syllabus_programs,informational_transactional,bn,"https://humayounkobir.vercel.app/"
"ডুয়েট ভর্তি পরীক্ষা বই সমাধান",c1_syllabus_programs,informational_transactional,bn,"https://humayounkobir.vercel.app/"
"ডুয়েট ভর্তি পরীক্ষা অ্যান্ড্রয়েড অ্যাপ",c1_syllabus_programs,informational_transactional,bn,"https://humayounkobir.vercel.app/"
"ডুয়েট ভর্তি পরীক্ষা অ্যান্ড্রয়েড অ্যাপ ডাউনলোড",c1_syllabus_programs,informational_transactional,bn,"https://humayounkobir.vercel.app/"
"ডুয়েট ভর্তি পরীক্ষা অ্যান্ড্রয়েড অ্যাপ শিখুন",c1_syllabus_programs,informational_transactional,bn,"https://humayounkobir.vercel.app/"
"ডুয়েট ভর্তি পরীক্ষা অ্যান্ড্রয়েড অ্যাপ পড়ুন",c1_syllabus_programs,informational_transactional,bn,"https://humayounkobir.vercel.app/"
"ডুয়েট ভর্তি পরীক্ষা অ্যান্ড্রয়েড অ্যাপ তুলনা করুন",c1_syllabus_programs,informational_transactional,bn,"https://humayounkobir.vercel.app/"
"ডুয়েট ভর্তি পরীক্ষা অ্যান্ড্রয়েড অ্যাপ অনুশীলন",c1_syllabus_programs,informational_transactional,bn,"https://humayounkobir.vercel.app/"
"ডুয়েট ভর্তি পরীক্ষা অ্যান্ড্রয়েড অ্যাপ কপি",c1_syllabus_programs,informational_transactional,bn,"https://humayounkobir.vercel.app/"
"ডুয়েট ভর্তি পরীক্ষা অ্যান্ড্রয়েড অ্যাপ দেখুন",c1_syllabus_programs,informational_transactional,bn,"https://humayounkobir.vercel.app/"
"ডুয়েট ভর্তি পরীক্ষা অ্যান্ড্রয়েড অ্যাপ প্রস্তুতি",c1_syllabus_programs,informational_transactional,bn,"https://humayounkobir.vercel.app/"
"ডুয়েট ভর্তি পরীক্ষা অ্যান্ড্রয়েড অ্যাপ সমাধান",c1_syllabus_programs,informational_transactional,bn,"https://humayounkobir.vercel.app/"
"ডুয়েট ভর্তি পরীক্ষা নোট",c1_syllabus_programs,informational_transactional,bn,"https://humayounkobir.vercel.app/"
"ডুয়েট ভর্তি পরীক্ষা নোট ডাউনলোড",c1_syllabus_programs,informational_transactional,bn,"https://humayounkobir.vercel.app/"
"ডুয়েট ভর্তি পরীক্ষা নোট শিখুন",c1_syllabus_programs,informational_transactional,bn,"https://humayounkobir.vercel.app/"
"ডুয়েট ভর্তি পরীক্ষা নোট পড়ুন",c1_syllabus_programs,informational_transactional,bn,"https://humayounkobir.vercel.app/"
"ডুয়েট ভর্তি পরীক্ষা নোট তুলনা করুন",c1_syllabus_programs,informational_transactional,bn,"https://humayounkobir.vercel.app/"
"ডুয়েট ভর্তি পরীক্ষা নোট অনুশীলন",c1_syllabus_programs,informational_transactional,bn,"https://humayounkobir.vercel.app/"
"ডুয়েট ভর্তি পরীক্ষা নোট কপি",c1_syllabus_programs,informational_transactional,bn,"https://humayounkobir.vercel.app/"
"ডুয়েট ভর্তি পরীক্ষা নোট দেখুন",c1_syllabus_programs,informational_transactional,bn,"https://humayounkobir.vercel.app/"
"ডুয়েট ভর্তি পরীক্ষা নোট প্রস্তুতি",c1_syllabus_programs,informational_transactional,bn,"https://humayounkobir.vercel.app/"
"ডুয়েট ভর্তি পরীক্ষা নোট সমাধান",c1_syllabus_programs,informational_transactional,bn,"https://humayounkobir.vercel.app/"
"ডুয়েট ভর্তি পরীক্ষা সমাধান",c1_syllabus_programs,informational_transactional,bn,"https://humayounkobir.vercel.app/"
"ডুয়েট ভর্তি পরীক্ষা সমাধান ডাউনলোড",c1_syllabus_programs,informational_transactional,bn,"https://humayounkobir.vercel.app/"
"ডুয়েট ভর্তি পরীক্ষা সমাধান শিখুন",c1_syllabus_programs,informational_transactional,bn,"https://humayounkobir.vercel.app/"
"ডুয়েট ভর্তি পরীক্ষা সমাধান পড়ুন",c1_syllabus_programs,informational_transactional,bn,"https://humayounkobir.vercel.app/"
"ডুয়েট ভর্তি পরীক্ষা সমাধান তুলনা করুন",c1_syllabus_programs,informational_transactional,bn,"https://humayounkobir.vercel.app/"
"ডুয়েট ভর্তি পরীক্ষা সমাধান অনুশীলন",c1_syllabus_programs,informational_transactional,bn,"https://humayounkobir.vercel.app/"
"ডুয়েট ভর্তি পরীক্ষা সমাধান কপি",c1_syllabus_programs,informational_transactional,bn,"https://humayounkobir.vercel.app/"
"ডুয়েট ভর্তি পরীক্ষা সমাধান দেখুন",c1_syllabus_programs,informational_transactional,bn,"https://humayounkobir.vercel.app/"
"ডুয়েট ভর্তি পরীক্ষা সমাধান প্রস্তুতি",c1_syllabus_programs,informational_transactional,bn,"https://humayounkobir.vercel.app/"
"ডুয়েট ভর্তি পরীক্ষা সমাধান সমাধান",c1_syllabus_programs,informational_transactional,bn,"https://humayounkobir.vercel.app/"
"ডুয়েট গাজীপুর প্রোগ্রাম",c1_syllabus_programs,informational_transactional,bn,"https://humayounkobir.vercel.app/"
"ডুয়েট গাজীপুর প্রোগ্রাম ডাউনলোড",c1_syllabus_programs,informational_transactional,bn,"https://humayounkobir.vercel.app/"
"ডুয়েট গাজীপুর প্রোগ্রাম শিখুন",c1_syllabus_programs,informational_transactional,bn,"https://humayounkobir.vercel.app/"
"ডুয়েট গাজীপুর প্রোগ্রাম পড়ুন",c1_syllabus_programs,informational_transactional,bn,"https://humayounkobir.vercel.app/"
"ডুয়েট গাজীপুর প্রোগ্রাম তুলনা করুন",c1_syllabus_programs,informational_transactional,bn,"https://humayounkobir.vercel.app/"
"ডুয়েট গাজীপুর প্রোগ্রাম অনুশীলন",c1_syllabus_programs,informational_transactional,bn,"https://humayounkobir.vercel.app/"
"ডুয়েট গাজীপুর প্রোগ্রাম কপি",c1_syllabus_programs,informational_transactional,bn,"https://humayounkobir.vercel.app/"
"ডুয়েট গাজীপুর প্রোগ্রাম দেখুন",c1_syllabus_programs,informational_transactional,bn,"https://humayounkobir.vercel.app/"
"ডুয়েট গাজীপুর প্রোগ্রাম প্রস্তুতি",c1_syllabus_programs,informational_transactional,bn,"https://humayounkobir.vercel.app/"
"ডুয়েট গাজীপুর প্রোগ্রাম সমাধান",c1_syllabus_programs,informational_transactional,bn,"https://humayounkobir.vercel.app/"
"ডুয়েট গাজীপুর কোড",c1_syllabus_programs,informational_transactional,bn,"https://humayounkobir.vercel.app/"
"ডুয়েট গাজীপুর কোড ডাউনলোড",c1_syllabus_programs,informational_transactional,bn,"https://humayounkobir.vercel.app/"
"ডুয়েট গাজীপুর কোড শিখুন",c1_syllabus_programs,informational_transactional,bn,"https://humayounkobir.vercel.app/"
"ডুয়েট গাজীপুর কোড পড়ুন",c1_syllabus_programs,informational_transactional,bn,"https://humayounkobir.vercel.app/"
"ডুয়েট গাজীপুর কোড তুলনা করুন",c1_syllabus_programs,informational_transactional,bn,"https://humayounkobir.vercel.app/"
"ডুয়েট গাজীপুর কোড অনুশীলন",c1_syllabus_programs,informational_transactional,bn,"https://humayounkobir.vercel.app/"
"ডুয়েট গাজীপুর কোড কপি",c1_syllabus_programs,informational_transactional,bn,"https://humayounkobir.vercel.app/"
"ডুয়েট গাজীপুর কোড দেখুন",c1_syllabus_programs,informational_transactional,bn,"https://humayounkobir.vercel.app/"
"ডুয়েট গাজীপুর কোড প্রস্তুতি",c1_syllabus_programs,informational_transactional,bn,"https://humayounkobir.vercel.app/"
"ডুয়েট গাজীপুর কোড সমাধান",c1_syllabus_programs,informational_transactional,bn,"https://humayounkobir.vercel.app/"
"ডুয়েট গাজীপুর বেসিক প্রোগ্রাম",c1_syllabus_programs,informational_transactional,bn,"https://humayounkobir.vercel.app/"
"ডুয়েট গাজীপুর বেসিক প্রোগ্রাম ডাউনলোড",c1_syllabus_programs,informational_transactional,bn,"https://humayounkobir.vercel.app/"
"ডুয়েট গাজীপুর বেসিক প্রোগ্রাম শিখুন",c1_syllabus_programs,informational_transactional,bn,"https://humayounkobir.vercel.app/"
"ডুয়েট গাজীপুর বেসিক প্রোগ্রাম পড়ুন",c1_syllabus_programs,informational_transactional,bn,"https://humayounkobir.vercel.app/"
"ডুয়েট গাজীপুর বেসিক প্রোগ্রাম তুলনা করুন",c1_syllabus_programs,informational_transactional,bn,"https://humayounkobir.vercel.app/"
"ডুয়েট গাজীপুর বেসিক প্রোগ্রাম অনুশীলন",c1_syllabus_programs,informational_transactional,bn,"https://humayounkobir.vercel.app/"
"ডুয়েট গাজীপুর বেসিক প্রোগ্রাম কপি",c1_syllabus_programs,informational_transactional,bn,"https://humayounkobir.vercel.app/"
"ডুয়েট গাজীপুর বেসিক প্রোগ্রাম দেখুন",c1_syllabus_programs,informational_transactional,bn,"https://humayounkobir.vercel.app/"
"ডুয়েট গাজীপুর বেসিক প্রোগ্রাম প্রস্তুতি",c1_syllabus_programs,informational_transactional,bn,"https://humayounkobir.vercel.app/"
"ডুয়েট গাজীপুর বেসিক প্রোগ্রাম সমাধান",c1_syllabus_programs,informational_transactional,bn,"https://humayounkobir.vercel.app/"
"ডুয়েট গাজীপুর সিলেবাস",c1_syllabus_programs,informational_transactional,bn,"https://humayounkobir.vercel.app/"
"ডুয়েট গাজীপুর সিলেবাস ডাউনলোড",c1_syllabus_programs,informational_transactional,bn,"https://humayounkobir.vercel.app/"
"ডুয়েট গাজীপুর সিলেবাস শিখুন",c1_syllabus_programs,informational_transactional,bn,"https://humayounkobir.vercel.app/"
"ডুয়েট গাজীপুর সিলেবাস পড়ুন",c1_syllabus_programs,informational_transactional,bn,"https://humayounkobir.vercel.app/"
"ডুয়েট গাজীপুর সিলেবাস তুলনা করুন",c1_syllabus_programs,informational_transactional,bn,"https://humayounkobir.vercel.app/"
"ডুয়েট গাজীপুর সিলেবাস অনুশীলন",c1_syllabus_programs,informational_transactional,bn,"https://humayounkobir.vercel.app/"
"ডুয়েট গাজীপুর সিলেবাস কপি",c1_syllabus_programs,informational_transactional,bn,"https://humayounkobir.vercel.app/"
"ডুয়েট গাজীপুর সিলেবাস দেখুন",c1_syllabus_programs,informational_transactional,bn,"https://humayounkobir.vercel.app/"
"ডুয়েট গাজীপুর সিলেবাস প্রস্তুতি",c1_syllabus_programs,informational_transactional,bn,"https://humayounkobir.vercel.app/"
"ডুয়েট গাজীপুর সিলেবাস সমাধান",c1_syllabus_programs,informational_transactional,bn,"https://humayounkobir.vercel.app/"
"ডুয়েট গাজীপুর ভর্তি প্রশ্ন",c1_syllabus_programs,informational_transactional,bn,"https://humayounkobir.vercel.app/"
"ডুয়েট গাজীপুর ভর্তি প্রশ্ন ডাউনলোড",c1_syllabus_programs,informational_transactional,bn,"https://humayounkobir.vercel.app/"
"ডুয়েট গাজীপুর ভর্তি প্রশ্ন শিখুন",c1_syllabus_programs,informational_transactional,bn,"https://humayounkobir.vercel.app/"
"ডুয়েট গাজীপুর ভর্তি প্রশ্ন পড়ুন",c1_syllabus_programs,informational_transactional,bn,"https://humayounkobir.vercel.app/"
"ডুয়েট গাজীপুর ভর্তি প্রশ্ন তুলনা করুন",c1_syllabus_programs,informational_transactional,bn,"https://humayounkobir.vercel.app/"
"ডুয়েট গাজীপুর ভর্তি প্রশ্ন অনুশীলন",c1_syllabus_programs,informational_transactional,bn,"https://humayounkobir.vercel.app/"
"ডুয়েট গাজীপুর ভর্তি প্রশ্ন কপি",c1_syllabus_programs,informational_transactional,bn,"https://humayounkobir.vercel.app/"
"ডুয়েট গাজীপুর ভর্তি প্রশ্ন দেখুন",c1_syllabus_programs,informational_transactional,bn,"https://humayounkobir.vercel.app/"
"ডুয়েট গাজীপুর ভর্তি প্রশ্ন প্রস্তুতি",c1_syllabus_programs,informational_transactional,bn,"https://humayounkobir.vercel.app/"
"ডুয়েট গাজীপুর ভর্তি প্রশ্ন সমাধান",c1_syllabus_programs,informational_transactional,bn,"https://humayounkobir.vercel.app/"
"ডুয়েট গাজীপুর প্যাটার্ন প্রোগ্রাম",c1_syllabus_programs,informational_transactional,bn,"https://humayounkobir.vercel.app/"
"ডুয়েট গাজীপুর প্যাটার্ন প্রোগ্রাম ডাউনলোড",c1_syllabus_programs,informational_transactional,bn,"https://humayounkobir.vercel.app/"
"ডুয়েট গাজীপুর প্যাটার্ন প্রোগ্রাম শিখুন",c1_syllabus_programs,informational_transactional,bn,"https://humayounkobir.vercel.app/"
"ডুয়েট গাজীপুর প্যাটার্ন প্রোগ্রাম পড়ুন",c1_syllabus_programs,informational_transactional,bn,"https://humayounkobir.vercel.app/"
"ডুয়েট গাজীপুর প্যাটার্ন প্রোগ্রাম তুলনা করুন",c1_syllabus_programs,informational_transactional,bn,"https://humayounkobir.vercel.app/"
"ডুয়েট গাজীপুর প্যাটার্ন প্রোগ্রাম অনুশীলন",c1_syllabus_programs,informational_transactional,bn,"https://humayounkobir.vercel.app/"
"ডুয়েট গাজীপুর প্যাটার্ন প্রোগ্রাম কপি",c1_syllabus_programs,informational_transactional,bn,"https://humayounkobir.vercel.app/"
"ডুয়েট গাজীপুর প্যাটার্ন প্রোগ্রাম দেখুন",c1_syllabus_programs,informational_transactional,bn,"https://humayounkobir.vercel.app/"
"ডুয়েট গাজীপুর প্যাটার্ন প্রোগ্রাম প্রস্তুতি",c1_syllabus_programs,informational_transactional,bn,"https://humayounkobir.vercel.app/"
"ডুয়েট গাজীপুর প্যাটার্ন প্রোগ্রাম সমাধান",c1_syllabus_programs,informational_transactional,bn,"https://humayounkobir.vercel.app/"
"ডুয়েট গাজীপুর ধারা যোগফল",c1_syllabus_programs,informational_transactional,bn,"https://humayounkobir.vercel.app/"
"ডুয়েট গাজীপুর ধারা যোগফল ডাউনলোড",c1_syllabus_programs,informational_transactional,bn,"https://humayounkobir.vercel.app/"
"ডুয়েট গাজীপুর ধারা যোগফল শিখুন",c1_syllabus_programs,informational_transactional,bn,"https://humayounkobir.vercel.app/"
"ডুয়েট গাজীপুর ধারা যোগফল পড়ুন",c1_syllabus_programs,informational_transactional,bn,"https://humayounkobir.vercel.app/"
"ডুয়েট গাজীপুর ধারা যোগফল তুলনা করুন",c1_syllabus_programs,informational_transactional,bn,"https://humayounkobir.vercel.app/"
"ডুয়েট গাজীপুর ধারা যোগফল অনুশীলন",c1_syllabus_programs,informational_transactional,bn,"https://humayounkobir.vercel.app/"
"ডুয়েট গাজীপুর ধারা যোগফল কপি",c1_syllabus_programs,informational_transactional,bn,"https://humayounkobir.vercel.app/"
"ডুয়েট গাজীপুর ধারা যোগফল দেখুন",c1_syllabus_programs,informational_transactional,bn,"https://humayounkobir.vercel.app/"
"ডুয়েট গাজীপুর ধারা যোগফল প্রস্তুতি",c1_syllabus_programs,informational_transactional,bn,"https://humayounkobir.vercel.app/"
"ডুয়েট গাজীপুর ধারা যোগফল সমাধান",c1_syllabus_programs,informational_transactional,bn,"https://humayounkobir.vercel.app/"
"ডুয়েট গাজীপুর লুপ",c1_syllabus_programs,informational_transactional,bn,"https://humayounkobir.vercel.app/"
"ডুয়েট গাজীপুর লুপ ডাউনলোড",c1_syllabus_programs,informational_transactional,bn,"https://humayounkobir.vercel.app/"
"ডুয়েট গাজীপুর লুপ শিখুন",c1_syllabus_programs,informational_transactional,bn,"https://humayounkobir.vercel.app/"
"ডুয়েট গাজীপুর লুপ পড়ুন",c1_syllabus_programs,informational_transactional,bn,"https://humayounkobir.vercel.app/"
"ডুয়েট গাজীপুর লুপ তুলনা করুন",c1_syllabus_programs,informational_transactional,bn,"https://humayounkobir.vercel.app/"
"ডুয়েট গাজীপুর লুপ অনুশীলন",c1_syllabus_programs,informational_transactional,bn,"https://humayounkobir.vercel.app/"
"ডুয়েট গাজীপুর লুপ কপি",c1_syllabus_programs,informational_transactional,bn,"https://humayounkobir.vercel.app/"
"ডুয়েট গাজীপুর লুপ দেখুন",c1_syllabus_programs,informational_transactional,bn,"https://humayounkobir.vercel.app/"
"ডুয়েট গাজীপুর লুপ প্রস্তুতি",c1_syllabus_programs,informational_transactional,bn,"https://humayounkobir.vercel.app/"
"ডুয়েট গাজীপুর লুপ সমাধান",c1_syllabus_programs,informational_transactional,bn,"https://humayounkobir.vercel.app/"
"ডুয়েট গাজীপুর রিকrecursive",c1_syllabus_programs,informational_transactional,bn,"https://humayounkobir.vercel.app/"
"ডুয়েট গাজীপুর রিকrecursive ডাউনলোড",c1_syllabus_programs,informational_transactional,bn,"https://humayounkobir.vercel.app/"
"ডুয়েট গাজীপুর রিকrecursive শিখুন",c1_syllabus_programs,informational_transactional,bn,"https://humayounkobir.vercel.app/"
"ডুয়েট গাজীপুর রিকrecursive পড়ুন",c1_syllabus_programs,informational_transactional,bn,"https://humayounkobir.vercel.app/"
"ডুয়েট গাজীপুর রিকrecursive তুলনা করুন",c1_syllabus_programs,informational_transactional,bn,"https://humayounkobir.vercel.app/"
"ডুয়েট গাজীপুর রিকrecursive অনুশীলন",c1_syllabus_programs,informational_transactional,bn,"https://humayounkobir.vercel.app/"
"ডুয়েট গাজীপুর রিকrecursive কপি",c1_syllabus_programs,informational_transactional,bn,"https://humayounkobir.vercel.app/"
"ডুয়েট গাজীপুর রিকrecursive দেখুন",c1_syllabus_programs,informational_transactional,bn,"https://humayounkobir.vercel.app/"
"ডুয়েট গাজীপুর রিকrecursive প্রস্তুতি",c1_syllabus_programs,informational_transactional,bn,"https://humayounkobir.vercel.app/"
"ডুয়েট গাজীপুর রিকrecursive সমাধান",c1_syllabus_programs,informational_transactional,bn,"https://humayounkobir.vercel.app/"
"ডুয়েট গাজীপুর অ্যারে",c1_syllabus_programs,informational_transactional,bn,"https://humayounkobir.vercel.app/"
"ডুয়েট গাজীপুর অ্যারে ডাউনলোড",c1_syllabus_programs,informational_transactional,bn,"https://humayounkobir.vercel.app/"
"ডুয়েট গাজীপুর অ্যারে শিখুন",c1_syllabus_programs,informational_transactional,bn,"https://humayounkobir.vercel.app/"
"ডুয়েট গাজীপুর অ্যারে পড়ুন",c1_syllabus_programs,informational_transactional,bn,"https://humayounkobir.vercel.app/"
"ডুয়েট গাজীপুর অ্যারে তুলনা করুন",c1_syllabus_programs,informational_transactional,bn,"https://humayounkobir.vercel.app/"
"ডুয়েট গাজীপুর অ্যারে অনুশীলন",c1_syllabus_programs,informational_transactional,bn,"https://humayounkobir.vercel.app/"
"ডুয়েট গাজীপুর অ্যারে কপি",c1_syllabus_programs,informational_transactional,bn,"https://humayounkobir.vercel.app/"
"ডুয়েট গাজীপুর অ্যারে দেখুন",c1_syllabus_programs,informational_transactional,bn,"https://humayounkobir.vercel.app/"
"ডুয়েট গাজীপুর অ্যারে প্রস্তুতি",c1_syllabus_programs,informational_transactional,bn,"https://humayounkobir.vercel.app/"
"ডুয়েট গাজীপুর অ্যারে সমাধান",c1_syllabus_programs,informational_transactional,bn,"https://humayounkobir.vercel.app/"
"ডুয়েট গাজীপুর পয়েন্টার",c1_syllabus_programs,informational_transactional,bn,"https://humayounkobir.vercel.app/"
"ডুয়েট গাজীপুর পয়েন্টার ডাউনলোড",c1_syllabus_programs,informational_transactional,bn,"https://humayounkobir.vercel.app/"
"ডুয়েট গাজীপুর পয়েন্টার শিখুন",c1_syllabus_programs,informational_transactional,bn,"https://humayounkobir.vercel.app/"
"ডুয়েট গাজীপুর পয়েন্টার পড়ুন",c1_syllabus_programs,informational_transactional,bn,"https://humayounkobir.vercel.app/"
"ডুয়েট গাজীপুর পয়েন্টার তুলনা করুন",c1_syllabus_programs,informational_transactional,bn,"https://humayounkobir.vercel.app/"
"ডুয়েট গাজীপুর পয়েন্টার অনুশীলন",c1_syllabus_programs,informational_transactional,bn,"https://humayounkobir.vercel.app/"
"ডুয়েট গাজীপুর পয়েন্টার কপি",c1_syllabus_programs,informational_transactional,bn,"https://humayounkobir.vercel.app/"
"ডুয়েট গাজীপুর পয়েন্টার দেখুন",c1_syllabus_programs,informational_transactional,bn,"https://humayounkobir.vercel.app/"
"ডুয়েট গাজীপুর পয়েন্টার প্রস্তুতি",c1_syllabus_programs,informational_transactional,bn,"https://humayounkobir.vercel.app/"
"ডুয়েট গাজীপুর পয়েন্টার সমাধান",c1_syllabus_programs,informational_transactional,bn,"https://humayounkobir.vercel.app/"
"ডুয়েট গাজীপুর পিডিএফ",c1_syllabus_programs,informational_transactional,bn,"https://humayounkobir.vercel.app/"
"ডুয়েট গাজীপুর পিডিএফ ডাউনলোড",c1_syllabus_programs,informational_transactional,bn,"https://humayounkobir.vercel.app/"
"ডুয়েট গাজীপুর পিডিএফ শিখুন",c1_syllabus_programs,informational_transactional,bn,"https://humayounkobir.vercel.app/"
"ডুয়েট গাজীপুর পিডিএফ পড়ুন",c1_syllabus_programs,informational_transactional,bn,"https://humayounkobir.vercel.app/"
"ডুয়েট গাজীপুর পিডিএফ তুলনা করুন",c1_syllabus_programs,informational_transactional,bn,"https://humayounkobir.vercel.app/"
"ডুয়েট গাজীপুর পিডিএফ অনুশীলন",c1_syllabus_programs,informational_transactional,bn,"https://humayounkobir.vercel.app/"
"ডুয়েট গাজীপুর পিডিএফ কপি",c1_syllabus_programs,informational_transactional,bn,"https://humayounkobir.vercel.app/"
"ডুয়েট গাজীপুর পিডিএফ দেখুন",c1_syllabus_programs,informational_transactional,bn,"https://humayounkobir.vercel.app/"
"ডুয়েট গাজীপুর পিডিএফ প্রস্তুতি",c1_syllabus_programs,informational_transactional,bn,"https://humayounkobir.vercel.app/"
"ডুয়েট গাজীপুর পিডিএফ সমাধান",c1_syllabus_programs,informational_transactional,bn,"https://humayounkobir.vercel.app/"
"ডুয়েট গাজীপুর বই",c1_syllabus_programs,informational_transactional,bn,"https://humayounkobir.vercel.app/"
"ডুয়েট গাজীপুর বই ডাউনলোড",c1_syllabus_programs,informational_transactional,bn,"https://humayounkobir.vercel.app/"
"ডুয়েট গাজীপুর বই শিখুন",c1_syllabus_programs,informational_transactional,bn,"https://humayounkobir.vercel.app/"
"ডুয়েট গাজীপুর বই পড়ুন",c1_syllabus_programs,informational_transactional,bn,"https://humayounkobir.vercel.app/"
"ডুয়েট গাজীপুর বই তুলনা করুন",c1_syllabus_programs,informational_transactional,bn,"https://humayounkobir.vercel.app/"
"ডুয়েট গাজীপুর বই অনুশীলন",c1_syllabus_programs,informational_transactional,bn,"https://humayounkobir.vercel.app/"
"ডুয়েট গাজীপুর বই কপি",c1_syllabus_programs,informational_transactional,bn,"https://humayounkobir.vercel.app/"
"ডুয়েট গাজীপুর বই দেখুন",c1_syllabus_programs,informational_transactional,bn,"https://humayounkobir.vercel.app/"
"ডুয়েট গাজীপুর বই প্রস্তুতি",c1_syllabus_programs,informational_transactional,bn,"https://humayounkobir.vercel.app/"
"ডুয়েট গাজীপুর বই সমাধান",c1_syllabus_programs,informational_transactional,bn,"https://humayounkobir.vercel.app/"
"ডুয়েট গাজীপুর অ্যান্ড্রয়েড অ্যাপ",c1_syllabus_programs,informational_transactional,bn,"https://humayounkobir.vercel.app/"
"ডুয়েট গাজীপুর অ্যান্ড্রয়েড অ্যাপ ডাউনলোড",c1_syllabus_programs,informational_transactional,bn,"https://humayounkobir.vercel.app/"
"ডুয়েট গাজীপুর অ্যান্ড্রয়েড অ্যাপ শিখুন",c1_syllabus_programs,informational_transactional,bn,"https://humayounkobir.vercel.app/"
"ডুয়েট গাজীপুর অ্যান্ড্রয়েড অ্যাপ পড়ুন",c1_syllabus_programs,informational_transactional,bn,"https://humayounkobir.vercel.app/"
"ডুয়েট গাজীপুর অ্যান্ড্রয়েড অ্যাপ তুলনা করুন",c1_syllabus_programs,informational_transactional,bn,"https://humayounkobir.vercel.app/"
"ডুয়েট গাজীপুর অ্যান্ড্রয়েড অ্যাপ অনুশীলন",c1_syllabus_programs,informational_transactional,bn,"https://humayounkobir.vercel.app/"
"ডুয়েট গাজীপুর অ্যান্ড্রয়েড অ্যাপ কপি",c1_syllabus_programs,informational_transactional,bn,"https://humayounkobir.vercel.app/"
"ডুয়েট গাজীপুর অ্যান্ড্রয়েড অ্যাপ দেখুন",c1_syllabus_programs,informational_transactional,bn,"https://humayounkobir.vercel.app/"
"ডুয়েট গাজীপুর অ্যান্ড্রয়েড অ্যাপ প্রস্তুতি",c1_syllabus_programs,informational_transactional,bn,"https://humayounkobir.vercel.app/"
"ডুয়েট গাজীপুর অ্যান্ড্রয়েড অ্যাপ সমাধান",c1_syllabus_programs,informational_transactional,bn,"https://humayounkobir.vercel.app/"
"ডুয়েট গাজীপুর নোট",c1_syllabus_programs,informational_transactional,bn,"https://humayounkobir.vercel.app/"
"ডুয়েট গাজীপুর নোট ডাউনলোড",c1_syllabus_programs,informational_transactional,bn,"https://humayounkobir.vercel.app/"
"ডুয়েট গাজীপুর নোট শিখুন",c1_syllabus_programs,informational_transactional,bn,"https://humayounkobir.vercel.app/"
"ডুয়েট গাজীপুর নোট পড়ুন",c1_syllabus_programs,informational_transactional,bn,"https://humayounkobir.vercel.app/"
"ডুয়েট গাজীপুর নোট তুলনা করুন",c1_syllabus_programs,informational_transactional,bn,"https://humayounkobir.vercel.app/"
"ডুয়েট গাজীপুর নোট অনুশীলন",c1_syllabus_programs,informational_transactional,bn,"https://humayounkobir.vercel.app/"
"ডুয়েট গাজীপুর নোট কপি",c1_syllabus_programs,informational_transactional,bn,"https://humayounkobir.vercel.app/"
"ডুয়েট গাজীপুর নোট দেখুন",c1_syllabus_programs,informational_transactional,bn,"https://humayounkobir.vercel.app/"
"ডুয়েট গাজীপুর নোট প্রস্তুতি",c1_syllabus_programs,informational_transactional,bn,"https://humayounkobir.vercel.app/"
"ডুয়েট গাজীপুর নোট সমাধান",c1_syllabus_programs,informational_transactional,bn,"https://humayounkobir.vercel.app/"
"ডুয়েট গাজীপুর সমাধান",c1_syllabus_programs,informational_transactional,bn,"https://humayounkobir.vercel.app/"
"ডুয়েট গাজীপুর সমাধান ডাউনলোড",c1_syllabus_programs,informational_transactional,bn,"https://humayounkobir.vercel.app/"
"ডুয়েট গাজীপুর সমাধান শিখুন",c1_syllabus_programs,informational_transactional,bn,"https://humayounkobir.vercel.app/"
"ডুয়েট গাজীপুর সমাধান পড়ুন",c1_syllabus_programs,informational_transactional,bn,"https://humayounkobir.vercel.app/"
"ডুয়েট গাজীপুর সমাধান তুলনা করুন",c1_syllabus_programs,informational_transactional,bn,"https://humayounkobir.vercel.app/"
"ডুয়েট গাজীপুর সমাধান অনুশীলন",c1_syllabus_programs,informational_transactional,bn,"https://humayounkobir.vercel.app/"
"ডুয়েট গাজীপুর সমাধান কপি",c1_syllabus_programs,informational_transactional,bn,"https://humayounkobir.vercel.app/"
"ডুয়েট গাজীপুর সমাধান দেখুন",c1_syllabus_programs,informational_transactional,bn,"https://humayounkobir.vercel.app/"
"ডুয়েট গাজীপুর সমাধান প্রস্তুতি",c1_syllabus_programs,informational_transactional,bn,"https://humayounkobir.vercel.app/"
"ডুয়েট গাজীপুর সমাধান সমাধান",c1_syllabus_programs,informational_transactional,bn,"https://humayounkobir.vercel.app/"
"পলিটেকনিক প্রোগ্রাম",c1_syllabus_programs,informational_transactional,bn,"https://humayounkobir.vercel.app/"
"পলিটেকনিক প্রোগ্রাম ডাউনলোড",c1_syllabus_programs,informational_transactional,bn,"https://humayounkobir.vercel.app/"
"পলিটেকনিক প্রোগ্রাম শিখুন",c1_syllabus_programs,informational_transactional,bn,"https://humayounkobir.vercel.app/"
"পলিটেকনিক প্রোগ্রাম পড়ুন",c1_syllabus_programs,informational_transactional,bn,"https://humayounkobir.vercel.app/"
"পলিটেকনিক প্রোগ্রাম তুলনা করুন",c1_syllabus_programs,informational_transactional,bn,"https://humayounkobir.vercel.app/"
"পলিটেকনিক প্রোগ্রাম অনুশীলন",c1_syllabus_programs,informational_transactional,bn,"https://humayounkobir.vercel.app/"
"পলিটেকনিক প্রোগ্রাম কপি",c1_syllabus_programs,informational_transactional,bn,"https://humayounkobir.vercel.app/"
"পলিটেকনিক প্রোগ্রাম দেখুন",c1_syllabus_programs,informational_transactional,bn,"https://humayounkobir.vercel.app/"
"পলিটেকনিক প্রোগ্রাম প্রস্তুতি",c1_syllabus_programs,informational_transactional,bn,"https://humayounkobir.vercel.app/"
"পলিটেকনিক প্রোগ্রাম সমাধান",c1_syllabus_programs,informational_transactional,bn,"https://humayounkobir.vercel.app/"
"পলিটেকনিক কোড",c1_syllabus_programs,informational_transactional,bn,"https://humayounkobir.vercel.app/"
"পলিটেকনিক কোড ডাউনলোড",c1_syllabus_programs,informational_transactional,bn,"https://humayounkobir.vercel.app/"
"পলিটেকনিক কোড শিখুন",c1_syllabus_programs,informational_transactional,bn,"https://humayounkobir.vercel.app/"
"পলিটেকনিক কোড পড়ুন",c1_syllabus_programs,informational_transactional,bn,"https://humayounkobir.vercel.app/"
"পলিটেকনিক কোড তুলনা করুন",c1_syllabus_programs,informational_transactional,bn,"https://humayounkobir.vercel.app/"
"পলিটেকনিক কোড অনুশীলন",c1_syllabus_programs,informational_transactional,bn,"https://humayounkobir.vercel.app/"
"পলিটেকনিক কোড কপি",c1_syllabus_programs,informational_transactional,bn,"https://humayounkobir.vercel.app/"
"পলিটেকনিক কোড দেখুন",c1_syllabus_programs,informational_transactional,bn,"https://humayounkobir.vercel.app/"
"পলিটেকনিক কোড প্রস্তুতি",c1_syllabus_programs,informational_transactional,bn,"https://humayounkobir.vercel.app/"
"পলিটেকনিক কোড সমাধান",c1_syllabus_programs,informational_transactional,bn,"https://humayounkobir.vercel.app/"
"পলিটেকনিক বেসিক প্রোগ্রাম",c1_syllabus_programs,informational_transactional,bn,"https://humayounkobir.vercel.app/"
"পলিটেকনিক বেসিক প্রোগ্রাম ডাউনলোড",c1_syllabus_programs,informational_transactional,bn,"https://humayounkobir.vercel.app/"
"পলিটেকনিক বেসিক প্রোগ্রাম শিখুন",c1_syllabus_programs,informational_transactional,bn,"https://humayounkobir.vercel.app/"
"পলিটেকনিক বেসিক প্রোগ্রাম পড়ুন",c1_syllabus_programs,informational_transactional,bn,"https://humayounkobir.vercel.app/"
"পলিটেকনিক বেসিক প্রোগ্রাম তুলনা করুন",c1_syllabus_programs,informational_transactional,bn,"https://humayounkobir.vercel.app/"
"পলিটেকনিক বেসিক প্রোগ্রাম অনুশীলন",c1_syllabus_programs,informational_transactional,bn,"https://humayounkobir.vercel.app/"
"পলিটেকনিক বেসিক প্রোগ্রাম কপি",c1_syllabus_programs,informational_transactional,bn,"https://humayounkobir.vercel.app/"
"পলিটেকনিক বেসিক প্রোগ্রাম দেখুন",c1_syllabus_programs,informational_transactional,bn,"https://humayounkobir.vercel.app/"
"পলিটেকনিক বেসিক প্রোগ্রাম প্রস্তুতি",c1_syllabus_programs,informational_transactional,bn,"https://humayounkobir.vercel.app/"
"পলিটেকনিক বেসিক প্রোগ্রাম সমাধান",c1_syllabus_programs,informational_transactional,bn,"https://humayounkobir.vercel.app/"
"পলিটেকনিক সিলেবাস",c1_syllabus_programs,informational_transactional,bn,"https://humayounkobir.vercel.app/"
"পলিটেকনিক সিলেবাস ডাউনলোড",c1_syllabus_programs,informational_transactional,bn,"https://humayounkobir.vercel.app/"
"পলিটেকনিক সিলেবাস শিখুন",c1_syllabus_programs,informational_transactional,bn,"https://humayounkobir.vercel.app/"
"পলিটেকনিক সিলেবাস পড়ুন",c1_syllabus_programs,informational_transactional,bn,"https://humayounkobir.vercel.app/"
"পলিটেকনিক সিলেবাস তুলনা করুন",c1_syllabus_programs,informational_transactional,bn,"https://humayounkobir.vercel.app/"
"পলিটেকনিক সিলেবাস অনুশীলন",c1_syllabus_programs,informational_transactional,bn,"https://humayounkobir.vercel.app/"
"পলিটেকনিক সিলেবাস কপি",c1_syllabus_programs,informational_transactional,bn,"https://humayounkobir.vercel.app/"
"পলিটেকনিক সিলেবাস দেখুন",c1_syllabus_programs,informational_transactional,bn,"https://humayounkobir.vercel.app/"
"পলিটেকনিক সিলেবাস প্রস্তুতি",c1_syllabus_programs,informational_transactional,bn,"https://humayounkobir.vercel.app/"
"পলিটেকনিক সিলেবাস সমাধান",c1_syllabus_programs,informational_transactional,bn,"https://humayounkobir.vercel.app/"
"পলিটেকনিক ভর্তি প্রশ্ন",c1_syllabus_programs,informational_transactional,bn,"https://humayounkobir.vercel.app/"
"পলিটেকনিক ভর্তি প্রশ্ন ডাউনলোড",c1_syllabus_programs,informational_transactional,bn,"https://humayounkobir.vercel.app/"
"পলিটেকনিক ভর্তি প্রশ্ন শিখুন",c1_syllabus_programs,informational_transactional,bn,"https://humayounkobir.vercel.app/"
"পলিটেকনিক ভর্তি প্রশ্ন পড়ুন",c1_syllabus_programs,informational_transactional,bn,"https://humayounkobir.vercel.app/"
"পলিটেকনিক ভর্তি প্রশ্ন তুলনা করুন",c1_syllabus_programs,informational_transactional,bn,"https://humayounkobir.vercel.app/"
"পলিটেকনিক ভর্তি প্রশ্ন অনুশীলন",c1_syllabus_programs,informational_transactional,bn,"https://humayounkobir.vercel.app/"
"পলিটেকনিক ভর্তি প্রশ্ন কপি",c1_syllabus_programs,informational_transactional,bn,"https://humayounkobir.vercel.app/"
"পলিটেকনিক ভর্তি প্রশ্ন দেখুন",c1_syllabus_programs,informational_transactional,bn,"https://humayounkobir.vercel.app/"
"পলিটেকনিক ভর্তি প্রশ্ন প্রস্তুতি",c1_syllabus_programs,informational_transactional,bn,"https://humayounkobir.vercel.app/"
"পলিটেকনিক ভর্তি প্রশ্ন সমাধান",c1_syllabus_programs,informational_transactional,bn,"https://humayounkobir.vercel.app/"
"পলিটেকনিক প্যাটার্ন প্রোগ্রাম",c1_syllabus_programs,informational_transactional,bn,"https://humayounkobir.vercel.app/"
"পলিটেকনিক প্যাটার্ন প্রোগ্রাম ডাউনলোড",c1_syllabus_programs,informational_transactional,bn,"https://humayounkobir.vercel.app/"
"পলিটেকনিক প্যাটার্ন প্রোগ্রাম শিখুন",c1_syllabus_programs,informational_transactional,bn,"https://humayounkobir.vercel.app/"
"পলিটেকনিক প্যাটার্ন প্রোগ্রাম পড়ুন",c1_syllabus_programs,informational_transactional,bn,"https://humayounkobir.vercel.app/"
"পলিটেকনিক প্যাটার্ন প্রোগ্রাম তুলনা করুন",c1_syllabus_programs,informational_transactional,bn,"https://humayounkobir.vercel.app/"
"পলিটেকনিক প্যাটার্ন প্রোগ্রাম অনুশীলন",c1_syllabus_programs,informational_transactional,bn,"https://humayounkobir.vercel.app/"
"পলিটেকনিক প্যাটার্ন প্রোগ্রাম কপি",c1_syllabus_programs,informational_transactional,bn,"https://humayounkobir.vercel.app/"
"পলিটেকনিক প্যাটার্ন প্রোগ্রাম দেখুন",c1_syllabus_programs,informational_transactional,bn,"https://humayounkobir.vercel.app/"
"পলিটেকনিক প্যাটার্ন প্রোগ্রাম প্রস্তুতি",c1_syllabus_programs,informational_transactional,bn,"https://humayounkobir.vercel.app/"
"পলিটেকনিক প্যাটার্ন প্রোগ্রাম সমাধান",c1_syllabus_programs,informational_transactional,bn,"https://humayounkobir.vercel.app/"
"পলিটেকনিক ধারা যোগফল",c1_syllabus_programs,informational_transactional,bn,"https://humayounkobir.vercel.app/"
"পলিটেকনিক ধারা যোগফল ডাউনলোড",c1_syllabus_programs,informational_transactional,bn,"https://humayounkobir.vercel.app/"
"পলিটেকনিক ধারা যোগফল শিখুন",c1_syllabus_programs,informational_transactional,bn,"https://humayounkobir.vercel.app/"
"পলিটেকনিক ধারা যোগফল পড়ুন",c1_syllabus_programs,informational_transactional,bn,"https://humayounkobir.vercel.app/"
"পলিটেকনিক ধারা যোগফল তুলনা করুন",c1_syllabus_programs,informational_transactional,bn,"https://humayounkobir.vercel.app/"
"পলিটেকনিক ধারা যোগফল অনুশীলন",c1_syllabus_programs,informational_transactional,bn,"https://humayounkobir.vercel.app/"
"পলিটেকনিক ধারা যোগফল কপি",c1_syllabus_programs,informational_transactional,bn,"https://humayounkobir.vercel.app/"
"পলিটেকনিক ধারা যোগফল দেখুন",c1_syllabus_programs,informational_transactional,bn,"https://humayounkobir.vercel.app/"
"পলিটেকনিক ধারা যোগফল প্রস্তুতি",c1_syllabus_programs,informational_transactional,bn,"https://humayounkobir.vercel.app/"
"পলিটেকনিক ধারা যোগফল সমাধান",c1_syllabus_programs,informational_transactional,bn,"https://humayounkobir.vercel.app/"
"পলিটেকনিক লুপ",c1_syllabus_programs,informational_transactional,bn,"https://humayounkobir.vercel.app/"
"পলিটেকনিক লুপ ডাউনলোড",c1_syllabus_programs,informational_transactional,bn,"https://humayounkobir.vercel.app/"
"পলিটেকনিক লুপ শিখুন",c1_syllabus_programs,informational_transactional,bn,"https://humayounkobir.vercel.app/"
"পলিটেকনিক লুপ পড়ুন",c1_syllabus_programs,informational_transactional,bn,"https://humayounkobir.vercel.app/"
"পলিটেকনিক লুপ তুলনা করুন",c1_syllabus_programs,informational_transactional,bn,"https://humayounkobir.vercel.app/"
"পলিটেকনিক লুপ অনুশীলন",c1_syllabus_programs,informational_transactional,bn,"https://humayounkobir.vercel.app/"
"পলিটেকনিক লুপ কপি",c1_syllabus_programs,informational_transactional,bn,"https://humayounkobir.vercel.app/"
"পলিটেকনিক লুপ দেখুন",c1_syllabus_programs,informational_transactional,bn,"https://humayounkobir.vercel.app/"
"পলিটেকনিক লুপ প্রস্তুতি",c1_syllabus_programs,informational_transactional,bn,"https://humayounkobir.vercel.app/"
"পলিটেকনিক লুপ সমাধান",c1_syllabus_programs,informational_transactional,bn,"https://humayounkobir.vercel.app/"
"পলিটেকনিক রিকrecursive",c1_syllabus_programs,informational_transactional,bn,"https://humayounkobir.vercel.app/"
"পলিটেকনিক রিকrecursive ডাউনলোড",c1_syllabus_programs,informational_transactional,bn,"https://humayounkobir.vercel.app/"
"পলিটেকনিক রিকrecursive শিখুন",c1_syllabus_programs,informational_transactional,bn,"https://humayounkobir.vercel.app/"
"পলিটেকনিক রিকrecursive পড়ুন",c1_syllabus_programs,informational_transactional,bn,"https://humayounkobir.vercel.app/"
"পলিটেকনিক রিকrecursive তুলনা করুন",c1_syllabus_programs,informational_transactional,bn,"https://humayounkobir.vercel.app/"
"পলিটেকনিক রিকrecursive অনুশীলন",c1_syllabus_programs,informational_transactional,bn,"https://humayounkobir.vercel.app/"
"পলিটেকনিক রিকrecursive কপি",c1_syllabus_programs,informational_transactional,bn,"https://humayounkobir.vercel.app/"
"পলিটেকনিক রিকrecursive দেখুন",c1_syllabus_programs,informational_transactional,bn,"https://humayounkobir.vercel.app/"
"পলিটেকনিক রিকrecursive প্রস্তুতি",c1_syllabus_programs,informational_transactional,bn,"https://humayounkobir.vercel.app/"
"পলিটেকনিক রিকrecursive সমাধান",c1_syllabus_programs,informational_transactional,bn,"https://humayounkobir.vercel.app/"
"পলিটেকনিক অ্যারে",c1_syllabus_programs,informational_transactional,bn,"https://humayounkobir.vercel.app/"
"পলিটেকনিক অ্যারে ডাউনলোড",c1_syllabus_programs,informational_transactional,bn,"https://humayounkobir.vercel.app/"
"পলিটেকনিক অ্যারে শিখুন",c1_syllabus_programs,informational_transactional,bn,"https://humayounkobir.vercel.app/"
"পলিটেকনিক অ্যারে পড়ুন",c1_syllabus_programs,informational_transactional,bn,"https://humayounkobir.vercel.app/"
"পলিটেকনিক অ্যারে তুলনা করুন",c1_syllabus_programs,informational_transactional,bn,"https://humayounkobir.vercel.app/"
"পলিটেকনিক অ্যারে অনুশীলন",c1_syllabus_programs,informational_transactional,bn,"https://humayounkobir.vercel.app/"
"পলিটেকনিক অ্যারে কপি",c1_syllabus_programs,informational_transactional,bn,"https://humayounkobir.vercel.app/"
"পলিটেকনিক অ্যারে দেখুন",c1_syllabus_programs,informational_transactional,bn,"https://humayounkobir.vercel.app/"
"পলিটেকনিক অ্যারে প্রস্তুতি",c1_syllabus_programs,informational_transactional,bn,"https://humayounkobir.vercel.app/"
"পলিটেকনিক অ্যারে সমাধান",c1_syllabus_programs,informational_transactional,bn,"https://humayounkobir.vercel.app/"
"পলিটেকনিক পয়েন্টার",c1_syllabus_programs,informational_transactional,bn,"https://humayounkobir.vercel.app/"
"পলিটেকনিক পয়েন্টার ডাউনলোড",c1_syllabus_programs,informational_transactional,bn,"https://humayounkobir.vercel.app/"
"পলিটেকনিক পয়েন্টার শিখুন",c1_syllabus_programs,informational_transactional,bn,"https://humayounkobir.vercel.app/"
"পলিটেকনিক পয়েন্টার পড়ুন",c1_syllabus_programs,informational_transactional,bn,"https://humayounkobir.vercel.app/"
"পলিটেকনিক পয়েন্টার তুলনা করুন",c1_syllabus_programs,informational_transactional,bn,"https://humayounkobir.vercel.app/"
"পলিটেকনিক পয়েন্টার অনুশীলন",c1_syllabus_programs,informational_transactional,bn,"https://humayounkobir.vercel.app/"
"পলিটেকনিক পয়েন্টার কপি",c1_syllabus_programs,informational_transactional,bn,"https://humayounkobir.vercel.app/"
"পলিটেকনিক পয়েন্টার দেখুন",c1_syllabus_programs,informational_transactional,bn,"https://humayounkobir.vercel.app/"
"পলিটেকনিক পয়েন্টার প্রস্তুতি",c1_syllabus_programs,informational_transactional,bn,"https://humayounkobir.vercel.app/"
"পলিটেকনিক পয়েন্টার সমাধান",c1_syllabus_programs,informational_transactional,bn,"https://humayounkobir.vercel.app/"
"পলিটেকনিক পিডিএফ",c1_syllabus_programs,informational_transactional,bn,"https://humayounkobir.vercel.app/"
"পলিটেকনিক পিডিএফ ডাউনলোড",c1_syllabus_programs,informational_transactional,bn,"https://humayounkobir.vercel.app/"
"পলিটেকনিক পিডিএফ শিখুন",c1_syllabus_programs,informational_transactional,bn,"https://humayounkobir.vercel.app/"
"পলিটেকনিক পিডিএফ পড়ুন",c1_syllabus_programs,informational_transactional,bn,"https://humayounkobir.vercel.app/"
"পলিটেকনিক পিডিএফ তুলনা করুন",c1_syllabus_programs,informational_transactional,bn,"https://humayounkobir.vercel.app/"
"পলিটেকনিক পিডিএফ অনুশীলন",c1_syllabus_programs,informational_transactional,bn,"https://humayounkobir.vercel.app/"
"পলিটেকনিক পিডিএফ কপি",c1_syllabus_programs,informational_transactional,bn,"https://humayounkobir.vercel.app/"
"পলিটেকনিক পিডিএফ দেখুন",c1_syllabus_programs,informational_transactional,bn,"https://humayounkobir.vercel.app/"
"পলিটেকনিক পিডিএফ প্রস্তুতি",c1_syllabus_programs,informational_transactional,bn,"https://humayounkobir.vercel.app/"
"পলিটেকনিক পিডিএফ সমাধান",c1_syllabus_programs,informational_transactional,bn,"https://humayounkobir.vercel.app/"
"পলিটেকনিক বই",c1_syllabus_programs,informational_transactional,bn,"https://humayounkobir.vercel.app/"
"পলিটেকনিক বই ডাউনলোড",c1_syllabus_programs,informational_transactional,bn,"https://humayounkobir.vercel.app/"
"পলিটেকনিক বই শিখুন",c1_syllabus_programs,informational_transactional,bn,"https://humayounkobir.vercel.app/"
"পলিটেকনিক বই পড়ুন",c1_syllabus_programs,informational_transactional,bn,"https://humayounkobir.vercel.app/"
"পলিটেকনিক বই তুলনা করুন",c1_syllabus_programs,informational_transactional,bn,"https://humayounkobir.vercel.app/"
"পলিটেকনিক বই অনুশীলন",c1_syllabus_programs,informational_transactional,bn,"https://humayounkobir.vercel.app/"
"পলিটেকনিক বই কপি",c1_syllabus_programs,informational_transactional,bn,"https://humayounkobir.vercel.app/"
"পলিটেকনিক বই দেখুন",c1_syllabus_programs,informational_transactional,bn,"https://humayounkobir.vercel.app/"
"পলিটেকনিক বই প্রস্তুতি",c1_syllabus_programs,informational_transactional,bn,"https://humayounkobir.vercel.app/"
"পলিটেকনিক বই সমাধান",c1_syllabus_programs,informational_transactional,bn,"https://humayounkobir.vercel.app/"
"পলিটেকনিক অ্যান্ড্রয়েড অ্যাপ",c1_syllabus_programs,informational_transactional,bn,"https://humayounkobir.vercel.app/"
"পলিটেকনিক অ্যান্ড্রয়েড অ্যাপ ডাউনলোড",c1_syllabus_programs,informational_transactional,bn,"https://humayounkobir.vercel.app/"
"পলিটেকনিক অ্যান্ড্রয়েড অ্যাপ শিখুন",c1_syllabus_programs,informational_transactional,bn,"https://humayounkobir.vercel.app/"
"পলিটেকনিক অ্যান্ড্রয়েড অ্যাপ পড়ুন",c1_syllabus_programs,informational_transactional,bn,"https://humayounkobir.vercel.app/"
"পলিটেকনিক অ্যান্ড্রয়েড অ্যাপ তুলনা করুন",c1_syllabus_programs,informational_transactional,bn,"https://humayounkobir.vercel.app/"
"পলিটেকনিক অ্যান্ড্রয়েড অ্যাপ অনুশীলন",c1_syllabus_programs,informational_transactional,bn,"https://humayounkobir.vercel.app/"
"পলিটেকনিক অ্যান্ড্রয়েড অ্যাপ কপি",c1_syllabus_programs,informational_transactional,bn,"https://humayounkobir.vercel.app/"
"পলিটেকনিক অ্যান্ড্রয়েড অ্যাপ দেখুন",c1_syllabus_programs,informational_transactional,bn,"https://humayounkobir.vercel.app/"
"পলিটেকনিক অ্যান্ড্রয়েড অ্যাপ প্রস্তুতি",c1_syllabus_programs,informational_transactional,bn,"https://humayounkobir.vercel.app/"
"পলিটেকনিক অ্যান্ড্রয়েড অ্যাপ সমাধান",c1_syllabus_programs,informational_transactional,bn,"https://humayounkobir.vercel.app/"
"পলিটেকনিক নোট",c1_syllabus_programs,informational_transactional,bn,"https://humayounkobir.vercel.app/"
"পলিটেকনিক নোট ডাউনলোড",c1_syllabus_programs,informational_transactional,bn,"https://humayounkobir.vercel.app/"
"পলিটেকনিক নোট শিখুন",c1_syllabus_programs,informational_transactional,bn,"https://humayounkobir.vercel.app/"
"পলিটেকনিক নোট পড়ুন",c1_syllabus_programs,informational_transactional,bn,"https://humayounkobir.vercel.app/"
"পলিটেকনিক নোট তুলনা করুন",c1_syllabus_programs,informational_transactional,bn,"https://humayounkobir.vercel.app/"
"পলিটেকনিক নোট অনুশীলন",c1_syllabus_programs,informational_transactional,bn,"https://humayounkobir.vercel.app/"
"পলিটেকনিক নোট কপি",c1_syllabus_programs,informational_transactional,bn,"https://humayounkobir.vercel.app/"
"পলিটেকনিক নোট দেখুন",c1_syllabus_programs,informational_transactional,bn,"https://humayounkobir.vercel.app/"
"পলিটেকনিক নোট প্রস্তুতি",c1_syllabus_programs,informational_transactional,bn,"https://humayounkobir.vercel.app/"
"পলিটেকনিক নোট সমাধান",c1_syllabus_programs,informational_transactional,bn,"https://humayounkobir.vercel.app/"
"পলিটেকনিক সমাধান",c1_syllabus_programs,informational_transactional,bn,"https://humayounkobir.vercel.app/"
"পলিটেকনিক সমাধান ডাউনলোড",c1_syllabus_programs,informational_transactional,bn,"https://humayounkobir.vercel.app/"
"পলিটেকনিক সমাধান শিখুন",c1_syllabus_programs,informational_transactional,bn,"https://humayounkobir.vercel.app/"
"পলিটেকনিক সমাধান পড়ুন",c1_syllabus_programs,informational_transactional,bn,"https://humayounkobir.vercel.app/"
"পলিটেকনিক সমাধান তুলনা করুন",c1_syllabus_programs,informational_transactional,bn,"https://humayounkobir.vercel.app/"
"পলিটেকনিক সমাধান অনুশীলন",c1_syllabus_programs,informational_transactional,bn,"https://humayounkobir.vercel.app/"
"পলিটেকনিক সমাধান কপি",c1_syllabus_programs,informational_transactional,bn,"https://humayounkobir.vercel.app/"
"পলিটেকনিক সমাধান দেখুন",c1_syllabus_programs,informational_transactional,bn,"https://humayounkobir.vercel.app/"
"পলিটেকনিক সমাধান প্রস্তুতি",c1_syllabus_programs,informational_transactional,bn,"https://humayounkobir.vercel.app/"
"পলিটেকনিক সমাধান সমাধান",c1_syllabus_programs,informational_transactional,bn,"https://humayounkobir.vercel.app/"
"ডিপ্লোমা ইঞ্জিনিয়ারিং প্রোগ্রাম",c1_syllabus_programs,informational_transactional,bn,"https://humayounkobir.vercel.app/"
"ডিপ্লোমা ইঞ্জিনিয়ারিং প্রোগ্রাম ডাউনলোড",c1_syllabus_programs,informational_transactional,bn,"https://humayounkobir.vercel.app/"
"ডিপ্লোমা ইঞ্জিনিয়ারিং প্রোগ্রাম শিখুন",c1_syllabus_programs,informational_transactional,bn,"https://humayounkobir.vercel.app/"
"ডিপ্লোমা ইঞ্জিনিয়ারিং প্রোগ্রাম পড়ুন",c1_syllabus_programs,informational_transactional,bn,"https://humayounkobir.vercel.app/"
"ডিপ্লোমা ইঞ্জিনিয়ারিং প্রোগ্রাম তুলনা করুন",c1_syllabus_programs,informational_transactional,bn,"https://humayounkobir.vercel.app/"
"ডিপ্লোমা ইঞ্জিনিয়ারিং প্রোগ্রাম অনুশীলন",c1_syllabus_programs,informational_transactional,bn,"https://humayounkobir.vercel.app/"
"ডিপ্লোমা ইঞ্জিনিয়ারিং প্রোগ্রাম কপি",c1_syllabus_programs,informational_transactional,bn,"https://humayounkobir.vercel.app/"
"ডিপ্লোমা ইঞ্জিনিয়ারিং প্রোগ্রাম দেখুন",c1_syllabus_programs,informational_transactional,bn,"https://humayounkobir.vercel.app/"
"ডিপ্লোমা ইঞ্জিনিয়ারিং প্রোগ্রাম প্রস্তুতি",c1_syllabus_programs,informational_transactional,bn,"https://humayounkobir.vercel.app/"
"ডিপ্লোমা ইঞ্জিনিয়ারিং প্রোগ্রাম সমাধান",c1_syllabus_programs,informational_transactional,bn,"https://humayounkobir.vercel.app/"
"ডিপ্লোমা ইঞ্জিনিয়ারিং কোড",c1_syllabus_programs,informational_transactional,bn,"https://humayounkobir.vercel.app/"
"ডিপ্লোমা ইঞ্জিনিয়ারিং কোড ডাউনলোড",c1_syllabus_programs,informational_transactional,bn,"https://humayounkobir.vercel.app/"
"ডিপ্লোমা ইঞ্জিনিয়ারিং কোড শিখুন",c1_syllabus_programs,informational_transactional,bn,"https://humayounkobir.vercel.app/"
"ডিপ্লোমা ইঞ্জিনিয়ারিং কোড পড়ুন",c1_syllabus_programs,informational_transactional,bn,"https://humayounkobir.vercel.app/"
"ডিপ্লোমা ইঞ্জিনিয়ারিং কোড তুলনা করুন",c1_syllabus_programs,informational_transactional,bn,"https://humayounkobir.vercel.app/"
"ডিপ্লোমা ইঞ্জিনিয়ারিং কোড অনুশীলন",c1_syllabus_programs,informational_transactional,bn,"https://humayounkobir.vercel.app/"
"ডিপ্লোমা ইঞ্জিনিয়ারিং কোড কপি",c1_syllabus_programs,informational_transactional,bn,"https://humayounkobir.vercel.app/"
"ডিপ্লোমা ইঞ্জিনিয়ারিং কোড দেখুন",c1_syllabus_programs,informational_transactional,bn,"https://humayounkobir.vercel.app/"
"ডিপ্লোমা ইঞ্জিনিয়ারিং কোড প্রস্তুতি",c1_syllabus_programs,informational_transactional,bn,"https://humayounkobir.vercel.app/"
"ডিপ্লোমা ইঞ্জিনিয়ারিং কোড সমাধান",c1_syllabus_programs,informational_transactional,bn,"https://humayounkobir.vercel.app/"
"ডিপ্লোমা ইঞ্জিনিয়ারিং বেসিক প্রোগ্রাম",c1_syllabus_programs,informational_transactional,bn,"https://humayounkobir.vercel.app/"
"ডিপ্লোমা ইঞ্জিনিয়ারিং বেসিক প্রোগ্রাম ডাউনলোড",c1_syllabus_programs,informational_transactional,bn,"https://humayounkobir.vercel.app/"
"ডিপ্লোমা ইঞ্জিনিয়ারিং বেসিক প্রোগ্রাম শিখুন",c1_syllabus_programs,informational_transactional,bn,"https://humayounkobir.vercel.app/"
"ডিপ্লোমা ইঞ্জিনিয়ারিং বেসিক প্রোগ্রাম পড়ুন",c1_syllabus_programs,informational_transactional,bn,"https://humayounkobir.vercel.app/"
"ডিপ্লোমা ইঞ্জিনিয়ারিং বেসিক প্রোগ্রাম তুলনা করুন",c1_syllabus_programs,informational_transactional,bn,"https://humayounkobir.vercel.app/"
"ডিপ্লোমা ইঞ্জিনিয়ারিং বেসিক প্রোগ্রাম অনুশীলন",c1_syllabus_programs,informational_transactional,bn,"https://humayounkobir.vercel.app/"
"ডিপ্লোমা ইঞ্জিনিয়ারিং বেসিক প্রোগ্রাম কপি",c1_syllabus_programs,informational_transactional,bn,"https://humayounkobir.vercel.app/"
"ডিপ্লোমা ইঞ্জিনিয়ারিং বেসিক প্রোগ্রাম দেখুন",c1_syllabus_programs,informational_transactional,bn,"https://humayounkobir.vercel.app/"
"ডিপ্লোমা ইঞ্জিনিয়ারিং বেসিক প্রোগ্রাম প্রস্তুতি",c1_syllabus_programs,informational_transactional,bn,"https://humayounkobir.vercel.app/"
"ডিপ্লোমা ইঞ্জিনিয়ারিং বেসিক প্রোগ্রাম সমাধান",c1_syllabus_programs,informational_transactional,bn,"https://humayounkobir.vercel.app/"
"ডিপ্লোমা ইঞ্জিনিয়ারিং সিলেবাস",c1_syllabus_programs,informational_transactional,bn,"https://humayounkobir.vercel.app/"
"ডিপ্লোমা ইঞ্জিনিয়ারিং সিলেবাস ডাউনলোড",c1_syllabus_programs,informational_transactional,bn,"https://humayounkobir.vercel.app/"
"ডিপ্লোমা ইঞ্জিনিয়ারিং সিলেবাস শিখুন",c1_syllabus_programs,informational_transactional,bn,"https://humayounkobir.vercel.app/"
"ডিপ্লোমা ইঞ্জিনিয়ারিং সিলেবাস পড়ুন",c1_syllabus_programs,informational_transactional,bn,"https://humayounkobir.vercel.app/"
"ডিপ্লোমা ইঞ্জিনিয়ারিং সিলেবাস তুলনা করুন",c1_syllabus_programs,informational_transactional,bn,"https://humayounkobir.vercel.app/"
"ডিপ্লোমা ইঞ্জিনিয়ারিং সিলেবাস অনুশীলন",c1_syllabus_programs,informational_transactional,bn,"https://humayounkobir.vercel.app/"
"ডিপ্লোমা ইঞ্জিনিয়ারিং সিলেবাস কপি",c1_syllabus_programs,informational_transactional,bn,"https://humayounkobir.vercel.app/"
"ডিপ্লোমা ইঞ্জিনিয়ারিং সিলেবাস দেখুন",c1_syllabus_programs,informational_transactional,bn,"https://humayounkobir.vercel.app/"
"ডিপ্লোমা ইঞ্জিনিয়ারিং সিলেবাস প্রস্তুতি",c1_syllabus_programs,informational_transactional,bn,"https://humayounkobir.vercel.app/"
"ডিপ্লোমা ইঞ্জিনিয়ারিং সিলেবাস সমাধান",c1_syllabus_programs,informational_transactional,bn,"https://humayounkobir.vercel.app/"
"ডিপ্লোমা ইঞ্জিনিয়ারিং ভর্তি প্রশ্ন",c1_syllabus_programs,informational_transactional,bn,"https://humayounkobir.vercel.app/"
"ডিপ্লোমা ইঞ্জিনিয়ারিং ভর্তি প্রশ্ন ডাউনলোড",c1_syllabus_programs,informational_transactional,bn,"https://humayounkobir.vercel.app/"
"ডিপ্লোমা ইঞ্জিনিয়ারিং ভর্তি প্রশ্ন শিখুন",c1_syllabus_programs,informational_transactional,bn,"https://humayounkobir.vercel.app/"
"ডিপ্লোমা ইঞ্জিনিয়ারিং ভর্তি প্রশ্ন পড়ুন",c1_syllabus_programs,informational_transactional,bn,"https://humayounkobir.vercel.app/"
"ডিপ্লোমা ইঞ্জিনিয়ারিং ভর্তি প্রশ্ন তুলনা করুন",c1_syllabus_programs,informational_transactional,bn,"https://humayounkobir.vercel.app/"
"ডিপ্লোমা ইঞ্জিনিয়ারিং ভর্তি প্রশ্ন অনুশীলন",c1_syllabus_programs,informational_transactional,bn,"https://humayounkobir.vercel.app/"
"ডিপ্লোমা ইঞ্জিনিয়ারিং ভর্তি প্রশ্ন কপি",c1_syllabus_programs,informational_transactional,bn,"https://humayounkobir.vercel.app/"
"ডিপ্লোমা ইঞ্জিনিয়ারিং ভর্তি প্রশ্ন দেখুন",c1_syllabus_programs,informational_transactional,bn,"https://humayounkobir.vercel.app/"
"ডিপ্লোমা ইঞ্জিনিয়ারিং ভর্তি প্রশ্ন প্রস্তুতি",c1_syllabus_programs,informational_transactional,bn,"https://humayounkobir.vercel.app/"
"ডিপ্লোমা ইঞ্জিনিয়ারিং ভর্তি প্রশ্ন সমাধান",c1_syllabus_programs,informational_transactional,bn,"https://humayounkobir.vercel.app/"
"ডিপ্লোমা ইঞ্জিনিয়ারিং প্যাটার্ন প্রোগ্রাম",c1_syllabus_programs,informational_transactional,bn,"https://humayounkobir.vercel.app/"
"ডিপ্লোমা ইঞ্জিনিয়ারিং প্যাটার্ন প্রোগ্রাম ডাউনলোড",c1_syllabus_programs,informational_transactional,bn,"https://humayounkobir.vercel.app/"
"ডিপ্লোমা ইঞ্জিনিয়ারিং প্যাটার্ন প্রোগ্রাম শিখুন",c1_syllabus_programs,informational_transactional,bn,"https://humayounkobir.vercel.app/"
"ডিপ্লোমা ইঞ্জিনিয়ারিং প্যাটার্ন প্রোগ্রাম পড়ুন",c1_syllabus_programs,informational_transactional,bn,"https://humayounkobir.vercel.app/"
"ডিপ্লোমা ইঞ্জিনিয়ারিং প্যাটার্ন প্রোগ্রাম তুলনা করুন",c1_syllabus_programs,informational_transactional,bn,"https://humayounkobir.vercel.app/"
"ডিপ্লোমা ইঞ্জিনিয়ারিং প্যাটার্ন প্রোগ্রাম অনুশীলন",c1_syllabus_programs,informational_transactional,bn,"https://humayounkobir.vercel.app/"
"ডিপ্লোমা ইঞ্জিনিয়ারিং প্যাটার্ন প্রোগ্রাম কপি",c1_syllabus_programs,informational_transactional,bn,"https://humayounkobir.vercel.app/"
"ডিপ্লোমা ইঞ্জিনিয়ারিং প্যাটার্ন প্রোগ্রাম দেখুন",c1_syllabus_programs,informational_transactional,bn,"https://humayounkobir.vercel.app/"
"ডিপ্লোমা ইঞ্জিনিয়ারিং প্যাটার্ন প্রোগ্রাম প্রস্তুতি",c1_syllabus_programs,informational_transactional,bn,"https://humayounkobir.vercel.app/"
"ডিপ্লোমা ইঞ্জিনিয়ারিং প্যাটার্ন প্রোগ্রাম সমাধান",c1_syllabus_programs,informational_transactional,bn,"https://humayounkobir.vercel.app/"
"ডিপ্লোমা ইঞ্জিনিয়ারিং ধারা যোগফল",c1_syllabus_programs,informational_transactional,bn,"https://humayounkobir.vercel.app/"
"ডিপ্লোমা ইঞ্জিনিয়ারিং ধারা যোগফল ডাউনলোড",c1_syllabus_programs,informational_transactional,bn,"https://humayounkobir.vercel.app/"
"ডিপ্লোমা ইঞ্জিনিয়ারিং ধারা যোগফল শিখুন",c1_syllabus_programs,informational_transactional,bn,"https://humayounkobir.vercel.app/"
"ডিপ্লোমা ইঞ্জিনিয়ারিং ধারা যোগফল পড়ুন",c1_syllabus_programs,informational_transactional,bn,"https://humayounkobir.vercel.app/"
"ডিপ্লোমা ইঞ্জিনিয়ারিং ধারা যোগফল তুলনা করুন",c1_syllabus_programs,informational_transactional,bn,"https://humayounkobir.vercel.app/"
"ডিপ্লোমা ইঞ্জিনিয়ারিং ধারা যোগফল অনুশীলন",c1_syllabus_programs,informational_transactional,bn,"https://humayounkobir.vercel.app/"
"ডিপ্লোমা ইঞ্জিনিয়ারিং ধারা যোগফল কপি",c1_syllabus_programs,informational_transactional,bn,"https://humayounkobir.vercel.app/"
"ডিপ্লোমা ইঞ্জিনিয়ারিং ধারা যোগফল দেখুন",c1_syllabus_programs,informational_transactional,bn,"https://humayounkobir.vercel.app/"
"ডিপ্লোমা ইঞ্জিনিয়ারিং ধারা যোগফল প্রস্তুতি",c1_syllabus_programs,informational_transactional,bn,"https://humayounkobir.vercel.app/"
"ডিপ্লোমা ইঞ্জিনিয়ারিং ধারা যোগফল সমাধান",c1_syllabus_programs,informational_transactional,bn,"https://humayounkobir.vercel.app/"
"ডিপ্লোমা ইঞ্জিনিয়ারিং লুপ",c1_syllabus_programs,informational_transactional,bn,"https://humayounkobir.vercel.app/"
"ডিপ্লোমা ইঞ্জিনিয়ারিং লুপ ডাউনলোড",c1_syllabus_programs,informational_transactional,bn,"https://humayounkobir.vercel.app/"
"ডিপ্লোমা ইঞ্জিনিয়ারিং লুপ শিখুন",c1_syllabus_programs,informational_transactional,bn,"https://humayounkobir.vercel.app/"
"ডিপ্লোমা ইঞ্জিনিয়ারিং লুপ পড়ুন",c1_syllabus_programs,informational_transactional,bn,"https://humayounkobir.vercel.app/"
"ডিপ্লোমা ইঞ্জিনিয়ারিং লুপ তুলনা করুন",c1_syllabus_programs,informational_transactional,bn,"https://humayounkobir.vercel.app/"
"ডিপ্লোমা ইঞ্জিনিয়ারিং লুপ অনুশীলন",c1_syllabus_programs,informational_transactional,bn,"https://humayounkobir.vercel.app/"
"ডিপ্লোমা ইঞ্জিনিয়ারিং লুপ কপি",c1_syllabus_programs,informational_transactional,bn,"https://humayounkobir.vercel.app/"
"ডিপ্লোমা ইঞ্জিনিয়ারিং লুপ দেখুন",c1_syllabus_programs,informational_transactional,bn,"https://humayounkobir.vercel.app/"
"ডিপ্লোমা ইঞ্জিনিয়ারিং লুপ প্রস্তুতি",c1_syllabus_programs,informational_transactional,bn,"https://humayounkobir.vercel.app/"
"ডিপ্লোমা ইঞ্জিনিয়ারিং লুপ সমাধান",c1_syllabus_programs,informational_transactional,bn,"https://humayounkobir.vercel.app/"
"ডিপ্লোমা ইঞ্জিনিয়ারিং রিকrecursive",c1_syllabus_programs,informational_transactional,bn,"https://humayounkobir.vercel.app/"
"ডিপ্লোমা ইঞ্জিনিয়ারিং রিকrecursive ডাউনলোড",c1_syllabus_programs,informational_transactional,bn,"https://humayounkobir.vercel.app/"
"ডিপ্লোমা ইঞ্জিনিয়ারিং রিকrecursive শিখুন",c1_syllabus_programs,informational_transactional,bn,"https://humayounkobir.vercel.app/"
"ডিপ্লোমা ইঞ্জিনিয়ারিং রিকrecursive পড়ুন",c1_syllabus_programs,informational_transactional,bn,"https://humayounkobir.vercel.app/"
"ডিপ্লোমা ইঞ্জিনিয়ারিং রিকrecursive তুলনা করুন",c1_syllabus_programs,informational_transactional,bn,"https://humayounkobir.vercel.app/"
"ডিপ্লোমা ইঞ্জিনিয়ারিং রিকrecursive অনুশীলন",c1_syllabus_programs,informational_transactional,bn,"https://humayounkobir.vercel.app/"
"ডিপ্লোমা ইঞ্জিনিয়ারিং রিকrecursive কপি",c1_syllabus_programs,informational_transactional,bn,"https://humayounkobir.vercel.app/"
"ডিপ্লোমা ইঞ্জিনিয়ারিং রিকrecursive দেখুন",c1_syllabus_programs,informational_transactional,bn,"https://humayounkobir.vercel.app/"
"ডিপ্লোমা ইঞ্জিনিয়ারিং রিকrecursive প্রস্তুতি",c1_syllabus_programs,informational_transactional,bn,"https://humayounkobir.vercel.app/"
"ডিপ্লোমা ইঞ্জিনিয়ারিং রিকrecursive সমাধান",c1_syllabus_programs,informational_transactional,bn,"https://humayounkobir.vercel.app/"
"ডিপ্লোমা ইঞ্জিনিয়ারিং অ্যারে",c1_syllabus_programs,informational_transactional,bn,"https://humayounkobir.vercel.app/"
"ডিপ্লোমা ইঞ্জিনিয়ারিং অ্যারে ডাউনলোড",c1_syllabus_programs,informational_transactional,bn,"https://humayounkobir.vercel.app/"
"ডিপ্লোমা ইঞ্জিনিয়ারিং অ্যারে শিখুন",c1_syllabus_programs,informational_transactional,bn,"https://humayounkobir.vercel.app/"
"ডিপ্লোমা ইঞ্জিনিয়ারিং অ্যারে পড়ুন",c1_syllabus_programs,informational_transactional,bn,"https://humayounkobir.vercel.app/"
"ডিপ্লোমা ইঞ্জিনিয়ারিং অ্যারে তুলনা করুন",c1_syllabus_programs,informational_transactional,bn,"https://humayounkobir.vercel.app/"
"ডিপ্লোমা ইঞ্জিনিয়ারিং অ্যারে অনুশীলন",c1_syllabus_programs,informational_transactional,bn,"https://humayounkobir.vercel.app/"
"ডিপ্লোমা ইঞ্জিনিয়ারিং অ্যারে কপি",c1_syllabus_programs,informational_transactional,bn,"https://humayounkobir.vercel.app/"
"ডিপ্লোমা ইঞ্জিনিয়ারিং অ্যারে দেখুন",c1_syllabus_programs,informational_transactional,bn,"https://humayounkobir.vercel.app/"
"ডিপ্লোমা ইঞ্জিনিয়ারিং অ্যারে প্রস্তুতি",c1_syllabus_programs,informational_transactional,bn,"https://humayounkobir.vercel.app/"
"ডিপ্লোমা ইঞ্জিনিয়ারিং অ্যারে সমাধান",c1_syllabus_programs,informational_transactional,bn,"https://humayounkobir.vercel.app/"
"ডিপ্লোমা ইঞ্জিনিয়ারিং পয়েন্টার",c1_syllabus_programs,informational_transactional,bn,"https://humayounkobir.vercel.app/"
"ডিপ্লোমা ইঞ্জিনিয়ারিং পয়েন্টার ডাউনলোড",c1_syllabus_programs,informational_transactional,bn,"https://humayounkobir.vercel.app/"
"ডিপ্লোমা ইঞ্জিনিয়ারিং পয়েন্টার শিখুন",c1_syllabus_programs,informational_transactional,bn,"https://humayounkobir.vercel.app/"
"ডিপ্লোমা ইঞ্জিনিয়ারিং পয়েন্টার পড়ুন",c1_syllabus_programs,informational_transactional,bn,"https://humayounkobir.vercel.app/"
"ডিপ্লোমা ইঞ্জিনিয়ারিং পয়েন্টার তুলনা করুন",c1_syllabus_programs,informational_transactional,bn,"https://humayounkobir.vercel.app/"
"ডিপ্লোমা ইঞ্জিনিয়ারিং পয়েন্টার অনুশীলন",c1_syllabus_programs,informational_transactional,bn,"https://humayounkobir.vercel.app/"
"ডিপ্লোমা ইঞ্জিনিয়ারিং পয়েন্টার কপি",c1_syllabus_programs,informational_transactional,bn,"https://humayounkobir.vercel.app/"
"ডিপ্লোমা ইঞ্জিনিয়ারিং পয়েন্টার দেখুন",c1_syllabus_programs,informational_transactional,bn,"https://humayounkobir.vercel.app/"
"ডিপ্লোমা ইঞ্জিনিয়ারিং পয়েন্টার প্রস্তুতি",c1_syllabus_programs,informational_transactional,bn,"https://humayounkobir.vercel.app/"
"ডিপ্লোমা ইঞ্জিনিয়ারিং পয়েন্টার সমাধান",c1_syllabus_programs,informational_transactional,bn,"https://humayounkobir.vercel.app/"
"ডিপ্লোমা ইঞ্জিনিয়ারিং পিডিএফ",c1_syllabus_programs,informational_transactional,bn,"https://humayounkobir.vercel.app/"
"ডিপ্লোমা ইঞ্জিনিয়ারিং পিডিএফ ডাউনলোড",c1_syllabus_programs,informational_transactional,bn,"https://humayounkobir.vercel.app/"
"ডিপ্লোমা ইঞ্জিনিয়ারিং পিডিএফ শিখুন",c1_syllabus_programs,informational_transactional,bn,"https://humayounkobir.vercel.app/"
"ডিপ্লোমা ইঞ্জিনিয়ারিং পিডিএফ পড়ুন",c1_syllabus_programs,informational_transactional,bn,"https://humayounkobir.vercel.app/"
"ডিপ্লোমা ইঞ্জিনিয়ারিং পিডিএফ তুলনা করুন",c1_syllabus_programs,informational_transactional,bn,"https://humayounkobir.vercel.app/"
"ডিপ্লোমা ইঞ্জিনিয়ারিং পিডিএফ অনুশীলন",c1_syllabus_programs,informational_transactional,bn,"https://humayounkobir.vercel.app/"
"ডিপ্লোমা ইঞ্জিনিয়ারিং পিডিএফ কপি",c1_syllabus_programs,informational_transactional,bn,"https://humayounkobir.vercel.app/"
"ডিপ্লোমা ইঞ্জিনিয়ারিং পিডিএফ দেখুন",c1_syllabus_programs,informational_transactional,bn,"https://humayounkobir.vercel.app/"
"ডিপ্লোমা ইঞ্জিনিয়ারিং পিডিএফ প্রস্তুতি",c1_syllabus_programs,informational_transactional,bn,"https://humayounkobir.vercel.app/"
"ডিপ্লোমা ইঞ্জিনিয়ারিং পিডিএফ সমাধান",c1_syllabus_programs,informational_transactional,bn,"https://humayounkobir.vercel.app/"
"ডিপ্লোমা ইঞ্জিনিয়ারিং বই",c1_syllabus_programs,informational_transactional,bn,"https://humayounkobir.vercel.app/"
"ডিপ্লোমা ইঞ্জিনিয়ারিং বই ডাউনলোড",c1_syllabus_programs,informational_transactional,bn,"https://humayounkobir.vercel.app/"
"ডিপ্লোমা ইঞ্জিনিয়ারিং বই শিখুন",c1_syllabus_programs,informational_transactional,bn,"https://humayounkobir.vercel.app/"
"ডিপ্লোমা ইঞ্জিনিয়ারিং বই পড়ুন",c1_syllabus_programs,informational_transactional,bn,"https://humayounkobir.vercel.app/"
"ডিপ্লোমা ইঞ্জিনিয়ারিং বই তুলনা করুন",c1_syllabus_programs,informational_transactional,bn,"https://humayounkobir.vercel.app/"
"ডিপ্লোমা ইঞ্জিনিয়ারিং বই অনুশীলন",c1_syllabus_programs,informational_transactional,bn,"https://humayounkobir.vercel.app/"
"ডিপ্লোমা ইঞ্জিনিয়ারিং বই কপি",c1_syllabus_programs,informational_transactional,bn,"https://humayounkobir.vercel.app/"
"ডিপ্লোমা ইঞ্জিনিয়ারিং বই দেখুন",c1_syllabus_programs,informational_transactional,bn,"https://humayounkobir.vercel.app/"
"ডিপ্লোমা ইঞ্জিনিয়ারিং বই প্রস্তুতি",c1_syllabus_programs,informational_transactional,bn,"https://humayounkobir.vercel.app/"
"ডিপ্লোমা ইঞ্জিনিয়ারিং বই সমাধান",c1_syllabus_programs,informational_transactional,bn,"https://humayounkobir.vercel.app/"
"ডিপ্লোমা ইঞ্জিনিয়ারিং অ্যান্ড্রয়েড অ্যাপ",c1_syllabus_programs,informational_transactional,bn,"https://humayounkobir.vercel.app/"
"ডিপ্লোমা ইঞ্জিনিয়ারিং অ্যান্ড্রয়েড অ্যাপ ডাউনলোড",c1_syllabus_programs,informational_transactional,bn,"https://humayounkobir.vercel.app/"
"ডিপ্লোমা ইঞ্জিনিয়ারিং অ্যান্ড্রয়েড অ্যাপ শিখুন",c1_syllabus_programs,informational_transactional,bn,"https://humayounkobir.vercel.app/"
"ডিপ্লোমা ইঞ্জিনিয়ারিং অ্যান্ড্রয়েড অ্যাপ পড়ুন",c1_syllabus_programs,informational_transactional,bn,"https://humayounkobir.vercel.app/"
"ডিপ্লোমা ইঞ্জিনিয়ারিং অ্যান্ড্রয়েড অ্যাপ তুলনা করুন",c1_syllabus_programs,informational_transactional,bn,"https://humayounkobir.vercel.app/"
"ডিপ্লোমা ইঞ্জিনিয়ারিং অ্যান্ড্রয়েড অ্যাপ অনুশীলন",c1_syllabus_programs,informational_transactional,bn,"https://humayounkobir.vercel.app/"
"ডিপ্লোমা ইঞ্জিনিয়ারিং অ্যান্ড্রয়েড অ্যাপ কপি",c1_syllabus_programs,informational_transactional,bn,"https://humayounkobir.vercel.app/"
"ডিপ্লোমা ইঞ্জিনিয়ারিং অ্যান্ড্রয়েড অ্যাপ দেখুন",c1_syllabus_programs,informational_transactional,bn,"https://humayounkobir.vercel.app/"
"ডিপ্লোমা ইঞ্জিনিয়ারিং অ্যান্ড্রয়েড অ্যাপ প্রস্তুতি",c1_syllabus_programs,informational_transactional,bn,"https://humayounkobir.vercel.app/"
"ডিপ্লোমা ইঞ্জিনিয়ারিং অ্যান্ড্রয়েড অ্যাপ সমাধান",c1_syllabus_programs,informational_transactional,bn,"https://humayounkobir.vercel.app/"
"ডিপ্লোমা ইঞ্জিনিয়ারিং নোট",c1_syllabus_programs,informational_transactional,bn,"https://humayounkobir.vercel.app/"
"ডিপ্লোমা ইঞ্জিনিয়ারিং নোট ডাউনলোড",c1_syllabus_programs,informational_transactional,bn,"https://humayounkobir.vercel.app/"
"ডিপ্লোমা ইঞ্জিনিয়ারিং নোট শিখুন",c1_syllabus_programs,informational_transactional,bn,"https://humayounkobir.vercel.app/"
"ডিপ্লোমা ইঞ্জিনিয়ারিং নোট পড়ুন",c1_syllabus_programs,informational_transactional,bn,"https://humayounkobir.vercel.app/"
"ডিপ্লোমা ইঞ্জিনিয়ারিং নোট তুলনা করুন",c1_syllabus_programs,informational_transactional,bn,"https://humayounkobir.vercel.app/"
"ডিপ্লোমা ইঞ্জিনিয়ারিং নোট অনুশীলন",c1_syllabus_programs,informational_transactional,bn,"https://humayounkobir.vercel.app/"
"ডিপ্লোমা ইঞ্জিনিয়ারিং নোট কপি",c1_syllabus_programs,informational_transactional,bn,"https://humayounkobir.vercel.app/"
"ডিপ্লোমা ইঞ্জিনিয়ারিং নোট দেখুন",c1_syllabus_programs,informational_transactional,bn,"https://humayounkobir.vercel.app/"
"ডিপ্লোমা ইঞ্জিনিয়ারিং নোট প্রস্তুতি",c1_syllabus_programs,informational_transactional,bn,"https://humayounkobir.vercel.app/"
"ডিপ্লোমা ইঞ্জিনিয়ারিং নোট সমাধান",c1_syllabus_programs,informational_transactional,bn,"https://humayounkobir.vercel.app/"
"ডিপ্লোমা ইঞ্জিনিয়ারিং সমাধান",c1_syllabus_programs,informational_transactional,bn,"https://humayounkobir.vercel.app/"
"ডিপ্লোমা ইঞ্জিনিয়ারিং সমাধান ডাউনলোড",c1_syllabus_programs,informational_transactional,bn,"https://humayounkobir.vercel.app/"
"ডিপ্লোমা ইঞ্জিনিয়ারিং সমাধান শিখুন",c1_syllabus_programs,informational_transactional,bn,"https://humayounkobir.vercel.app/"
"ডিপ্লোমা ইঞ্জিনিয়ারিং সমাধান পড়ুন",c1_syllabus_programs,informational_transactional,bn,"https://humayounkobir.vercel.app/"
"ডিপ্লোমা ইঞ্জিনিয়ারিং সমাধান তুলনা করুন",c1_syllabus_programs,informational_transactional,bn,"https://humayounkobir.vercel.app/"
"ডিপ্লোমা ইঞ্জিনিয়ারিং সমাধান অনুশীলন",c1_syllabus_programs,informational_transactional,bn,"https://humayounkobir.vercel.app/"
"ডিপ্লোমা ইঞ্জিনিয়ারিং সমাধান কপি",c1_syllabus_programs,informational_transactional,bn,"https://humayounkobir.vercel.app/"
"ডিপ্লোমা ইঞ্জিনিয়ারিং সমাধান দেখুন",c1_syllabus_programs,informational_transactional,bn,"https://humayounkobir.vercel.app/"
"ডিপ্লোমা ইঞ্জিনিয়ারিং সমাধান প্রস্তুতি",c1_syllabus_programs,informational_transactional,bn,"https://humayounkobir.vercel.app/"
"ডিপ্লোমা ইঞ্জিনিয়ারিং সমাধান সমাধান",c1_syllabus_programs,informational_transactional,bn,"https://humayounkobir.vercel.app/"
"বিটিইবি প্রোগ্রাম",c1_syllabus_programs,informational_transactional,bn,"https://humayounkobir.vercel.app/"
"বিটিইবি প্রোগ্রাম ডাউনলোড",c1_syllabus_programs,informational_transactional,bn,"https://humayounkobir.vercel.app/"
"বিটিইবি প্রোগ্রাম শিখুন",c1_syllabus_programs,informational_transactional,bn,"https://humayounkobir.vercel.app/"
"বিটিইবি প্রোগ্রাম পড়ুন",c1_syllabus_programs,informational_transactional,bn,"https://humayounkobir.vercel.app/"
"বিটিইবি প্রোগ্রাম তুলনা করুন",c1_syllabus_programs,informational_transactional,bn,"https://humayounkobir.vercel.app/"
"বিটিইবি প্রোগ্রাম অনুশীলন",c1_syllabus_programs,informational_transactional,bn,"https://humayounkobir.vercel.app/"
"বিটিইবি প্রোগ্রাম কপি",c1_syllabus_programs,informational_transactional,bn,"https://humayounkobir.vercel.app/"
"বিটিইবি প্রোগ্রাম দেখুন",c1_syllabus_programs,informational_transactional,bn,"https://humayounkobir.vercel.app/"
"বিটিইবি প্রোগ্রাম প্রস্তুতি",c1_syllabus_programs,informational_transactional,bn,"https://humayounkobir.vercel.app/"
"বিটিইবি প্রোগ্রাম সমাধান",c1_syllabus_programs,informational_transactional,bn,"https://humayounkobir.vercel.app/"
"বিটিইবি কোড",c1_syllabus_programs,informational_transactional,bn,"https://humayounkobir.vercel.app/"
"বিটিইবি কোড ডাউনলোড",c1_syllabus_programs,informational_transactional,bn,"https://humayounkobir.vercel.app/"
"বিটিইবি কোড শিখুন",c1_syllabus_programs,informational_transactional,bn,"https://humayounkobir.vercel.app/"
"বিটিইবি কোড পড়ুন",c1_syllabus_programs,informational_transactional,bn,"https://humayounkobir.vercel.app/"
"বিটিইবি কোড তুলনা করুন",c1_syllabus_programs,informational_transactional,bn,"https://humayounkobir.vercel.app/"
"বিটিইবি কোড অনুশীলন",c1_syllabus_programs,informational_transactional,bn,"https://humayounkobir.vercel.app/"
"বিটিইবি কোড কপি",c1_syllabus_programs,informational_transactional,bn,"https://humayounkobir.vercel.app/"
"বিটিইবি কোড দেখুন",c1_syllabus_programs,informational_transactional,bn,"https://humayounkobir.vercel.app/"
"বিটিইবি কোড প্রস্তুতি",c1_syllabus_programs,informational_transactional,bn,"https://humayounkobir.vercel.app/"
"বিটিইবি কোড সমাধান",c1_syllabus_programs,informational_transactional,bn,"https://humayounkobir.vercel.app/"
"বিটিইবি বেসিক প্রোগ্রাম",c1_syllabus_programs,informational_transactional,bn,"https://humayounkobir.vercel.app/"
"বিটিইবি বেসিক প্রোগ্রাম ডাউনলোড",c1_syllabus_programs,informational_transactional,bn,"https://humayounkobir.vercel.app/"
"বিটিইবি বেসিক প্রোগ্রাম শিখুন",c1_syllabus_programs,informational_transactional,bn,"https://humayounkobir.vercel.app/"
"বিটিইবি বেসিক প্রোগ্রাম পড়ুন",c1_syllabus_programs,informational_transactional,bn,"https://humayounkobir.vercel.app/"
"বিটিইবি বেসিক প্রোগ্রাম তুলনা করুন",c1_syllabus_programs,informational_transactional,bn,"https://humayounkobir.vercel.app/"
"বিটিইবি বেসিক প্রোগ্রাম অনুশীলন",c1_syllabus_programs,informational_transactional,bn,"https://humayounkobir.vercel.app/"
"বিটিইবি বেসিক প্রোগ্রাম কপি",c1_syllabus_programs,informational_transactional,bn,"https://humayounkobir.vercel.app/"
"বিটিইবি বেসিক প্রোগ্রাম দেখুন",c1_syllabus_programs,informational_transactional,bn,"https://humayounkobir.vercel.app/"
"বিটিইবি বেসিক প্রোগ্রাম প্রস্তুতি",c1_syllabus_programs,informational_transactional,bn,"https://humayounkobir.vercel.app/"
"বিটিইবি বেসিক প্রোগ্রাম সমাধান",c1_syllabus_programs,informational_transactional,bn,"https://humayounkobir.vercel.app/"
"বিটিইবি সিলেবাস",c1_syllabus_programs,informational_transactional,bn,"https://humayounkobir.vercel.app/"
"বিটিইবি সিলেবাস ডাউনলোড",c1_syllabus_programs,informational_transactional,bn,"https://humayounkobir.vercel.app/"
"বিটিইবি সিলেবাস শিখুন",c1_syllabus_programs,informational_transactional,bn,"https://humayounkobir.vercel.app/"
"বিটিইবি সিলেবাস পড়ুন",c1_syllabus_programs,informational_transactional,bn,"https://humayounkobir.vercel.app/"
"বিটিইবি সিলেবাস তুলনা করুন",c1_syllabus_programs,informational_transactional,bn,"https://humayounkobir.vercel.app/"
"বিটিইবি সিলেবাস অনুশীলন",c1_syllabus_programs,informational_transactional,bn,"https://humayounkobir.vercel.app/"
"বিটিইবি সিলেবাস কপি",c1_syllabus_programs,informational_transactional,bn,"https://humayounkobir.vercel.app/"
"বিটিইবি সিলেবাস দেখুন",c1_syllabus_programs,informational_transactional,bn,"https://humayounkobir.vercel.app/"
"বিটিইবি সিলেবাস প্রস্তুতি",c1_syllabus_programs,informational_transactional,bn,"https://humayounkobir.vercel.app/"
"বিটিইবি সিলেবাস সমাধান",c1_syllabus_programs,informational_transactional,bn,"https://humayounkobir.vercel.app/"
"বিটিইবি ভর্তি প্রশ্ন",c1_syllabus_programs,informational_transactional,bn,"https://humayounkobir.vercel.app/"
"বিটিইবি ভর্তি প্রশ্ন ডাউনলোড",c1_syllabus_programs,informational_transactional,bn,"https://humayounkobir.vercel.app/"
"বিটিইবি ভর্তি প্রশ্ন শিখুন",c1_syllabus_programs,informational_transactional,bn,"https://humayounkobir.vercel.app/"
"বিটিইবি ভর্তি প্রশ্ন পড়ুন",c1_syllabus_programs,informational_transactional,bn,"https://humayounkobir.vercel.app/"
"বিটিইবি ভর্তি প্রশ্ন তুলনা করুন",c1_syllabus_programs,informational_transactional,bn,"https://humayounkobir.vercel.app/"
"বিটিইবি ভর্তি প্রশ্ন অনুশীলন",c1_syllabus_programs,informational_transactional,bn,"https://humayounkobir.vercel.app/"
"বিটিইবি ভর্তি প্রশ্ন কপি",c1_syllabus_programs,informational_transactional,bn,"https://humayounkobir.vercel.app/"
"বিটিইবি ভর্তি প্রশ্ন দেখুন",c1_syllabus_programs,informational_transactional,bn,"https://humayounkobir.vercel.app/"
"বিটিইবি ভর্তি প্রশ্ন প্রস্তুতি",c1_syllabus_programs,informational_transactional,bn,"https://humayounkobir.vercel.app/"
"বিটিইবি ভর্তি প্রশ্ন সমাধান",c1_syllabus_programs,informational_transactional,bn,"https://humayounkobir.vercel.app/"
"বিটিইবি প্যাটার্ন প্রোগ্রাম",c1_syllabus_programs,informational_transactional,bn,"https://humayounkobir.vercel.app/"
"বিটিইবি প্যাটার্ন প্রোগ্রাম ডাউনলোড",c1_syllabus_programs,informational_transactional,bn,"https://humayounkobir.vercel.app/"
"বিটিইবি প্যাটার্ন প্রোগ্রাম শিখুন",c1_syllabus_programs,informational_transactional,bn,"https://humayounkobir.vercel.app/"
"বিটিইবি প্যাটার্ন প্রোগ্রাম পড়ুন",c1_syllabus_programs,informational_transactional,bn,"https://humayounkobir.vercel.app/"
"বিটিইবি প্যাটার্ন প্রোগ্রাম তুলনা করুন",c1_syllabus_programs,informational_transactional,bn,"https://humayounkobir.vercel.app/"
"বিটিইবি প্যাটার্ন প্রোগ্রাম অনুশীলন",c1_syllabus_programs,informational_transactional,bn,"https://humayounkobir.vercel.app/"
"বিটিইবি প্যাটার্ন প্রোগ্রাম কপি",c1_syllabus_programs,informational_transactional,bn,"https://humayounkobir.vercel.app/"
"বিটিইবি প্যাটার্ন প্রোগ্রাম দেখুন",c1_syllabus_programs,informational_transactional,bn,"https://humayounkobir.vercel.app/"
"বিটিইবি প্যাটার্ন প্রোগ্রাম প্রস্তুতি",c1_syllabus_programs,informational_transactional,bn,"https://humayounkobir.vercel.app/"
"বিটিইবি প্যাটার্ন প্রোগ্রাম সমাধান",c1_syllabus_programs,informational_transactional,bn,"https://humayounkobir.vercel.app/"
"বিটিইবি ধারা যোগফল",c1_syllabus_programs,informational_transactional,bn,"https://humayounkobir.vercel.app/"
"বিটিইবি ধারা যোগফল ডাউনলোড",c1_syllabus_programs,informational_transactional,bn,"https://humayounkobir.vercel.app/"
"বিটিইবি ধারা যোগফল শিখুন",c1_syllabus_programs,informational_transactional,bn,"https://humayounkobir.vercel.app/"
"বিটিইবি ধারা যোগফল পড়ুন",c1_syllabus_programs,informational_transactional,bn,"https://humayounkobir.vercel.app/"
"বিটিইবি ধারা যোগফল তুলনা করুন",c1_syllabus_programs,informational_transactional,bn,"https://humayounkobir.vercel.app/"
"বিটিইবি ধারা যোগফল অনুশীলন",c1_syllabus_programs,informational_transactional,bn,"https://humayounkobir.vercel.app/"
"বিটিইবি ধারা যোগফল কপি",c1_syllabus_programs,informational_transactional,bn,"https://humayounkobir.vercel.app/"
"বিটিইবি ধারা যোগফল দেখুন",c1_syllabus_programs,informational_transactional,bn,"https://humayounkobir.vercel.app/"
"বিটিইবি ধারা যোগফল প্রস্তুতি",c1_syllabus_programs,informational_transactional,bn,"https://humayounkobir.vercel.app/"
"বিটিইবি ধারা যোগফল সমাধান",c1_syllabus_programs,informational_transactional,bn,"https://humayounkobir.vercel.app/"
"বিটিইবি লুপ",c1_syllabus_programs,informational_transactional,bn,"https://humayounkobir.vercel.app/"
"বিটিইবি লুপ ডাউনলোড",c1_syllabus_programs,informational_transactional,bn,"https://humayounkobir.vercel.app/"
"বিটিইবি লুপ শিখুন",c1_syllabus_programs,informational_transactional,bn,"https://humayounkobir.vercel.app/"
"বিটিইবি লুপ পড়ুন",c1_syllabus_programs,informational_transactional,bn,"https://humayounkobir.vercel.app/"
"বিটিইবি লুপ তুলনা করুন",c1_syllabus_programs,informational_transactional,bn,"https://humayounkobir.vercel.app/"
"বিটিইবি লুপ অনুশীলন",c1_syllabus_programs,informational_transactional,bn,"https://humayounkobir.vercel.app/"
"বিটিইবি লুপ কপি",c1_syllabus_programs,informational_transactional,bn,"https://humayounkobir.vercel.app/"
"বিটিইবি লুপ দেখুন",c1_syllabus_programs,informational_transactional,bn,"https://humayounkobir.vercel.app/"
"বিটিইবি লুপ প্রস্তুতি",c1_syllabus_programs,informational_transactional,bn,"https://humayounkobir.vercel.app/"
"বিটিইবি লুপ সমাধান",c1_syllabus_programs,informational_transactional,bn,"https://humayounkobir.vercel.app/"
"বিটিইবি রিকrecursive",c1_syllabus_programs,informational_transactional,bn,"https://humayounkobir.vercel.app/"
"বিটিইবি রিকrecursive ডাউনলোড",c1_syllabus_programs,informational_transactional,bn,"https://humayounkobir.vercel.app/"
"বিটিইবি রিকrecursive শিখুন",c1_syllabus_programs,informational_transactional,bn,"https://humayounkobir.vercel.app/"
"বিটিইবি রিকrecursive পড়ুন",c1_syllabus_programs,informational_transactional,bn,"https://humayounkobir.vercel.app/"
"বিটিইবি রিকrecursive তুলনা করুন",c1_syllabus_programs,informational_transactional,bn,"https://humayounkobir.vercel.app/"
"বিটিইবি রিকrecursive অনুশীলন",c1_syllabus_programs,informational_transactional,bn,"https://humayounkobir.vercel.app/"
"বিটিইবি রিকrecursive কপি",c1_syllabus_programs,informational_transactional,bn,"https://humayounkobir.vercel.app/"
"বিটিইবি রিকrecursive দেখুন",c1_syllabus_programs,informational_transactional,bn,"https://humayounkobir.vercel.app/"
"বিটিইবি রিকrecursive প্রস্তুতি",c1_syllabus_programs,informational_transactional,bn,"https://humayounkobir.vercel.app/"
"বিটিইবি রিকrecursive সমাধান",c1_syllabus_programs,informational_transactional,bn,"https://humayounkobir.vercel.app/"
"বিটিইবি অ্যারে",c1_syllabus_programs,informational_transactional,bn,"https://humayounkobir.vercel.app/"
"বিটিইবি অ্যারে ডাউনলোড",c1_syllabus_programs,informational_transactional,bn,"https://humayounkobir.vercel.app/"
"বিটিইবি অ্যারে শিখুন",c1_syllabus_programs,informational_transactional,bn,"https://humayounkobir.vercel.app/"
"বিটিইবি অ্যারে পড়ুন",c1_syllabus_programs,informational_transactional,bn,"https://humayounkobir.vercel.app/"
"বিটিইবি অ্যারে তুলনা করুন",c1_syllabus_programs,informational_transactional,bn,"https://humayounkobir.vercel.app/"
"বিটিইবি অ্যারে অনুশীলন",c1_syllabus_programs,informational_transactional,bn,"https://humayounkobir.vercel.app/"
"বিটিইবি অ্যারে কপি",c1_syllabus_programs,informational_transactional,bn,"https://humayounkobir.vercel.app/"
"বিটিইবি অ্যারে দেখুন",c1_syllabus_programs,informational_transactional,bn,"https://humayounkobir.vercel.app/"
"বিটিইবি অ্যারে প্রস্তুতি",c1_syllabus_programs,informational_transactional,bn,"https://humayounkobir.vercel.app/"
"বিটিইবি অ্যারে সমাধান",c1_syllabus_programs,informational_transactional,bn,"https://humayounkobir.vercel.app/"
"বিটিইবি পয়েন্টার",c1_syllabus_programs,informational_transactional,bn,"https://humayounkobir.vercel.app/"
"বিটিইবি পয়েন্টার ডাউনলোড",c1_syllabus_programs,informational_transactional,bn,"https://humayounkobir.vercel.app/"
"বিটিইবি পয়েন্টার শিখুন",c1_syllabus_programs,informational_transactional,bn,"https://humayounkobir.vercel.app/"
"বিটিইবি পয়েন্টার পড়ুন",c1_syllabus_programs,informational_transactional,bn,"https://humayounkobir.vercel.app/"
"বিটিইবি পয়েন্টার তুলনা করুন",c1_syllabus_programs,informational_transactional,bn,"https://humayounkobir.vercel.app/"
"বিটিইবি পয়েন্টার অনুশীলন",c1_syllabus_programs,informational_transactional,bn,"https://humayounkobir.vercel.app/"
"বিটিইবি পয়েন্টার কপি",c1_syllabus_programs,informational_transactional,bn,"https://humayounkobir.vercel.app/"
"বিটিইবি পয়েন্টার দেখুন",c1_syllabus_programs,informational_transactional,bn,"https://humayounkobir.vercel.app/"
"বিটিইবি পয়েন্টার প্রস্তুতি",c1_syllabus_programs,informational_transactional,bn,"https://humayounkobir.vercel.app/"
"বিটিইবি পয়েন্টার সমাধান",c1_syllabus_programs,informational_transactional,bn,"https://humayounkobir.vercel.app/"
"বিটিইবি পিডিএফ",c1_syllabus_programs,informational_transactional,bn,"https://humayounkobir.vercel.app/"
"বিটিইবি পিডিএফ ডাউনলোড",c1_syllabus_programs,informational_transactional,bn,"https://humayounkobir.vercel.app/"
"বিটিইবি পিডিএফ শিখুন",c1_syllabus_programs,informational_transactional,bn,"https://humayounkobir.vercel.app/"
"বিটিইবি পিডিএফ পড়ুন",c1_syllabus_programs,informational_transactional,bn,"https://humayounkobir.vercel.app/"
"বিটিইবি পিডিএফ তুলনা করুন",c1_syllabus_programs,informational_transactional,bn,"https://humayounkobir.vercel.app/"
"বিটিইবি পিডিএফ অনুশীলন",c1_syllabus_programs,informational_transactional,bn,"https://humayounkobir.vercel.app/"
"বিটিইবি পিডিএফ কপি",c1_syllabus_programs,informational_transactional,bn,"https://humayounkobir.vercel.app/"
"বিটিইবি পিডিএফ দেখুন",c1_syllabus_programs,informational_transactional,bn,"https://humayounkobir.vercel.app/"
"বিটিইবি পিডিএফ প্রস্তুতি",c1_syllabus_programs,informational_transactional,bn,"https://humayounkobir.vercel.app/"
"বিটিইবি পিডিএফ সমাধান",c1_syllabus_programs,informational_transactional,bn,"https://humayounkobir.vercel.app/"
"বিটিইবি বই",c1_syllabus_programs,informational_transactional,bn,"https://humayounkobir.vercel.app/"
"বিটিইবি বই ডাউনলোড",c1_syllabus_programs,informational_transactional,bn,"https://humayounkobir.vercel.app/"
"বিটিইবি বই শিখুন",c1_syllabus_programs,informational_transactional,bn,"https://humayounkobir.vercel.app/"
"বিটিইবি বই পড়ুন",c1_syllabus_programs,informational_transactional,bn,"https://humayounkobir.vercel.app/"
"বিটিইবি বই তুলনা করুন",c1_syllabus_programs,informational_transactional,bn,"https://humayounkobir.vercel.app/"
"বিটিইবি বই অনুশীলন",c1_syllabus_programs,informational_transactional,bn,"https://humayounkobir.vercel.app/"
"বিটিইবি বই কপি",c1_syllabus_programs,informational_transactional,bn,"https://humayounkobir.vercel.app/"
"বিটিইবি বই দেখুন",c1_syllabus_programs,informational_transactional,bn,"https://humayounkobir.vercel.app/"
"বিটিইবি বই প্রস্তুতি",c1_syllabus_programs,informational_transactional,bn,"https://humayounkobir.vercel.app/"
"বিটিইবি বই সমাধান",c1_syllabus_programs,informational_transactional,bn,"https://humayounkobir.vercel.app/"
"বিটিইবি অ্যান্ড্রয়েড অ্যাপ",c1_syllabus_programs,informational_transactional,bn,"https://humayounkobir.vercel.app/"
"বিটিইবি অ্যান্ড্রয়েড অ্যাপ ডাউনলোড",c1_syllabus_programs,informational_transactional,bn,"https://humayounkobir.vercel.app/"
"বিটিইবি অ্যান্ড্রয়েড অ্যাপ শিখুন",c1_syllabus_programs,informational_transactional,bn,"https://humayounkobir.vercel.app/"
"বিটিইবি অ্যান্ড্রয়েড অ্যাপ পড়ুন",c1_syllabus_programs,informational_transactional,bn,"https://humayounkobir.vercel.app/"
"বিটিইবি অ্যান্ড্রয়েড অ্যাপ তুলনা করুন",c1_syllabus_programs,informational_transactional,bn,"https://humayounkobir.vercel.app/"
"বিটিইবি অ্যান্ড্রয়েড অ্যাপ অনুশীলন",c1_syllabus_programs,informational_transactional,bn,"https://humayounkobir.vercel.app/"
"বিটিইবি অ্যান্ড্রয়েড অ্যাপ কপি",c1_syllabus_programs,informational_transactional,bn,"https://humayounkobir.vercel.app/"
"বিটিইবি অ্যান্ড্রয়েড অ্যাপ দেখুন",c1_syllabus_programs,informational_transactional,bn,"https://humayounkobir.vercel.app/"
"বিটিইবি অ্যান্ড্রয়েড অ্যাপ প্রস্তুতি",c1_syllabus_programs,informational_transactional,bn,"https://humayounkobir.vercel.app/"
"বিটিইবি অ্যান্ড্রয়েড অ্যাপ সমাধান",c1_syllabus_programs,informational_transactional,bn,"https://humayounkobir.vercel.app/"
"বিটিইবি নোট",c1_syllabus_programs,informational_transactional,bn,"https://humayounkobir.vercel.app/"
"বিটিইবি নোট ডাউনলোড",c1_syllabus_programs,informational_transactional,bn,"https://humayounkobir.vercel.app/"
"বিটিইবি নোট শিখুন",c1_syllabus_programs,informational_transactional,bn,"https://humayounkobir.vercel.app/"
"বিটিইবি নোট পড়ুন",c1_syllabus_programs,informational_transactional,bn,"https://humayounkobir.vercel.app/"
"বিটিইবি নোট তুলনা করুন",c1_syllabus_programs,informational_transactional,bn,"https://humayounkobir.vercel.app/"
"বিটিইবি নোট অনুশীলন",c1_syllabus_programs,informational_transactional,bn,"https://humayounkobir.vercel.app/"
"বিটিইবি নোট কপি",c1_syllabus_programs,informational_transactional,bn,"https://humayounkobir.vercel.app/"
"বিটিইবি নোট দেখুন",c1_syllabus_programs,informational_transactional,bn,"https://humayounkobir.vercel.app/"
"বিটিইবি নোট প্রস্তুতি",c1_syllabus_programs,informational_transactional,bn,"https://humayounkobir.vercel.app/"
"বিটিইবি নোট সমাধান",c1_syllabus_programs,informational_transactional,bn,"https://humayounkobir.vercel.app/"
"বিটিইবি সমাধান",c1_syllabus_programs,informational_transactional,bn,"https://humayounkobir.vercel.app/"
"বিটিইবি সমাধান ডাউনলোড",c1_syllabus_programs,informational_transactional,bn,"https://humayounkobir.vercel.app/"
"বিটিইবি সমাধান শিখুন",c1_syllabus_programs,informational_transactional,bn,"https://humayounkobir.vercel.app/"
"বিটিইবি সমাধান পড়ুন",c1_syllabus_programs,informational_transactional,bn,"https://humayounkobir.vercel.app/"
"বিটিইবি সমাধান তুলনা করুন",c1_syllabus_programs,informational_transactional,bn,"https://humayounkobir.vercel.app/"
"বিটিইবি সমাধান অনুশীলন",c1_syllabus_programs,informational_transactional,bn,"https://humayounkobir.vercel.app/"
"বিটিইবি সমাধান কপি",c1_syllabus_programs,informational_transactional,bn,"https://humayounkobir.vercel.app/"
"বিটিইবি সমাধান দেখুন",c1_syllabus_programs,informational_transactional,bn,"https://humayounkobir.vercel.app/"
"বিটিইবি সমাধান প্রস্তুতি",c1_syllabus_programs,informational_transactional,bn,"https://humayounkobir.vercel.app/"
"বিটিইবি সমাধান সমাধান",c1_syllabus_programs,informational_transactional,bn,"https://humayounkobir.vercel.app/"
"সি প্রোগ্রামিং প্রোগ্রাম",c1_syllabus_programs,informational_transactional,bn,"https://humayounkobir.vercel.app/"
"সি প্রোগ্রামিং প্রোগ্রাম ডাউনলোড",c1_syllabus_programs,informational_transactional,bn,"https://humayounkobir.vercel.app/"
"সি প্রোগ্রামিং প্রোগ্রাম শিখুন",c1_syllabus_programs,informational_transactional,bn,"https://humayounkobir.vercel.app/"
"সি প্রোগ্রামিং প্রোগ্রাম পড়ুন",c1_syllabus_programs,informational_transactional,bn,"https://humayounkobir.vercel.app/"
"সি প্রোগ্রামিং প্রোগ্রাম তুলনা করুন",c1_syllabus_programs,informational_transactional,bn,"https://humayounkobir.vercel.app/"
"সি প্রোগ্রামিং প্রোগ্রাম অনুশীলন",c1_syllabus_programs,informational_transactional,bn,"https://humayounkobir.vercel.app/"
"সি প্রোগ্রামিং প্রোগ্রাম কপি",c1_syllabus_programs,informational_transactional,bn,"https://humayounkobir.vercel.app/"
"সি প্রোগ্রামিং প্রোগ্রাম দেখুন",c1_syllabus_programs,informational_transactional,bn,"https://humayounkobir.vercel.app/"
"সি প্রোগ্রামিং প্রোগ্রাম প্রস্তুতি",c1_syllabus_programs,informational_transactional,bn,"https://humayounkobir.vercel.app/"
"সি প্রোগ্রামিং প্রোগ্রাম সমাধান",c1_syllabus_programs,informational_transactional,bn,"https://humayounkobir.vercel.app/"
"সি প্রোগ্রামিং কোড",c1_syllabus_programs,informational_transactional,bn,"https://humayounkobir.vercel.app/"
"সি প্রোগ্রামিং কোড ডাউনলোড",c1_syllabus_programs,informational_transactional,bn,"https://humayounkobir.vercel.app/"
"সি প্রোগ্রামিং কোড শিখুন",c1_syllabus_programs,informational_transactional,bn,"https://humayounkobir.vercel.app/"
"সি প্রোগ্রামিং কোড পড়ুন",c1_syllabus_programs,informational_transactional,bn,"https://humayounkobir.vercel.app/"
"সি প্রোগ্রামিং কোড তুলনা করুন",c1_syllabus_programs,informational_transactional,bn,"https://humayounkobir.vercel.app/"
"সি প্রোগ্রামিং কোড অনুশীলন",c1_syllabus_programs,informational_transactional,bn,"https://humayounkobir.vercel.app/"
"সি প্রোগ্রামিং কোড কপি",c1_syllabus_programs,informational_transactional,bn,"https://humayounkobir.vercel.app/"
"সি প্রোগ্রামিং কোড দেখুন",c1_syllabus_programs,informational_transactional,bn,"https://humayounkobir.vercel.app/"
"সি প্রোগ্রামিং কোড প্রস্তুতি",c1_syllabus_programs,informational_transactional,bn,"https://humayounkobir.vercel.app/"
"সি প্রোগ্রামিং কোড সমাধান",c1_syllabus_programs,informational_transactional,bn,"https://humayounkobir.vercel.app/"
"সি প্রোগ্রামিং বেসিক প্রোগ্রাম",c1_syllabus_programs,informational_transactional,bn,"https://humayounkobir.vercel.app/"
"সি প্রোগ্রামিং বেসিক প্রোগ্রাম ডাউনলোড",c1_syllabus_programs,informational_transactional,bn,"https://humayounkobir.vercel.app/"
"সি প্রোগ্রামিং বেসিক প্রোগ্রাম শিখুন",c1_syllabus_programs,informational_transactional,bn,"https://humayounkobir.vercel.app/"
"সি প্রোগ্রামিং বেসিক প্রোগ্রাম পড়ুন",c1_syllabus_programs,informational_transactional,bn,"https://humayounkobir.vercel.app/"
"সি প্রোগ্রামিং বেসিক প্রোগ্রাম তুলনা করুন",c1_syllabus_programs,informational_transactional,bn,"https://humayounkobir.vercel.app/"
"সি প্রোগ্রামিং বেসিক প্রোগ্রাম অনুশীলন",c1_syllabus_programs,informational_transactional,bn,"https://humayounkobir.vercel.app/"
"সি প্রোগ্রামিং বেসিক প্রোগ্রাম কপি",c1_syllabus_programs,informational_transactional,bn,"https://humayounkobir.vercel.app/"
"সি প্রোগ্রামিং বেসিক প্রোগ্রাম দেখুন",c1_syllabus_programs,informational_transactional,bn,"https://humayounkobir.vercel.app/"
"সি প্রোগ্রামিং বেসিক প্রোগ্রাম প্রস্তুতি",c1_syllabus_programs,informational_transactional,bn,"https://humayounkobir.vercel.app/"
"সি প্রোগ্রামিং বেসিক প্রোগ্রাম সমাধান",c1_syllabus_programs,informational_transactional,bn,"https://humayounkobir.vercel.app/"
"সি প্রোগ্রামিং সিলেবাস",c1_syllabus_programs,informational_transactional,bn,"https://humayounkobir.vercel.app/"
"সি প্রোগ্রামিং সিলেবাস ডাউনলোড",c1_syllabus_programs,informational_transactional,bn,"https://humayounkobir.vercel.app/"
"সি প্রোগ্রামিং সিলেবাস শিখুন",c1_syllabus_programs,informational_transactional,bn,"https://humayounkobir.vercel.app/"
"সি প্রোগ্রামিং সিলেবাস পড়ুন",c1_syllabus_programs,informational_transactional,bn,"https://humayounkobir.vercel.app/"
"সি প্রোগ্রামিং সিলেবাস তুলনা করুন",c1_syllabus_programs,informational_transactional,bn,"https://humayounkobir.vercel.app/"
"সি প্রোগ্রামিং সিলেবাস অনুশীলন",c1_syllabus_programs,informational_transactional,bn,"https://humayounkobir.vercel.app/"
"সি প্রোগ্রামিং সিলেবাস কপি",c1_syllabus_programs,informational_transactional,bn,"https://humayounkobir.vercel.app/"
"সি প্রোগ্রামিং সিলেবাস দেখুন",c1_syllabus_programs,informational_transactional,bn,"https://humayounkobir.vercel.app/"
"সি প্রোগ্রামিং সিলেবাস প্রস্তুতি",c1_syllabus_programs,informational_transactional,bn,"https://humayounkobir.vercel.app/"
"সি প্রোগ্রামিং সিলেবাস সমাধান",c1_syllabus_programs,informational_transactional,bn,"https://humayounkobir.vercel.app/"
"সি প্রোগ্রামিং ভর্তি প্রশ্ন",c1_syllabus_programs,informational_transactional,bn,"https://humayounkobir.vercel.app/"
"সি প্রোগ্রামিং ভর্তি প্রশ্ন ডাউনলোড",c1_syllabus_programs,informational_transactional,bn,"https://humayounkobir.vercel.app/"
"সি প্রোগ্রামিং ভর্তি প্রশ্ন শিখুন",c1_syllabus_programs,informational_transactional,bn,"https://humayounkobir.vercel.app/"
"সি প্রোগ্রামিং ভর্তি প্রশ্ন পড়ুন",c1_syllabus_programs,informational_transactional,bn,"https://humayounkobir.vercel.app/"
"সি প্রোগ্রামিং ভর্তি প্রশ্ন তুলনা করুন",c1_syllabus_programs,informational_transactional,bn,"https://humayounkobir.vercel.app/"
"সি প্রোগ্রামিং ভর্তি প্রশ্ন অনুশীলন",c1_syllabus_programs,informational_transactional,bn,"https://humayounkobir.vercel.app/"
"সি প্রোগ্রামিং ভর্তি প্রশ্ন কপি",c1_syllabus_programs,informational_transactional,bn,"https://humayounkobir.vercel.app/"
"সি প্রোগ্রামিং ভর্তি প্রশ্ন দেখুন",c1_syllabus_programs,informational_transactional,bn,"https://humayounkobir.vercel.app/"
"সি প্রোগ্রামিং ভর্তি প্রশ্ন প্রস্তুতি",c1_syllabus_programs,informational_transactional,bn,"https://humayounkobir.vercel.app/"
"সি প্রোগ্রামিং ভর্তি প্রশ্ন সমাধান",c1_syllabus_programs,informational_transactional,bn,"https://humayounkobir.vercel.app/"
"সি প্রোগ্রামিং প্যাটার্ন প্রোগ্রাম",c1_syllabus_programs,informational_transactional,bn,"https://humayounkobir.vercel.app/"
"সি প্রোগ্রামিং প্যাটার্ন প্রোগ্রাম ডাউনলোড",c1_syllabus_programs,informational_transactional,bn,"https://humayounkobir.vercel.app/"
"সি প্রোগ্রামিং প্যাটার্ন প্রোগ্রাম শিখুন",c1_syllabus_programs,informational_transactional,bn,"https://humayounkobir.vercel.app/"
"সি প্রোগ্রামিং প্যাটার্ন প্রোগ্রাম পড়ুন",c1_syllabus_programs,informational_transactional,bn,"https://humayounkobir.vercel.app/"
"সি প্রোগ্রামিং প্যাটার্ন প্রোগ্রাম তুলনা করুন",c1_syllabus_programs,informational_transactional,bn,"https://humayounkobir.vercel.app/"
"সি প্রোগ্রামিং প্যাটার্ন প্রোগ্রাম অনুশীলন",c1_syllabus_programs,informational_transactional,bn,"https://humayounkobir.vercel.app/"
"সি প্রোগ্রামিং প্যাটার্ন প্রোগ্রাম কপি",c1_syllabus_programs,informational_transactional,bn,"https://humayounkobir.vercel.app/"
"সি প্রোগ্রামিং প্যাটার্ন প্রোগ্রাম দেখুন",c1_syllabus_programs,informational_transactional,bn,"https://humayounkobir.vercel.app/"
"সি প্রোগ্রামিং প্যাটার্ন প্রোগ্রাম প্রস্তুতি",c1_syllabus_programs,informational_transactional,bn,"https://humayounkobir.vercel.app/"
"সি প্রোগ্রামিং প্যাটার্ন প্রোগ্রাম সমাধান",c1_syllabus_programs,informational_transactional,bn,"https://humayounkobir.vercel.app/"
"সি প্রোগ্রামিং ধারা যোগফল",c1_syllabus_programs,informational_transactional,bn,"https://humayounkobir.vercel.app/"
"সি প্রোগ্রামিং ধারা যোগফল ডাউনলোড",c1_syllabus_programs,informational_transactional,bn,"https://humayounkobir.vercel.app/"
"সি প্রোগ্রামিং ধারা যোগফল শিখুন",c1_syllabus_programs,informational_transactional,bn,"https://humayounkobir.vercel.app/"
"সি প্রোগ্রামিং ধারা যোগফল পড়ুন",c1_syllabus_programs,informational_transactional,bn,"https://humayounkobir.vercel.app/"
"সি প্রোগ্রামিং ধারা যোগফল তুলনা করুন",c1_syllabus_programs,informational_transactional,bn,"https://humayounkobir.vercel.app/"
"সি প্রোগ্রামিং ধারা যোগফল অনুশীলন",c1_syllabus_programs,informational_transactional,bn,"https://humayounkobir.vercel.app/"
"সি প্রোগ্রামিং ধারা যোগফল কপি",c1_syllabus_programs,informational_transactional,bn,"https://humayounkobir.vercel.app/"
"সি প্রোগ্রামিং ধারা যোগফল দেখুন",c1_syllabus_programs,informational_transactional,bn,"https://humayounkobir.vercel.app/"
"সি প্রোগ্রামিং ধারা যোগফল প্রস্তুতি",c1_syllabus_programs,informational_transactional,bn,"https://humayounkobir.vercel.app/"
"সি প্রোগ্রামিং ধারা যোগফল সমাধান",c1_syllabus_programs,informational_transactional,bn,"https://humayounkobir.vercel.app/"
"সি প্রোগ্রামিং লুপ",c1_syllabus_programs,informational_transactional,bn,"https://humayounkobir.vercel.app/"
"সি প্রোগ্রামিং লুপ ডাউনলোড",c1_syllabus_programs,informational_transactional,bn,"https://humayounkobir.vercel.app/"
"সি প্রোগ্রামিং লুপ শিখুন",c1_syllabus_programs,informational_transactional,bn,"https://humayounkobir.vercel.app/"
"সি প্রোগ্রামিং লুপ পড়ুন",c1_syllabus_programs,informational_transactional,bn,"https://humayounkobir.vercel.app/"
"সি প্রোগ্রামিং লুপ তুলনা করুন",c1_syllabus_programs,informational_transactional,bn,"https://humayounkobir.vercel.app/"
"সি প্রোগ্রামিং লুপ অনুশীলন",c1_syllabus_programs,informational_transactional,bn,"https://humayounkobir.vercel.app/"
"সি প্রোগ্রামিং লুপ কপি",c1_syllabus_programs,informational_transactional,bn,"https://humayounkobir.vercel.app/"
"সি প্রোগ্রামিং লুপ দেখুন",c1_syllabus_programs,informational_transactional,bn,"https://humayounkobir.vercel.app/"
"সি প্রোগ্রামিং লুপ প্রস্তুতি",c1_syllabus_programs,informational_transactional,bn,"https://humayounkobir.vercel.app/"
"সি প্রোগ্রামিং লুপ সমাধান",c1_syllabus_programs,informational_transactional,bn,"https://humayounkobir.vercel.app/"
"সি প্রোগ্রামিং রিকrecursive",c1_syllabus_programs,informational_transactional,bn,"https://humayounkobir.vercel.app/"
"সি প্রোগ্রামিং রিকrecursive ডাউনলোড",c1_syllabus_programs,informational_transactional,bn,"https://humayounkobir.vercel.app/"
"সি প্রোগ্রামিং রিকrecursive শিখুন",c1_syllabus_programs,informational_transactional,bn,"https://humayounkobir.vercel.app/"
"সি প্রোগ্রামিং রিকrecursive পড়ুন",c1_syllabus_programs,informational_transactional,bn,"https://humayounkobir.vercel.app/"
"সি প্রোগ্রামিং রিকrecursive তুলনা করুন",c1_syllabus_programs,informational_transactional,bn,"https://humayounkobir.vercel.app/"
"সি প্রোগ্রামিং রিকrecursive অনুশীলন",c1_syllabus_programs,informational_transactional,bn,"https://humayounkobir.vercel.app/"
"সি প্রোগ্রামিং রিকrecursive কপি",c1_syllabus_programs,informational_transactional,bn,"https://humayounkobir.vercel.app/"
"সি প্রোগ্রামিং রিকrecursive দেখুন",c1_syllabus_programs,informational_transactional,bn,"https://humayounkobir.vercel.app/"
"সি প্রোগ্রামিং রিকrecursive প্রস্তুতি",c1_syllabus_programs,informational_transactional,bn,"https://humayounkobir.vercel.app/"
"সি প্রোগ্রামিং রিকrecursive সমাধান",c1_syllabus_programs,informational_transactional,bn,"https://humayounkobir.vercel.app/"
"সি প্রোগ্রামিং অ্যারে",c1_syllabus_programs,informational_transactional,bn,"https://humayounkobir.vercel.app/"
"সি প্রোগ্রামিং অ্যারে ডাউনলোড",c1_syllabus_programs,informational_transactional,bn,"https://humayounkobir.vercel.app/"
"সি প্রোগ্রামিং অ্যারে শিখুন",c1_syllabus_programs,informational_transactional,bn,"https://humayounkobir.vercel.app/"
"সি প্রোগ্রামিং অ্যারে পড়ুন",c1_syllabus_programs,informational_transactional,bn,"https://humayounkobir.vercel.app/"
"সি প্রোগ্রামিং অ্যারে তুলনা করুন",c1_syllabus_programs,informational_transactional,bn,"https://humayounkobir.vercel.app/"
"সি প্রোগ্রামিং অ্যারে অনুশীলন",c1_syllabus_programs,informational_transactional,bn,"https://humayounkobir.vercel.app/"
"সি প্রোগ্রামিং অ্যারে কপি",c1_syllabus_programs,informational_transactional,bn,"https://humayounkobir.vercel.app/"
"সি প্রোগ্রামিং অ্যারে দেখুন",c1_syllabus_programs,informational_transactional,bn,"https://humayounkobir.vercel.app/"
"সি প্রোগ্রামিং অ্যারে প্রস্তুতি",c1_syllabus_programs,informational_transactional,bn,"https://humayounkobir.vercel.app/"
"সি প্রোগ্রামিং অ্যারে সমাধান",c1_syllabus_programs,informational_transactional,bn,"https://humayounkobir.vercel.app/"
"সি প্রোগ্রামিং পয়েন্টার",c1_syllabus_programs,informational_transactional,bn,"https://humayounkobir.vercel.app/"
"সি প্রোগ্রামিং পয়েন্টার ডাউনলোড",c1_syllabus_programs,informational_transactional,bn,"https://humayounkobir.vercel.app/"
"সি প্রোগ্রামিং পয়েন্টার শিখুন",c1_syllabus_programs,informational_transactional,bn,"https://humayounkobir.vercel.app/"
"সি প্রোগ্রামিং পয়েন্টার পড়ুন",c1_syllabus_programs,informational_transactional,bn,"https://humayounkobir.vercel.app/"
"সি প্রোগ্রামিং পয়েন্টার তুলনা করুন",c1_syllabus_programs,informational_transactional,bn,"https://humayounkobir.vercel.app/"
"সি প্রোগ্রামিং পয়েন্টার অনুশীলন",c1_syllabus_programs,informational_transactional,bn,"https://humayounkobir.vercel.app/"
"সি প্রোগ্রামিং পয়েন্টার কপি",c1_syllabus_programs,informational_transactional,bn,"https://humayounkobir.vercel.app/"
"সি প্রোগ্রামিং পয়েন্টার দেখুন",c1_syllabus_programs,informational_transactional,bn,"https://humayounkobir.vercel.app/"
"সি প্রোগ্রামিং পয়েন্টার প্রস্তুতি",c1_syllabus_programs,informational_transactional,bn,"https://humayounkobir.vercel.app/"
"সি প্রোগ্রামিং পয়েন্টার সমাধান",c1_syllabus_programs,informational_transactional,bn,"https://humayounkobir.vercel.app/"
"সি প্রোগ্রামিং পিডিএফ",c1_syllabus_programs,informational_transactional,bn,"https://humayounkobir.vercel.app/"
"সি প্রোগ্রামিং পিডিএফ ডাউনলোড",c1_syllabus_programs,informational_transactional,bn,"https://humayounkobir.vercel.app/"
"সি প্রোগ্রামিং পিডিএফ শিখুন",c1_syllabus_programs,informational_transactional,bn,"https://humayounkobir.vercel.app/"
"সি প্রোগ্রামিং পিডিএফ পড়ুন",c1_syllabus_programs,informational_transactional,bn,"https://humayounkobir.vercel.app/"
"সি প্রোগ্রামিং পিডিএফ তুলনা করুন",c1_syllabus_programs,informational_transactional,bn,"https://humayounkobir.vercel.app/"
"সি প্রোগ্রামিং পিডিএফ অনুশীলন",c1_syllabus_programs,informational_transactional,bn,"https://humayounkobir.vercel.app/"
"সি প্রোগ্রামিং পিডিএফ কপি",c1_syllabus_programs,informational_transactional,bn,"https://humayounkobir.vercel.app/"
"সি প্রোগ্রামিং পিডিএফ দেখুন",c1_syllabus_programs,informational_transactional,bn,"https://humayounkobir.vercel.app/"
"সি প্রোগ্রামিং পিডিএফ প্রস্তুতি",c1_syllabus_programs,informational_transactional,bn,"https://humayounkobir.vercel.app/"
"সি প্রোগ্রামিং পিডিএফ সমাধান",c1_syllabus_programs,informational_transactional,bn,"https://humayounkobir.vercel.app/"
"সি প্রোগ্রামিং বই",c1_syllabus_programs,informational_transactional,bn,"https://humayounkobir.vercel.app/"
"সি প্রোগ্রামিং বই ডাউনলোড",c1_syllabus_programs,informational_transactional,bn,"https://humayounkobir.vercel.app/"
"সি প্রোগ্রামিং বই শিখুন",c1_syllabus_programs,informational_transactional,bn,"https://humayounkobir.vercel.app/"
"সি প্রোগ্রামিং বই পড়ুন",c1_syllabus_programs,informational_transactional,bn,"https://humayounkobir.vercel.app/"
"সি প্রোগ্রামিং বই তুলনা করুন",c1_syllabus_programs,informational_transactional,bn,"https://humayounkobir.vercel.app/"
"সি প্রোগ্রামিং বই অনুশীলন",c1_syllabus_programs,informational_transactional,bn,"https://humayounkobir.vercel.app/"
"সি প্রোগ্রামিং বই কপি",c1_syllabus_programs,informational_transactional,bn,"https://humayounkobir.vercel.app/"
"সি প্রোগ্রামিং বই দেখুন",c1_syllabus_programs,informational_transactional,bn,"https://humayounkobir.vercel.app/"
"সি প্রোগ্রামিং বই প্রস্তুতি",c1_syllabus_programs,informational_transactional,bn,"https://humayounkobir.vercel.app/"
"সি প্রোগ্রামিং বই সমাধান",c1_syllabus_programs,informational_transactional,bn,"https://humayounkobir.vercel.app/"
"সি প্রোগ্রামিং অ্যান্ড্রয়েড অ্যাপ",c1_syllabus_programs,informational_transactional,bn,"https://humayounkobir.vercel.app/"
"সি প্রোগ্রামিং অ্যান্ড্রয়েড অ্যাপ ডাউনলোড",c1_syllabus_programs,informational_transactional,bn,"https://humayounkobir.vercel.app/"
"সি প্রোগ্রামিং অ্যান্ড্রয়েড অ্যাপ শিখুন",c1_syllabus_programs,informational_transactional,bn,"https://humayounkobir.vercel.app/"
"সি প্রোগ্রামিং অ্যান্ড্রয়েড অ্যাপ পড়ুন",c1_syllabus_programs,informational_transactional,bn,"https://humayounkobir.vercel.app/"
"সি প্রোগ্রামিং অ্যান্ড্রয়েড অ্যাপ তুলনা করুন",c1_syllabus_programs,informational_transactional,bn,"https://humayounkobir.vercel.app/"
"সি প্রোগ্রামিং অ্যান্ড্রয়েড অ্যাপ অনুশীলন",c1_syllabus_programs,informational_transactional,bn,"https://humayounkobir.vercel.app/"
"সি প্রোগ্রামিং অ্যান্ড্রয়েড অ্যাপ কপি",c1_syllabus_programs,informational_transactional,bn,"https://humayounkobir.vercel.app/"
"সি প্রোগ্রামিং অ্যান্ড্রয়েড অ্যাপ দেখুন",c1_syllabus_programs,informational_transactional,bn,"https://humayounkobir.vercel.app/"
"সি প্রোগ্রামিং অ্যান্ড্রয়েড অ্যাপ প্রস্তুতি",c1_syllabus_programs,informational_transactional,bn,"https://humayounkobir.vercel.app/"
"সি প্রোগ্রামিং অ্যান্ড্রয়েড অ্যাপ সমাধান",c1_syllabus_programs,informational_transactional,bn,"https://humayounkobir.vercel.app/"
"সি প্রোগ্রামিং নোট",c1_syllabus_programs,informational_transactional,bn,"https://humayounkobir.vercel.app/"
"সি প্রোগ্রামিং নোট ডাউনলোড",c1_syllabus_programs,informational_transactional,bn,"https://humayounkobir.vercel.app/"
"সি প্রোগ্রামিং নোট শিখুন",c1_syllabus_programs,informational_transactional,bn,"https://humayounkobir.vercel.app/"
"সি প্রোগ্রামিং নোট পড়ুন",c1_syllabus_programs,informational_transactional,bn,"https://humayounkobir.vercel.app/"
"সি প্রোগ্রামিং নোট তুলনা করুন",c1_syllabus_programs,informational_transactional,bn,"https://humayounkobir.vercel.app/"
"সি প্রোগ্রামিং নোট অনুশীলন",c1_syllabus_programs,informational_transactional,bn,"https://humayounkobir.vercel.app/"
"সি প্রোগ্রামিং নোট কপি",c1_syllabus_programs,informational_transactional,bn,"https://humayounkobir.vercel.app/"
"সি প্রোগ্রামিং নোট দেখুন",c1_syllabus_programs,informational_transactional,bn,"https://humayounkobir.vercel.app/"
"সি প্রোগ্রামিং নোট প্রস্তুতি",c1_syllabus_programs,informational_transactional,bn,"https://humayounkobir.vercel.app/"
"সি প্রোগ্রামিং নোট সমাধান",c1_syllabus_programs,informational_transactional,bn,"https://humayounkobir.vercel.app/"
"সি প্রোগ্রামিং সমাধান",c1_syllabus_programs,informational_transactional,bn,"https://humayounkobir.vercel.app/"
"সি প্রোগ্রামিং সমাধান ডাউনলোড",c1_syllabus_programs,informational_transactional,bn,"https://humayounkobir.vercel.app/"
"সি প্রোগ্রামিং সমাধান শিখুন",c1_syllabus_programs,informational_transactional,bn,"https://humayounkobir.vercel.app/"
"সি প্রোগ্রামিং সমাধান পড়ুন",c1_syllabus_programs,informational_transactional,bn,"https://humayounkobir.vercel.app/"
"সি প্রোগ্রামিং সমাধান তুলনা করুন",c1_syllabus_programs,informational_transactional,bn,"https://humayounkobir.vercel.app/"
"সি প্রোগ্রামিং সমাধান অনুশীলন",c1_syllabus_programs,informational_transactional,bn,"https://humayounkobir.vercel.app/"
"সি প্রোগ্রামিং সমাধান কপি",c1_syllabus_programs,informational_transactional,bn,"https://humayounkobir.vercel.app/"
"সি প্রোগ্রামিং সমাধান দেখুন",c1_syllabus_programs,informational_transactional,bn,"https://humayounkobir.vercel.app/"
"সি প্রোগ্রামিং সমাধান প্রস্তুতি",c1_syllabus_programs,informational_transactional,bn,"https://humayounkobir.vercel.app/"
"সি প্রোগ্রামিং সমাধান সমাধান",c1_syllabus_programs,informational_transactional,bn,"https://humayounkobir.vercel.app/"
"সি প্লাস প্লাস প্রোগ্রাম",c1_syllabus_programs,informational_transactional,bn,"https://humayounkobir.vercel.app/"
"সি প্লাস প্লাস প্রোগ্রাম ডাউনলোড",c1_syllabus_programs,informational_transactional,bn,"https://humayounkobir.vercel.app/"
"সি প্লাস প্লাস প্রোগ্রাম শিখুন",c1_syllabus_programs,informational_transactional,bn,"https://humayounkobir.vercel.app/"
"সি প্লাস প্লাস প্রোগ্রাম পড়ুন",c1_syllabus_programs,informational_transactional,bn,"https://humayounkobir.vercel.app/"
"সি প্লাস প্লাস প্রোগ্রাম তুলনা করুন",c1_syllabus_programs,informational_transactional,bn,"https://humayounkobir.vercel.app/"
"সি প্লাস প্লাস প্রোগ্রাম অনুশীলন",c1_syllabus_programs,informational_transactional,bn,"https://humayounkobir.vercel.app/"
"সি প্লাস প্লাস প্রোগ্রাম কপি",c1_syllabus_programs,informational_transactional,bn,"https://humayounkobir.vercel.app/"
"সি প্লাস প্লাস প্রোগ্রাম দেখুন",c1_syllabus_programs,informational_transactional,bn,"https://humayounkobir.vercel.app/"
"সি প্লাস প্লাস প্রোগ্রাম প্রস্তুতি",c1_syllabus_programs,informational_transactional,bn,"https://humayounkobir.vercel.app/"
"সি প্লাস প্লাস প্রোগ্রাম সমাধান",c1_syllabus_programs,informational_transactional,bn,"https://humayounkobir.vercel.app/"
"সি প্লাস প্লাস কোড",c1_syllabus_programs,informational_transactional,bn,"https://humayounkobir.vercel.app/"
"সি প্লাস প্লাস কোড ডাউনলোড",c1_syllabus_programs,informational_transactional,bn,"https://humayounkobir.vercel.app/"
"সি প্লাস প্লাস কোড শিখুন",c1_syllabus_programs,informational_transactional,bn,"https://humayounkobir.vercel.app/"
"সি প্লাস প্লাস কোড পড়ুন",c1_syllabus_programs,informational_transactional,bn,"https://humayounkobir.vercel.app/"
"সি প্লাস প্লাস কোড তুলনা করুন",c1_syllabus_programs,informational_transactional,bn,"https://humayounkobir.vercel.app/"
"সি প্লাস প্লাস কোড অনুশীলন",c1_syllabus_programs,informational_transactional,bn,"https://humayounkobir.vercel.app/"
"সি প্লাস প্লাস কোড কপি",c1_syllabus_programs,informational_transactional,bn,"https://humayounkobir.vercel.app/"
"সি প্লাস প্লাস কোড দেখুন",c1_syllabus_programs,informational_transactional,bn,"https://humayounkobir.vercel.app/"
"সি প্লাস প্লাস কোড প্রস্তুতি",c1_syllabus_programs,informational_transactional,bn,"https://humayounkobir.vercel.app/"
"সি প্লাস প্লাস কোড সমাধান",c1_syllabus_programs,informational_transactional,bn,"https://humayounkobir.vercel.app/"
"সি প্লাস প্লাস বেসিক প্রোগ্রাম",c1_syllabus_programs,informational_transactional,bn,"https://humayounkobir.vercel.app/"
"সি প্লাস প্লাস বেসিক প্রোগ্রাম ডাউনলোড",c1_syllabus_programs,informational_transactional,bn,"https://humayounkobir.vercel.app/"
"সি প্লাস প্লাস বেসিক প্রোগ্রাম শিখুন",c1_syllabus_programs,informational_transactional,bn,"https://humayounkobir.vercel.app/"
"সি প্লাস প্লাস বেসিক প্রোগ্রাম পড়ুন",c1_syllabus_programs,informational_transactional,bn,"https://humayounkobir.vercel.app/"
"সি প্লাস প্লাস বেসিক প্রোগ্রাম তুলনা করুন",c1_syllabus_programs,informational_transactional,bn,"https://humayounkobir.vercel.app/"
"সি প্লাস প্লাস বেসিক প্রোগ্রাম অনুশীলন",c1_syllabus_programs,informational_transactional,bn,"https://humayounkobir.vercel.app/"
"সি প্লাস প্লাস বেসিক প্রোগ্রাম কপি",c1_syllabus_programs,informational_transactional,bn,"https://humayounkobir.vercel.app/"
"সি প্লাস প্লাস বেসিক প্রোগ্রাম দেখুন",c1_syllabus_programs,informational_transactional,bn,"https://humayounkobir.vercel.app/"
"সি প্লাস প্লাস বেসিক প্রোগ্রাম প্রস্তুতি",c1_syllabus_programs,informational_transactional,bn,"https://humayounkobir.vercel.app/"
"সি প্লাস প্লাস বেসিক প্রোগ্রাম সমাধান",c1_syllabus_programs,informational_transactional,bn,"https://humayounkobir.vercel.app/"
"সি প্লাস প্লাস সিলেবাস",c1_syllabus_programs,informational_transactional,bn,"https://humayounkobir.vercel.app/"
"সি প্লাস প্লাস সিলেবাস ডাউনলোড",c1_syllabus_programs,informational_transactional,bn,"https://humayounkobir.vercel.app/"
"সি প্লাস প্লাস সিলেবাস শিখুন",c1_syllabus_programs,informational_transactional,bn,"https://humayounkobir.vercel.app/"
"সি প্লাস প্লাস সিলেবাস পড়ুন",c1_syllabus_programs,informational_transactional,bn,"https://humayounkobir.vercel.app/"
"সি প্লাস প্লাস সিলেবাস তুলনা করুন",c1_syllabus_programs,informational_transactional,bn,"https://humayounkobir.vercel.app/"
"সি প্লাস প্লাস সিলেবাস অনুশীলন",c1_syllabus_programs,informational_transactional,bn,"https://humayounkobir.vercel.app/"
"সি প্লাস প্লাস সিলেবাস কপি",c1_syllabus_programs,informational_transactional,bn,"https://humayounkobir.vercel.app/"
"সি প্লাস প্লাস সিলেবাস দেখুন",c1_syllabus_programs,informational_transactional,bn,"https://humayounkobir.vercel.app/"
"সি প্লাস প্লাস সিলেবাস প্রস্তুতি",c1_syllabus_programs,informational_transactional,bn,"https://humayounkobir.vercel.app/"
"সি প্লাস প্লাস সিলেবাস সমাধান",c1_syllabus_programs,informational_transactional,bn,"https://humayounkobir.vercel.app/"
"সি প্লাস প্লাস ভর্তি প্রশ্ন",c1_syllabus_programs,informational_transactional,bn,"https://humayounkobir.vercel.app/"
"সি প্লাস প্লাস ভর্তি প্রশ্ন ডাউনলোড",c1_syllabus_programs,informational_transactional,bn,"https://humayounkobir.vercel.app/"
"সি প্লাস প্লাস ভর্তি প্রশ্ন শিখুন",c1_syllabus_programs,informational_transactional,bn,"https://humayounkobir.vercel.app/"
"সি প্লাস প্লাস ভর্তি প্রশ্ন পড়ুন",c1_syllabus_programs,informational_transactional,bn,"https://humayounkobir.vercel.app/"
"সি প্লাস প্লাস ভর্তি প্রশ্ন তুলনা করুন",c1_syllabus_programs,informational_transactional,bn,"https://humayounkobir.vercel.app/"
"সি প্লাস প্লাস ভর্তি প্রশ্ন অনুশীলন",c1_syllabus_programs,informational_transactional,bn,"https://humayounkobir.vercel.app/"
"সি প্লাস প্লাস ভর্তি প্রশ্ন কপি",c1_syllabus_programs,informational_transactional,bn,"https://humayounkobir.vercel.app/"
"সি প্লাস প্লাস ভর্তি প্রশ্ন দেখুন",c1_syllabus_programs,informational_transactional,bn,"https://humayounkobir.vercel.app/"
"সি প্লাস প্লাস ভর্তি প্রশ্ন প্রস্তুতি",c1_syllabus_programs,informational_transactional,bn,"https://humayounkobir.vercel.app/"
"সি প্লাস প্লাস ভর্তি প্রশ্ন সমাধান",c1_syllabus_programs,informational_transactional,bn,"https://humayounkobir.vercel.app/"
"সি প্লাস প্লাস প্যাটার্ন প্রোগ্রাম",c1_syllabus_programs,informational_transactional,bn,"https://humayounkobir.vercel.app/"
"সি প্লাস প্লাস প্যাটার্ন প্রোগ্রাম ডাউনলোড",c1_syllabus_programs,informational_transactional,bn,"https://humayounkobir.vercel.app/"
"সি প্লাস প্লাস প্যাটার্ন প্রোগ্রাম শিখুন",c1_syllabus_programs,informational_transactional,bn,"https://humayounkobir.vercel.app/"
"সি প্লাস প্লাস প্যাটার্ন প্রোগ্রাম পড়ুন",c1_syllabus_programs,informational_transactional,bn,"https://humayounkobir.vercel.app/"
"সি প্লাস প্লাস প্যাটার্ন প্রোগ্রাম তুলনা করুন",c1_syllabus_programs,informational_transactional,bn,"https://humayounkobir.vercel.app/"
"সি প্লাস প্লাস প্যাটার্ন প্রোগ্রাম অনুশীলন",c1_syllabus_programs,informational_transactional,bn,"https://humayounkobir.vercel.app/"
"সি প্লাস প্লাস প্যাটার্ন প্রোগ্রাম কপি",c1_syllabus_programs,informational_transactional,bn,"https://humayounkobir.vercel.app/"
"সি প্লাস প্লাস প্যাটার্ন প্রোগ্রাম দেখুন",c1_syllabus_programs,informational_transactional,bn,"https://humayounkobir.vercel.app/"
"সি প্লাস প্লাস প্যাটার্ন প্রোগ্রাম প্রস্তুতি",c1_syllabus_programs,informational_transactional,bn,"https://humayounkobir.vercel.app/"
"সি প্লাস প্লাস প্যাটার্ন প্রোগ্রাম সমাধান",c1_syllabus_programs,informational_transactional,bn,"https://humayounkobir.vercel.app/"
"সি প্লাস প্লাস ধারা যোগফল",c1_syllabus_programs,informational_transactional,bn,"https://humayounkobir.vercel.app/"
"সি প্লাস প্লাস ধারা যোগফল ডাউনলোড",c1_syllabus_programs,informational_transactional,bn,"https://humayounkobir.vercel.app/"
"সি প্লাস প্লাস ধারা যোগফল শিখুন",c1_syllabus_programs,informational_transactional,bn,"https://humayounkobir.vercel.app/"
"সি প্লাস প্লাস ধারা যোগফল পড়ুন",c1_syllabus_programs,informational_transactional,bn,"https://humayounkobir.vercel.app/"
"সি প্লাস প্লাস ধারা যোগফল তুলনা করুন",c1_syllabus_programs,informational_transactional,bn,"https://humayounkobir.vercel.app/"
"সি প্লাস প্লাস ধারা যোগফল অনুশীলন",c1_syllabus_programs,informational_transactional,bn,"https://humayounkobir.vercel.app/"
"সি প্লাস প্লাস ধারা যোগফল কপি",c1_syllabus_programs,informational_transactional,bn,"https://humayounkobir.vercel.app/"
"সি প্লাস প্লাস ধারা যোগফল দেখুন",c1_syllabus_programs,informational_transactional,bn,"https://humayounkobir.vercel.app/"
"সি প্লাস প্লাস ধারা যোগফল প্রস্তুতি",c1_syllabus_programs,informational_transactional,bn,"https://humayounkobir.vercel.app/"
"সি প্লাস প্লাস ধারা যোগফল সমাধান",c1_syllabus_programs,informational_transactional,bn,"https://humayounkobir.vercel.app/"
"সি প্লাস প্লাস লুপ",c1_syllabus_programs,informational_transactional,bn,"https://humayounkobir.vercel.app/"
"সি প্লাস প্লাস লুপ ডাউনলোড",c1_syllabus_programs,informational_transactional,bn,"https://humayounkobir.vercel.app/"
"সি প্লাস প্লাস লুপ শিখুন",c1_syllabus_programs,informational_transactional,bn,"https://humayounkobir.vercel.app/"
"সি প্লাস প্লাস লুপ পড়ুন",c1_syllabus_programs,informational_transactional,bn,"https://humayounkobir.vercel.app/"
"সি প্লাস প্লাস লুপ তুলনা করুন",c1_syllabus_programs,informational_transactional,bn,"https://humayounkobir.vercel.app/"
"সি প্লাস প্লাস লুপ অনুশীলন",c1_syllabus_programs,informational_transactional,bn,"https://humayounkobir.vercel.app/"
"সি প্লাস প্লাস লুপ কপি",c1_syllabus_programs,informational_transactional,bn,"https://humayounkobir.vercel.app/"
"সি প্লাস প্লাস লুপ দেখুন",c1_syllabus_programs,informational_transactional,bn,"https://humayounkobir.vercel.app/"
"সি প্লাস প্লাস লুপ প্রস্তুতি",c1_syllabus_programs,informational_transactional,bn,"https://humayounkobir.vercel.app/"
"সি প্লাস প্লাস লুপ সমাধান",c1_syllabus_programs,informational_transactional,bn,"https://humayounkobir.vercel.app/"
"সি প্লাস প্লাস রিকrecursive",c1_syllabus_programs,informational_transactional,bn,"https://humayounkobir.vercel.app/"
"সি প্লাস প্লাস রিকrecursive ডাউনলোড",c1_syllabus_programs,informational_transactional,bn,"https://humayounkobir.vercel.app/"
"সি প্লাস প্লাস রিকrecursive শিখুন",c1_syllabus_programs,informational_transactional,bn,"https://humayounkobir.vercel.app/"
"সি প্লাস প্লাস রিকrecursive পড়ুন",c1_syllabus_programs,informational_transactional,bn,"https://humayounkobir.vercel.app/"
"সি প্লাস প্লাস রিকrecursive তুলনা করুন",c1_syllabus_programs,informational_transactional,bn,"https://humayounkobir.vercel.app/"
"সি প্লাস প্লাস রিকrecursive অনুশীলন",c1_syllabus_programs,informational_transactional,bn,"https://humayounkobir.vercel.app/"
"সি প্লাস প্লাস রিকrecursive কপি",c1_syllabus_programs,informational_transactional,bn,"https://humayounkobir.vercel.app/"
"সি প্লাস প্লাস রিকrecursive দেখুন",c1_syllabus_programs,informational_transactional,bn,"https://humayounkobir.vercel.app/"
"সি প্লাস প্লাস রিকrecursive প্রস্তুতি",c1_syllabus_programs,informational_transactional,bn,"https://humayounkobir.vercel.app/"
"সি প্লাস প্লাস রিকrecursive সমাধান",c1_syllabus_programs,informational_transactional,bn,"https://humayounkobir.vercel.app/"
"সি প্লাস প্লাস অ্যারে",c1_syllabus_programs,informational_transactional,bn,"https://humayounkobir.vercel.app/"
"সি প্লাস প্লাস অ্যারে ডাউনলোড",c1_syllabus_programs,informational_transactional,bn,"https://humayounkobir.vercel.app/"
"সি প্লাস প্লাস অ্যারে শিখুন",c1_syllabus_programs,informational_transactional,bn,"https://humayounkobir.vercel.app/"
"সি প্লাস প্লাস অ্যারে পড়ুন",c1_syllabus_programs,informational_transactional,bn,"https://humayounkobir.vercel.app/"
"সি প্লাস প্লাস অ্যারে তুলনা করুন",c1_syllabus_programs,informational_transactional,bn,"https://humayounkobir.vercel.app/"
"সি প্লাস প্লাস অ্যারে অনুশীলন",c1_syllabus_programs,informational_transactional,bn,"https://humayounkobir.vercel.app/"
"সি প্লাস প্লাস অ্যারে কপি",c1_syllabus_programs,informational_transactional,bn,"https://humayounkobir.vercel.app/"
"সি প্লাস প্লাস অ্যারে দেখুন",c1_syllabus_programs,informational_transactional,bn,"https://humayounkobir.vercel.app/"
"সি প্লাস প্লাস অ্যারে প্রস্তুতি",c1_syllabus_programs,informational_transactional,bn,"https://humayounkobir.vercel.app/"
"সি প্লাস প্লাস অ্যারে সমাধান",c1_syllabus_programs,informational_transactional,bn,"https://humayounkobir.vercel.app/"
"সি প্লাস প্লাস পয়েন্টার",c1_syllabus_programs,informational_transactional,bn,"https://humayounkobir.vercel.app/"
"সি প্লাস প্লাস পয়েন্টার ডাউনলোড",c1_syllabus_programs,informational_transactional,bn,"https://humayounkobir.vercel.app/"
"সি প্লাস প্লাস পয়েন্টার শিখুন",c1_syllabus_programs,informational_transactional,bn,"https://humayounkobir.vercel.app/"
"সি প্লাস প্লাস পয়েন্টার পড়ুন",c1_syllabus_programs,informational_transactional,bn,"https://humayounkobir.vercel.app/"
"সি প্লাস প্লাস পয়েন্টার তুলনা করুন",c1_syllabus_programs,informational_transactional,bn,"https://humayounkobir.vercel.app/"
"সি প্লাস প্লাস পয়েন্টার অনুশীলন",c1_syllabus_programs,informational_transactional,bn,"https://humayounkobir.vercel.app/"
"সি প্লাস প্লাস পয়েন্টার কপি",c1_syllabus_programs,informational_transactional,bn,"https://humayounkobir.vercel.app/"
"সি প্লাস প্লাস পয়েন্টার দেখুন",c1_syllabus_programs,informational_transactional,bn,"https://humayounkobir.vercel.app/"
"সি প্লাস প্লাস পয়েন্টার প্রস্তুতি",c1_syllabus_programs,informational_transactional,bn,"https://humayounkobir.vercel.app/"
"সি প্লাস প্লাস পয়েন্টার সমাধান",c1_syllabus_programs,informational_transactional,bn,"https://humayounkobir.vercel.app/"
"সি প্লাস প্লাস পিডিএফ",c1_syllabus_programs,informational_transactional,bn,"https://humayounkobir.vercel.app/"
"সি প্লাস প্লাস পিডিএফ ডাউনলোড",c1_syllabus_programs,informational_transactional,bn,"https://humayounkobir.vercel.app/"
"সি প্লাস প্লাস পিডিএফ শিখুন",c1_syllabus_programs,informational_transactional,bn,"https://humayounkobir.vercel.app/"
"সি প্লাস প্লাস পিডিএফ পড়ুন",c1_syllabus_programs,informational_transactional,bn,"https://humayounkobir.vercel.app/"
"সি প্লাস প্লাস পিডিএফ তুলনা করুন",c1_syllabus_programs,informational_transactional,bn,"https://humayounkobir.vercel.app/"
"সি প্লাস প্লাস পিডিএফ অনুশীলন",c1_syllabus_programs,informational_transactional,bn,"https://humayounkobir.vercel.app/"
"সি প্লাস প্লাস পিডিএফ কপি",c1_syllabus_programs,informational_transactional,bn,"https://humayounkobir.vercel.app/"
"সি প্লাস প্লাস পিডিএফ দেখুন",c1_syllabus_programs,informational_transactional,bn,"https://humayounkobir.vercel.app/"
"সি প্লাস প্লাস পিডিএফ প্রস্তুতি",c1_syllabus_programs,informational_transactional,bn,"https://humayounkobir.vercel.app/"
"সি প্লাস প্লাস পিডিএফ সমাধান",c1_syllabus_programs,informational_transactional,bn,"https://humayounkobir.vercel.app/"
"সি প্লাস প্লাস বই",c1_syllabus_programs,informational_transactional,bn,"https://humayounkobir.vercel.app/"
"সি প্লাস প্লাস বই ডাউনলোড",c1_syllabus_programs,informational_transactional,bn,"https://humayounkobir.vercel.app/"
"সি প্লাস প্লাস বই শিখুন",c1_syllabus_programs,informational_transactional,bn,"https://humayounkobir.vercel.app/"
"সি প্লাস প্লাস বই পড়ুন",c1_syllabus_programs,informational_transactional,bn,"https://humayounkobir.vercel.app/"
"সি প্লাস প্লাস বই তুলনা করুন",c1_syllabus_programs,informational_transactional,bn,"https://humayounkobir.vercel.app/"
"সি প্লাস প্লাস বই অনুশীলন",c1_syllabus_programs,informational_transactional,bn,"https://humayounkobir.vercel.app/"
"সি প্লাস প্লাস বই কপি",c1_syllabus_programs,informational_transactional,bn,"https://humayounkobir.vercel.app/"
"সি প্লাস প্লাস বই দেখুন",c1_syllabus_programs,informational_transactional,bn,"https://humayounkobir.vercel.app/"
"সি প্লাস প্লাস বই প্রস্তুতি",c1_syllabus_programs,informational_transactional,bn,"https://humayounkobir.vercel.app/"
"সি প্লাস প্লাস বই সমাধান",c1_syllabus_programs,informational_transactional,bn,"https://humayounkobir.vercel.app/"
"সি প্লাস প্লাস অ্যান্ড্রয়েড অ্যাপ",c1_syllabus_programs,informational_transactional,bn,"https://humayounkobir.vercel.app/"
"সি প্লাস প্লাস অ্যান্ড্রয়েড অ্যাপ ডাউনলোড",c1_syllabus_programs,informational_transactional,bn,"https://humayounkobir.vercel.app/"
"সি প্লাস প্লাস অ্যান্ড্রয়েড অ্যাপ শিখুন",c1_syllabus_programs,informational_transactional,bn,"https://humayounkobir.vercel.app/"
"সি প্লাস প্লাস অ্যান্ড্রয়েড অ্যাপ পড়ুন",c1_syllabus_programs,informational_transactional,bn,"https://humayounkobir.vercel.app/"
"সি প্লাস প্লাস অ্যান্ড্রয়েড অ্যাপ তুলনা করুন",c1_syllabus_programs,informational_transactional,bn,"https://humayounkobir.vercel.app/"
"সি প্লাস প্লাস অ্যান্ড্রয়েড অ্যাপ অনুশীলন",c1_syllabus_programs,informational_transactional,bn,"https://humayounkobir.vercel.app/"
"সি প্লাস প্লাস অ্যান্ড্রয়েড অ্যাপ কপি",c1_syllabus_programs,informational_transactional,bn,"https://humayounkobir.vercel.app/"
"সি প্লাস প্লাস অ্যান্ড্রয়েড অ্যাপ দেখুন",c1_syllabus_programs,informational_transactional,bn,"https://humayounkobir.vercel.app/"
"সি প্লাস প্লাস অ্যান্ড্রয়েড অ্যাপ প্রস্তুতি",c1_syllabus_programs,informational_transactional,bn,"https://humayounkobir.vercel.app/"
"সি প্লাস প্লাস অ্যান্ড্রয়েড অ্যাপ সমাধান",c1_syllabus_programs,informational_transactional,bn,"https://humayounkobir.vercel.app/"
"সি প্লাস প্লাস নোট",c1_syllabus_programs,informational_transactional,bn,"https://humayounkobir.vercel.app/"
"সি প্লাস প্লাস নোট ডাউনলোড",c1_syllabus_programs,informational_transactional,bn,"https://humayounkobir.vercel.app/"
"সি প্লাস প্লাস নোট শিখুন",c1_syllabus_programs,informational_transactional,bn,"https://humayounkobir.vercel.app/"
"সি প্লাস প্লাস নোট পড়ুন",c1_syllabus_programs,informational_transactional,bn,"https://humayounkobir.vercel.app/"
"সি প্লাস প্লাস নোট তুলনা করুন",c1_syllabus_programs,informational_transactional,bn,"https://humayounkobir.vercel.app/"
"সি প্লাস প্লাস নোট অনুশীলন",c1_syllabus_programs,informational_transactional,bn,"https://humayounkobir.vercel.app/"
"সি প্লাস প্লাস নোট কপি",c1_syllabus_programs,informational_transactional,bn,"https://humayounkobir.vercel.app/"
"সি প্লাস প্লাস নোট দেখুন",c1_syllabus_programs,informational_transactional,bn,"https://humayounkobir.vercel.app/"
"সি প্লাস প্লাস নোট প্রস্তুতি",c1_syllabus_programs,informational_transactional,bn,"https://humayounkobir.vercel.app/"
"সি প্লাস প্লাস নোট সমাধান",c1_syllabus_programs,informational_transactional,bn,"https://humayounkobir.vercel.app/"
"সি প্লাস প্লাস সমাধান",c1_syllabus_programs,informational_transactional,bn,"https://humayounkobir.vercel.app/"
"সি প্লাস প্লাস সমাধান ডাউনলোড",c1_syllabus_programs,informational_transactional,bn,"https://humayounkobir.vercel.app/"
"সি প্লাস প্লাস সমাধান শিখুন",c1_syllabus_programs,informational_transactional,bn,"https://humayounkobir.vercel.app/"
"সি প্লাস প্লাস সমাধান পড়ুন",c1_syllabus_programs,informational_transactional,bn,"https://humayounkobir.vercel.app/"
"সি প্লাস প্লাস সমাধান তুলনা করুন",c1_syllabus_programs,informational_transactional,bn,"https://humayounkobir.vercel.app/"
"সি প্লাস প্লাস সমাধান অনুশীলন",c1_syllabus_programs,informational_transactional,bn,"https://humayounkobir.vercel.app/"
"সি প্লাস প্লাস সমাধান কপি",c1_syllabus_programs,informational_transactional,bn,"https://humayounkobir.vercel.app/"
"সি প্লাস প্লাস সমাধান দেখুন",c1_syllabus_programs,informational_transactional,bn,"https://humayounkobir.vercel.app/"
"সি প্লাস প্লাস সমাধান প্রস্তুতি",c1_syllabus_programs,informational_transactional,bn,"https://humayounkobir.vercel.app/"
"সি প্লাস প্লাস সমাধান সমাধান",c1_syllabus_programs,informational_transactional,bn,"https://humayounkobir.vercel.app/"
"সি++ প্রোগ্রাম",c1_syllabus_programs,informational_transactional,bn,"https://humayounkobir.vercel.app/"
"সি++ প্রোগ্রাম ডাউনলোড",c1_syllabus_programs,informational_transactional,bn,"https://humayounkobir.vercel.app/"
"সি++ প্রোগ্রাম শিখুন",c1_syllabus_programs,informational_transactional,bn,"https://humayounkobir.vercel.app/"
"সি++ প্রোগ্রাম পড়ুন",c1_syllabus_programs,informational_transactional,bn,"https://humayounkobir.vercel.app/"
"সি++ প্রোগ্রাম তুলনা করুন",c1_syllabus_programs,informational_transactional,bn,"https://humayounkobir.vercel.app/"
"সি++ প্রোগ্রাম অনুশীলন",c1_syllabus_programs,informational_transactional,bn,"https://humayounkobir.vercel.app/"
"সি++ প্রোগ্রাম কপি",c1_syllabus_programs,informational_transactional,bn,"https://humayounkobir.vercel.app/"
"সি++ প্রোগ্রাম দেখুন",c1_syllabus_programs,informational_transactional,bn,"https://humayounkobir.vercel.app/"
"সি++ প্রোগ্রাম প্রস্তুতি",c1_syllabus_programs,informational_transactional,bn,"https://humayounkobir.vercel.app/"
"সি++ প্রোগ্রাম সমাধান",c1_syllabus_programs,informational_transactional,bn,"https://humayounkobir.vercel.app/"
"সি++ কোড",c1_syllabus_programs,informational_transactional,bn,"https://humayounkobir.vercel.app/"
"সি++ কোড ডাউনলোড",c1_syllabus_programs,informational_transactional,bn,"https://humayounkobir.vercel.app/"
"সি++ কোড শিখুন",c1_syllabus_programs,informational_transactional,bn,"https://humayounkobir.vercel.app/"
"সি++ কোড পড়ুন",c1_syllabus_programs,informational_transactional,bn,"https://humayounkobir.vercel.app/"
"সি++ কোড তুলনা করুন",c1_syllabus_programs,informational_transactional,bn,"https://humayounkobir.vercel.app/"
"সি++ কোড অনুশীলন",c1_syllabus_programs,informational_transactional,bn,"https://humayounkobir.vercel.app/"
"সি++ কোড কপি",c1_syllabus_programs,informational_transactional,bn,"https://humayounkobir.vercel.app/"
"সি++ কোড দেখুন",c1_syllabus_programs,informational_transactional,bn,"https://humayounkobir.vercel.app/"
"সি++ কোড প্রস্তুতি",c1_syllabus_programs,informational_transactional,bn,"https://humayounkobir.vercel.app/"
"সি++ কোড সমাধান",c1_syllabus_programs,informational_transactional,bn,"https://humayounkobir.vercel.app/"
"সি++ বেসিক প্রোগ্রাম",c1_syllabus_programs,informational_transactional,bn,"https://humayounkobir.vercel.app/"
"সি++ বেসিক প্রোগ্রাম ডাউনলোড",c1_syllabus_programs,informational_transactional,bn,"https://humayounkobir.vercel.app/"
"সি++ বেসিক প্রোগ্রাম শিখুন",c1_syllabus_programs,informational_transactional,bn,"https://humayounkobir.vercel.app/"
"সি++ বেসিক প্রোগ্রাম পড়ুন",c1_syllabus_programs,informational_transactional,bn,"https://humayounkobir.vercel.app/"
"সি++ বেসিক প্রোগ্রাম তুলনা করুন",c1_syllabus_programs,informational_transactional,bn,"https://humayounkobir.vercel.app/"
"সি++ বেসিক প্রোগ্রাম অনুশীলন",c1_syllabus_programs,informational_transactional,bn,"https://humayounkobir.vercel.app/"
"সি++ বেসিক প্রোগ্রাম কপি",c1_syllabus_programs,informational_transactional,bn,"https://humayounkobir.vercel.app/"
"সি++ বেসিক প্রোগ্রাম দেখুন",c1_syllabus_programs,informational_transactional,bn,"https://humayounkobir.vercel.app/"
"সি++ বেসিক প্রোগ্রাম প্রস্তুতি",c1_syllabus_programs,informational_transactional,bn,"https://humayounkobir.vercel.app/"
"সি++ বেসিক প্রোগ্রাম সমাধান",c1_syllabus_programs,informational_transactional,bn,"https://humayounkobir.vercel.app/"
"সি++ সিলেবাস",c1_syllabus_programs,informational_transactional,bn,"https://humayounkobir.vercel.app/"
"সি++ সিলেবাস ডাউনলোড",c1_syllabus_programs,informational_transactional,bn,"https://humayounkobir.vercel.app/"
"সি++ সিলেবাস শিখুন",c1_syllabus_programs,informational_transactional,bn,"https://humayounkobir.vercel.app/"
"সি++ সিলেবাস পড়ুন",c1_syllabus_programs,informational_transactional,bn,"https://humayounkobir.vercel.app/"
"সি++ সিলেবাস তুলনা করুন",c1_syllabus_programs,informational_transactional,bn,"https://humayounkobir.vercel.app/"
"সি++ সিলেবাস অনুশীলন",c1_syllabus_programs,informational_transactional,bn,"https://humayounkobir.vercel.app/"
"সি++ সিলেবাস কপি",c1_syllabus_programs,informational_transactional,bn,"https://humayounkobir.vercel.app/"
"সি++ সিলেবাস দেখুন",c1_syllabus_programs,informational_transactional,bn,"https://humayounkobir.vercel.app/"
"সি++ সিলেবাস প্রস্তুতি",c1_syllabus_programs,informational_transactional,bn,"https://humayounkobir.vercel.app/"
"সি++ সিলেবাস সমাধান",c1_syllabus_programs,informational_transactional,bn,"https://humayounkobir.vercel.app/"
"সি++ ভর্তি প্রশ্ন",c1_syllabus_programs,informational_transactional,bn,"https://humayounkobir.vercel.app/"
"সি++ ভর্তি প্রশ্ন ডাউনলোড",c1_syllabus_programs,informational_transactional,bn,"https://humayounkobir.vercel.app/"
"সি++ ভর্তি প্রশ্ন শিখুন",c1_syllabus_programs,informational_transactional,bn,"https://humayounkobir.vercel.app/"
"সি++ ভর্তি প্রশ্ন পড়ুন",c1_syllabus_programs,informational_transactional,bn,"https://humayounkobir.vercel.app/"
"সি++ ভর্তি প্রশ্ন তুলনা করুন",c1_syllabus_programs,informational_transactional,bn,"https://humayounkobir.vercel.app/"
"সি++ ভর্তি প্রশ্ন অনুশীলন",c1_syllabus_programs,informational_transactional,bn,"https://humayounkobir.vercel.app/"
"সি++ ভর্তি প্রশ্ন কপি",c1_syllabus_programs,informational_transactional,bn,"https://humayounkobir.vercel.app/"
"সি++ ভর্তি প্রশ্ন দেখুন",c1_syllabus_programs,informational_transactional,bn,"https://humayounkobir.vercel.app/"
"সি++ ভর্তি প্রশ্ন প্রস্তুতি",c1_syllabus_programs,informational_transactional,bn,"https://humayounkobir.vercel.app/"
"সি++ ভর্তি প্রশ্ন সমাধান",c1_syllabus_programs,informational_transactional,bn,"https://humayounkobir.vercel.app/"
"সি++ প্যাটার্ন প্রোগ্রাম",c1_syllabus_programs,informational_transactional,bn,"https://humayounkobir.vercel.app/"
"সি++ প্যাটার্ন প্রোগ্রাম ডাউনলোড",c1_syllabus_programs,informational_transactional,bn,"https://humayounkobir.vercel.app/"
"সি++ প্যাটার্ন প্রোগ্রাম শিখুন",c1_syllabus_programs,informational_transactional,bn,"https://humayounkobir.vercel.app/"
"সি++ প্যাটার্ন প্রোগ্রাম পড়ুন",c1_syllabus_programs,informational_transactional,bn,"https://humayounkobir.vercel.app/"
"সি++ প্যাটার্ন প্রোগ্রাম তুলনা করুন",c1_syllabus_programs,informational_transactional,bn,"https://humayounkobir.vercel.app/"
"সি++ প্যাটার্ন প্রোগ্রাম অনুশীলন",c1_syllabus_programs,informational_transactional,bn,"https://humayounkobir.vercel.app/"
"সি++ প্যাটার্ন প্রোগ্রাম কপি",c1_syllabus_programs,informational_transactional,bn,"https://humayounkobir.vercel.app/"
"সি++ প্যাটার্ন প্রোগ্রাম দেখুন",c1_syllabus_programs,informational_transactional,bn,"https://humayounkobir.vercel.app/"
"সি++ প্যাটার্ন প্রোগ্রাম প্রস্তুতি",c1_syllabus_programs,informational_transactional,bn,"https://humayounkobir.vercel.app/"
"সি++ প্যাটার্ন প্রোগ্রাম সমাধান",c1_syllabus_programs,informational_transactional,bn,"https://humayounkobir.vercel.app/"
"সি++ ধারা যোগফল",c1_syllabus_programs,informational_transactional,bn,"https://humayounkobir.vercel.app/"
"সি++ ধারা যোগফল ডাউনলোড",c1_syllabus_programs,informational_transactional,bn,"https://humayounkobir.vercel.app/"
"সি++ ধারা যোগফল শিখুন",c1_syllabus_programs,informational_transactional,bn,"https://humayounkobir.vercel.app/"
"সি++ ধারা যোগফল পড়ুন",c1_syllabus_programs,informational_transactional,bn,"https://humayounkobir.vercel.app/"
"সি++ ধারা যোগফল তুলনা করুন",c1_syllabus_programs,informational_transactional,bn,"https://humayounkobir.vercel.app/"
"সি++ ধারা যোগফল অনুশীলন",c1_syllabus_programs,informational_transactional,bn,"https://humayounkobir.vercel.app/"
"সি++ ধারা যোগফল কপি",c1_syllabus_programs,informational_transactional,bn,"https://humayounkobir.vercel.app/"
"সি++ ধারা যোগফল দেখুন",c1_syllabus_programs,informational_transactional,bn,"https://humayounkobir.vercel.app/"
"সি++ ধারা যোগফল প্রস্তুতি",c1_syllabus_programs,informational_transactional,bn,"https://humayounkobir.vercel.app/"
"সি++ ধারা যোগফল সমাধান",c1_syllabus_programs,informational_transactional,bn,"https://humayounkobir.vercel.app/"
"সি++ লুপ",c1_syllabus_programs,informational_transactional,bn,"https://humayounkobir.vercel.app/"
"সি++ লুপ ডাউনলোড",c1_syllabus_programs,informational_transactional,bn,"https://humayounkobir.vercel.app/"
"সি++ লুপ শিখুন",c1_syllabus_programs,informational_transactional,bn,"https://humayounkobir.vercel.app/"
"সি++ লুপ পড়ুন",c1_syllabus_programs,informational_transactional,bn,"https://humayounkobir.vercel.app/"
"সি++ লুপ তুলনা করুন",c1_syllabus_programs,informational_transactional,bn,"https://humayounkobir.vercel.app/"
"সি++ লুপ অনুশীলন",c1_syllabus_programs,informational_transactional,bn,"https://humayounkobir.vercel.app/"
"সি++ লুপ কপি",c1_syllabus_programs,informational_transactional,bn,"https://humayounkobir.vercel.app/"
"সি++ লুপ দেখুন",c1_syllabus_programs,informational_transactional,bn,"https://humayounkobir.vercel.app/"
"সি++ লুপ প্রস্তুতি",c1_syllabus_programs,informational_transactional,bn,"https://humayounkobir.vercel.app/"
"সি++ লুপ সমাধান",c1_syllabus_programs,informational_transactional,bn,"https://humayounkobir.vercel.app/"
"সি++ রিকrecursive",c1_syllabus_programs,informational_transactional,bn,"https://humayounkobir.vercel.app/"
"সি++ রিকrecursive ডাউনলোড",c1_syllabus_programs,informational_transactional,bn,"https://humayounkobir.vercel.app/"
"সি++ রিকrecursive শিখুন",c1_syllabus_programs,informational_transactional,bn,"https://humayounkobir.vercel.app/"
"সি++ রিকrecursive পড়ুন",c1_syllabus_programs,informational_transactional,bn,"https://humayounkobir.vercel.app/"
"সি++ রিকrecursive তুলনা করুন",c1_syllabus_programs,informational_transactional,bn,"https://humayounkobir.vercel.app/"
"সি++ রিকrecursive অনুশীলন",c1_syllabus_programs,informational_transactional,bn,"https://humayounkobir.vercel.app/"
"সি++ রিকrecursive কপি",c1_syllabus_programs,informational_transactional,bn,"https://humayounkobir.vercel.app/"
"সি++ রিকrecursive দেখুন",c1_syllabus_programs,informational_transactional,bn,"https://humayounkobir.vercel.app/"
"সি++ রিকrecursive প্রস্তুতি",c1_syllabus_programs,informational_transactional,bn,"https://humayounkobir.vercel.app/"
"সি++ রিকrecursive সমাধান",c1_syllabus_programs,informational_transactional,bn,"https://humayounkobir.vercel.app/"
"সি++ অ্যারে",c1_syllabus_programs,informational_transactional,bn,"https://humayounkobir.vercel.app/"
"সি++ অ্যারে ডাউনলোড",c1_syllabus_programs,informational_transactional,bn,"https://humayounkobir.vercel.app/"
"সি++ অ্যারে শিখুন",c1_syllabus_programs,informational_transactional,bn,"https://humayounkobir.vercel.app/"
"সি++ অ্যারে পড়ুন",c1_syllabus_programs,informational_transactional,bn,"https://humayounkobir.vercel.app/"
"সি++ অ্যারে তুলনা করুন",c1_syllabus_programs,informational_transactional,bn,"https://humayounkobir.vercel.app/"
"সি++ অ্যারে অনুশীলন",c1_syllabus_programs,informational_transactional,bn,"https://humayounkobir.vercel.app/"
"সি++ অ্যারে কপি",c1_syllabus_programs,informational_transactional,bn,"https://humayounkobir.vercel.app/"
"সি++ অ্যারে দেখুন",c1_syllabus_programs,informational_transactional,bn,"https://humayounkobir.vercel.app/"
"সি++ অ্যারে প্রস্তুতি",c1_syllabus_programs,informational_transactional,bn,"https://humayounkobir.vercel.app/"
"সি++ অ্যারে সমাধান",c1_syllabus_programs,informational_transactional,bn,"https://humayounkobir.vercel.app/"
"সি++ পয়েন্টার",c1_syllabus_programs,informational_transactional,bn,"https://humayounkobir.vercel.app/"
"সি++ পয়েন্টার ডাউনলোড",c1_syllabus_programs,informational_transactional,bn,"https://humayounkobir.vercel.app/"
"সি++ পয়েন্টার শিখুন",c1_syllabus_programs,informational_transactional,bn,"https://humayounkobir.vercel.app/"
"সি++ পয়েন্টার পড়ুন",c1_syllabus_programs,informational_transactional,bn,"https://humayounkobir.vercel.app/"
"সি++ পয়েন্টার তুলনা করুন",c1_syllabus_programs,informational_transactional,bn,"https://humayounkobir.vercel.app/"
"সি++ পয়েন্টার অনুশীলন",c1_syllabus_programs,informational_transactional,bn,"https://humayounkobir.vercel.app/"
"সি++ পয়েন্টার কপি",c1_syllabus_programs,informational_transactional,bn,"https://humayounkobir.vercel.app/"
"সি++ পয়েন্টার দেখুন",c1_syllabus_programs,informational_transactional,bn,"https://humayounkobir.vercel.app/"
"সি++ পয়েন্টার প্রস্তুতি",c1_syllabus_programs,informational_transactional,bn,"https://humayounkobir.vercel.app/"
"সি++ পয়েন্টার সমাধান",c1_syllabus_programs,informational_transactional,bn,"https://humayounkobir.vercel.app/"
"সি++ পিডিএফ",c1_syllabus_programs,informational_transactional,bn,"https://humayounkobir.vercel.app/"
"সি++ পিডিএফ ডাউনলোড",c1_syllabus_programs,informational_transactional,bn,"https://humayounkobir.vercel.app/"
"সি++ পিডিএফ শিখুন",c1_syllabus_programs,informational_transactional,bn,"https://humayounkobir.vercel.app/"
"সি++ পিডিএফ পড়ুন",c1_syllabus_programs,informational_transactional,bn,"https://humayounkobir.vercel.app/"
"সি++ পিডিএফ তুলনা করুন",c1_syllabus_programs,informational_transactional,bn,"https://humayounkobir.vercel.app/"
"সি++ পিডিএফ অনুশীলন",c1_syllabus_programs,informational_transactional,bn,"https://humayounkobir.vercel.app/"
"সি++ পিডিএফ কপি",c1_syllabus_programs,informational_transactional,bn,"https://humayounkobir.vercel.app/"
"সি++ পিডিএফ দেখুন",c1_syllabus_programs,informational_transactional,bn,"https://humayounkobir.vercel.app/"
"সি++ পিডিএফ প্রস্তুতি",c1_syllabus_programs,informational_transactional,bn,"https://humayounkobir.vercel.app/"
"সি++ পিডিএফ সমাধান",c1_syllabus_programs,informational_transactional,bn,"https://humayounkobir.vercel.app/"
"সি++ বই",c1_syllabus_programs,informational_transactional,bn,"https://humayounkobir.vercel.app/"
"সি++ বই ডাউনলোড",c1_syllabus_programs,informational_transactional,bn,"https://humayounkobir.vercel.app/"
"সি++ বই শিখুন",c1_syllabus_programs,informational_transactional,bn,"https://humayounkobir.vercel.app/"
"সি++ বই পড়ুন",c1_syllabus_programs,informational_transactional,bn,"https://humayounkobir.vercel.app/"
"সি++ বই তুলনা করুন",c1_syllabus_programs,informational_transactional,bn,"https://humayounkobir.vercel.app/"
"সি++ বই অনুশীলন",c1_syllabus_programs,informational_transactional,bn,"https://humayounkobir.vercel.app/"
"সি++ বই কপি",c1_syllabus_programs,informational_transactional,bn,"https://humayounkobir.vercel.app/"
"সি++ বই দেখুন",c1_syllabus_programs,informational_transactional,bn,"https://humayounkobir.vercel.app/"
"সি++ বই প্রস্তুতি",c1_syllabus_programs,informational_transactional,bn,"https://humayounkobir.vercel.app/"
"সি++ বই সমাধান",c1_syllabus_programs,informational_transactional,bn,"https://humayounkobir.vercel.app/"
"সি++ অ্যান্ড্রয়েড অ্যাপ",c1_syllabus_programs,informational_transactional,bn,"https://humayounkobir.vercel.app/"
"সি++ অ্যান্ড্রয়েড অ্যাপ ডাউনলোড",c1_syllabus_programs,informational_transactional,bn,"https://humayounkobir.vercel.app/"
"সি++ অ্যান্ড্রয়েড অ্যাপ শিখুন",c1_syllabus_programs,informational_transactional,bn,"https://humayounkobir.vercel.app/"
"সি++ অ্যান্ড্রয়েড অ্যাপ পড়ুন",c1_syllabus_programs,informational_transactional,bn,"https://humayounkobir.vercel.app/"
"সি++ অ্যান্ড্রয়েড অ্যাপ তুলনা করুন",c1_syllabus_programs,informational_transactional,bn,"https://humayounkobir.vercel.app/"
"সি++ অ্যান্ড্রয়েড অ্যাপ অনুশীলন",c1_syllabus_programs,informational_transactional,bn,"https://humayounkobir.vercel.app/"
"সি++ অ্যান্ড্রয়েড অ্যাপ কপি",c1_syllabus_programs,informational_transactional,bn,"https://humayounkobir.vercel.app/"
"সি++ অ্যান্ড্রয়েড অ্যাপ দেখুন",c1_syllabus_programs,informational_transactional,bn,"https://humayounkobir.vercel.app/"
"সি++ অ্যান্ড্রয়েড অ্যাপ প্রস্তুতি",c1_syllabus_programs,informational_transactional,bn,"https://humayounkobir.vercel.app/"
"সি++ অ্যান্ড্রয়েড অ্যাপ সমাধান",c1_syllabus_programs,informational_transactional,bn,"https://humayounkobir.vercel.app/"
"সি++ নোট",c1_syllabus_programs,informational_transactional,bn,"https://humayounkobir.vercel.app/"
"সি++ নোট ডাউনলোড",c1_syllabus_programs,informational_transactional,bn,"https://humayounkobir.vercel.app/"
"সি++ নোট শিখুন",c1_syllabus_programs,informational_transactional,bn,"https://humayounkobir.vercel.app/"
"সি++ নোট পড়ুন",c1_syllabus_programs,informational_transactional,bn,"https://humayounkobir.vercel.app/"
"সি++ নোট তুলনা করুন",c1_syllabus_programs,informational_transactional,bn,"https://humayounkobir.vercel.app/"
"সি++ নোট অনুশীলন",c1_syllabus_programs,informational_transactional,bn,"https://humayounkobir.vercel.app/"
"সি++ নোট কপি",c1_syllabus_programs,informational_transactional,bn,"https://humayounkobir.vercel.app/"
"সি++ নোট দেখুন",c1_syllabus_programs,informational_transactional,bn,"https://humayounkobir.vercel.app/"
"সি++ নোট প্রস্তুতি",c1_syllabus_programs,informational_transactional,bn,"https://humayounkobir.vercel.app/"
"সি++ নোট সমাধান",c1_syllabus_programs,informational_transactional,bn,"https://humayounkobir.vercel.app/"
"সি++ সমাধান",c1_syllabus_programs,informational_transactional,bn,"https://humayounkobir.vercel.app/"
"সি++ সমাধান ডাউনলোড",c1_syllabus_programs,informational_transactional,bn,"https://humayounkobir.vercel.app/"
"সি++ সমাধান শিখুন",c1_syllabus_programs,informational_transactional,bn,"https://humayounkobir.vercel.app/"
"সি++ সমাধান পড়ুন",c1_syllabus_programs,informational_transactional,bn,"https://humayounkobir.vercel.app/"
"সি++ সমাধান তুলনা করুন",c1_syllabus_programs,informational_transactional,bn,"https://humayounkobir.vercel.app/"
"সি++ সমাধান অনুশীলন",c1_syllabus_programs,informational_transactional,bn,"https://humayounkobir.vercel.app/"
"সি++ সমাধান কপি",c1_syllabus_programs,informational_transactional,bn,"https://humayounkobir.vercel.app/"
"সি++ সমাধান দেখুন",c1_syllabus_programs,informational_transactional,bn,"https://humayounkobir.vercel.app/"
"সি++ সমাধান প্রস্তুতি",c1_syllabus_programs,informational_transactional,bn,"https://humayounkobir.vercel.app/"
"সি++ সমাধান সমাধান",c1_syllabus_programs,informational_transactional,bn,"https://humayounkobir.vercel.app/"
"সি ভাষা প্রোগ্রাম",c1_syllabus_programs,informational_transactional,bn,"https://humayounkobir.vercel.app/"
"সি ভাষা প্রোগ্রাম ডাউনলোড",c1_syllabus_programs,informational_transactional,bn,"https://humayounkobir.vercel.app/"
"সি ভাষা প্রোগ্রাম শিখুন",c1_syllabus_programs,informational_transactional,bn,"https://humayounkobir.vercel.app/"
"সি ভাষা প্রোগ্রাম পড়ুন",c1_syllabus_programs,informational_transactional,bn,"https://humayounkobir.vercel.app/"
"সি ভাষা প্রোগ্রাম তুলনা করুন",c1_syllabus_programs,informational_transactional,bn,"https://humayounkobir.vercel.app/"
"সি ভাষা প্রোগ্রাম অনুশীলন",c1_syllabus_programs,informational_transactional,bn,"https://humayounkobir.vercel.app/"
"সি ভাষা প্রোগ্রাম কপি",c1_syllabus_programs,informational_transactional,bn,"https://humayounkobir.vercel.app/"
"সি ভাষা প্রোগ্রাম দেখুন",c1_syllabus_programs,informational_transactional,bn,"https://humayounkobir.vercel.app/"
"সি ভাষা প্রোগ্রাম প্রস্তুতি",c1_syllabus_programs,informational_transactional,bn,"https://humayounkobir.vercel.app/"
"সি ভাষা প্রোগ্রাম সমাধান",c1_syllabus_programs,informational_transactional,bn,"https://humayounkobir.vercel.app/"
"সি ভাষা কোড",c1_syllabus_programs,informational_transactional,bn,"https://humayounkobir.vercel.app/"
"সি ভাষা কোড ডাউনলোড",c1_syllabus_programs,informational_transactional,bn,"https://humayounkobir.vercel.app/"
"সি ভাষা কোড শিখুন",c1_syllabus_programs,informational_transactional,bn,"https://humayounkobir.vercel.app/"
"সি ভাষা কোড পড়ুন",c1_syllabus_programs,informational_transactional,bn,"https://humayounkobir.vercel.app/"
"সি ভাষা কোড তুলনা করুন",c1_syllabus_programs,informational_transactional,bn,"https://humayounkobir.vercel.app/"
"সি ভাষা কোড অনুশীলন",c1_syllabus_programs,informational_transactional,bn,"https://humayounkobir.vercel.app/"
"সি ভাষা কোড কপি",c1_syllabus_programs,informational_transactional,bn,"https://humayounkobir.vercel.app/"
"সি ভাষা কোড দেখুন",c1_syllabus_programs,informational_transactional,bn,"https://humayounkobir.vercel.app/"
"সি ভাষা কোড প্রস্তুতি",c1_syllabus_programs,informational_transactional,bn,"https://humayounkobir.vercel.app/"
"সি ভাষা কোড সমাধান",c1_syllabus_programs,informational_transactional,bn,"https://humayounkobir.vercel.app/"
"সি ভাষা বেসিক প্রোগ্রাম",c1_syllabus_programs,informational_transactional,bn,"https://humayounkobir.vercel.app/"
"সি ভাষা বেসিক প্রোগ্রাম ডাউনলোড",c1_syllabus_programs,informational_transactional,bn,"https://humayounkobir.vercel.app/"
"সি ভাষা বেসিক প্রোগ্রাম শিখুন",c1_syllabus_programs,informational_transactional,bn,"https://humayounkobir.vercel.app/"
"সি ভাষা বেসিক প্রোগ্রাম পড়ুন",c1_syllabus_programs,informational_transactional,bn,"https://humayounkobir.vercel.app/"
"সি ভাষা বেসিক প্রোগ্রাম তুলনা করুন",c1_syllabus_programs,informational_transactional,bn,"https://humayounkobir.vercel.app/"
"সি ভাষা বেসিক প্রোগ্রাম অনুশীলন",c1_syllabus_programs,informational_transactional,bn,"https://humayounkobir.vercel.app/"
"সি ভাষা বেসিক প্রোগ্রাম কপি",c1_syllabus_programs,informational_transactional,bn,"https://humayounkobir.vercel.app/"
"সি ভাষা বেসিক প্রোগ্রাম দেখুন",c1_syllabus_programs,informational_transactional,bn,"https://humayounkobir.vercel.app/"
"সি ভাষা বেসিক প্রোগ্রাম প্রস্তুতি",c1_syllabus_programs,informational_transactional,bn,"https://humayounkobir.vercel.app/"
"সি ভাষা বেসিক প্রোগ্রাম সমাধান",c1_syllabus_programs,informational_transactional,bn,"https://humayounkobir.vercel.app/"
"সি ভাষা সিলেবাস",c1_syllabus_programs,informational_transactional,bn,"https://humayounkobir.vercel.app/"
"সি ভাষা সিলেবাস ডাউনলোড",c1_syllabus_programs,informational_transactional,bn,"https://humayounkobir.vercel.app/"
"সি ভাষা সিলেবাস শিখুন",c1_syllabus_programs,informational_transactional,bn,"https://humayounkobir.vercel.app/"
"সি ভাষা সিলেবাস পড়ুন",c1_syllabus_programs,informational_transactional,bn,"https://humayounkobir.vercel.app/"
"সি ভাষা সিলেবাস তুলনা করুন",c1_syllabus_programs,informational_transactional,bn,"https://humayounkobir.vercel.app/"
"সি ভাষা সিলেবাস অনুশীলন",c1_syllabus_programs,informational_transactional,bn,"https://humayounkobir.vercel.app/"
"সি ভাষা সিলেবাস কপি",c1_syllabus_programs,informational_transactional,bn,"https://humayounkobir.vercel.app/"
"সি ভাষা সিলেবাস দেখুন",c1_syllabus_programs,informational_transactional,bn,"https://humayounkobir.vercel.app/"
"সি ভাষা সিলেবাস প্রস্তুতি",c1_syllabus_programs,informational_transactional,bn,"https://humayounkobir.vercel.app/"
"সি ভাষা সিলেবাস সমাধান",c1_syllabus_programs,informational_transactional,bn,"https://humayounkobir.vercel.app/"
"সি ভাষা ভর্তি প্রশ্ন",c1_syllabus_programs,informational_transactional,bn,"https://humayounkobir.vercel.app/"
"সি ভাষা ভর্তি প্রশ্ন ডাউনলোড",c1_syllabus_programs,informational_transactional,bn,"https://humayounkobir.vercel.app/"
"সি ভাষা ভর্তি প্রশ্ন শিখুন",c1_syllabus_programs,informational_transactional,bn,"https://humayounkobir.vercel.app/"
"সি ভাষা ভর্তি প্রশ্ন পড়ুন",c1_syllabus_programs,informational_transactional,bn,"https://humayounkobir.vercel.app/"
"সি ভাষা ভর্তি প্রশ্ন তুলনা করুন",c1_syllabus_programs,informational_transactional,bn,"https://humayounkobir.vercel.app/"
"সি ভাষা ভর্তি প্রশ্ন অনুশীলন",c1_syllabus_programs,informational_transactional,bn,"https://humayounkobir.vercel.app/"
"সি ভাষা ভর্তি প্রশ্ন কপি",c1_syllabus_programs,informational_transactional,bn,"https://humayounkobir.vercel.app/"
"সি ভাষা ভর্তি প্রশ্ন দেখুন",c1_syllabus_programs,informational_transactional,bn,"https://humayounkobir.vercel.app/"
"সি ভাষা ভর্তি প্রশ্ন প্রস্তুতি",c1_syllabus_programs,informational_transactional,bn,"https://humayounkobir.vercel.app/"
"সি ভাষা ভর্তি প্রশ্ন সমাধান",c1_syllabus_programs,informational_transactional,bn,"https://humayounkobir.vercel.app/"
"সি ভাষা প্যাটার্ন প্রোগ্রাম",c1_syllabus_programs,informational_transactional,bn,"https://humayounkobir.vercel.app/"
"সি ভাষা প্যাটার্ন প্রোগ্রাম ডাউনলোড",c1_syllabus_programs,informational_transactional,bn,"https://humayounkobir.vercel.app/"
"সি ভাষা প্যাটার্ন প্রোগ্রাম শিখুন",c1_syllabus_programs,informational_transactional,bn,"https://humayounkobir.vercel.app/"
"সি ভাষা প্যাটার্ন প্রোগ্রাম পড়ুন",c1_syllabus_programs,informational_transactional,bn,"https://humayounkobir.vercel.app/"
"সি ভাষা প্যাটার্ন প্রোগ্রাম তুলনা করুন",c1_syllabus_programs,informational_transactional,bn,"https://humayounkobir.vercel.app/"
"সি ভাষা প্যাটার্ন প্রোগ্রাম অনুশীলন",c1_syllabus_programs,informational_transactional,bn,"https://humayounkobir.vercel.app/"
"সি ভাষা প্যাটার্ন প্রোগ্রাম কপি",c1_syllabus_programs,informational_transactional,bn,"https://humayounkobir.vercel.app/"
"সি ভাষা প্যাটার্ন প্রোগ্রাম দেখুন",c1_syllabus_programs,informational_transactional,bn,"https://humayounkobir.vercel.app/"
"সি ভাষা প্যাটার্ন প্রোগ্রাম প্রস্তুতি",c1_syllabus_programs,informational_transactional,bn,"https://humayounkobir.vercel.app/"
"সি ভাষা প্যাটার্ন প্রোগ্রাম সমাধান",c1_syllabus_programs,informational_transactional,bn,"https://humayounkobir.vercel.app/"
"সি ভাষা ধারা যোগফল",c1_syllabus_programs,informational_transactional,bn,"https://humayounkobir.vercel.app/"
"সি ভাষা ধারা যোগফল ডাউনলোড",c1_syllabus_programs,informational_transactional,bn,"https://humayounkobir.vercel.app/"
"সি ভাষা ধারা যোগফল শিখুন",c1_syllabus_programs,informational_transactional,bn,"https://humayounkobir.vercel.app/"
"সি ভাষা ধারা যোগফল পড়ুন",c1_syllabus_programs,informational_transactional,bn,"https://humayounkobir.vercel.app/"
"সি ভাষা ধারা যোগফল তুলনা করুন",c1_syllabus_programs,informational_transactional,bn,"https://humayounkobir.vercel.app/"
"সি ভাষা ধারা যোগফল অনুশীলন",c1_syllabus_programs,informational_transactional,bn,"https://humayounkobir.vercel.app/"
"সি ভাষা ধারা যোগফল কপি",c1_syllabus_programs,informational_transactional,bn,"https://humayounkobir.vercel.app/"
"সি ভাষা ধারা যোগফল দেখুন",c1_syllabus_programs,informational_transactional,bn,"https://humayounkobir.vercel.app/"
"সি ভাষা ধারা যোগফল প্রস্তুতি",c1_syllabus_programs,informational_transactional,bn,"https://humayounkobir.vercel.app/"
"সি ভাষা ধারা যোগফল সমাধান",c1_syllabus_programs,informational_transactional,bn,"https://humayounkobir.vercel.app/"
"সি ভাষা লুপ",c1_syllabus_programs,informational_transactional,bn,"https://humayounkobir.vercel.app/"
"সি ভাষা লুপ ডাউনলোড",c1_syllabus_programs,informational_transactional,bn,"https://humayounkobir.vercel.app/"
"সি ভাষা লুপ শিখুন",c1_syllabus_programs,informational_transactional,bn,"https://humayounkobir.vercel.app/"
"সি ভাষা লুপ পড়ুন",c1_syllabus_programs,informational_transactional,bn,"https://humayounkobir.vercel.app/"
"সি ভাষা লুপ তুলনা করুন",c1_syllabus_programs,informational_transactional,bn,"https://humayounkobir.vercel.app/"
"সি ভাষা লুপ অনুশীলন",c1_syllabus_programs,informational_transactional,bn,"https://humayounkobir.vercel.app/"
"সি ভাষা লুপ কপি",c1_syllabus_programs,informational_transactional,bn,"https://humayounkobir.vercel.app/"
"সি ভাষা লুপ দেখুন",c1_syllabus_programs,informational_transactional,bn,"https://humayounkobir.vercel.app/"
"সি ভাষা লুপ প্রস্তুতি",c1_syllabus_programs,informational_transactional,bn,"https://humayounkobir.vercel.app/"
"সি ভাষা লুপ সমাধান",c1_syllabus_programs,informational_transactional,bn,"https://humayounkobir.vercel.app/"
"সি ভাষা রিকrecursive",c1_syllabus_programs,informational_transactional,bn,"https://humayounkobir.vercel.app/"
"সি ভাষা রিকrecursive ডাউনলোড",c1_syllabus_programs,informational_transactional,bn,"https://humayounkobir.vercel.app/"
"সি ভাষা রিকrecursive শিখুন",c1_syllabus_programs,informational_transactional,bn,"https://humayounkobir.vercel.app/"
"সি ভাষা রিকrecursive পড়ুন",c1_syllabus_programs,informational_transactional,bn,"https://humayounkobir.vercel.app/"
"সি ভাষা রিকrecursive তুলনা করুন",c1_syllabus_programs,informational_transactional,bn,"https://humayounkobir.vercel.app/"
"সি ভাষা রিকrecursive অনুশীলন",c1_syllabus_programs,informational_transactional,bn,"https://humayounkobir.vercel.app/"
"সি ভাষা রিকrecursive কপি",c1_syllabus_programs,informational_transactional,bn,"https://humayounkobir.vercel.app/"
"সি ভাষা রিকrecursive দেখুন",c1_syllabus_programs,informational_transactional,bn,"https://humayounkobir.vercel.app/"
"সি ভাষা রিকrecursive প্রস্তুতি",c1_syllabus_programs,informational_transactional,bn,"https://humayounkobir.vercel.app/"
"সি ভাষা রিকrecursive সমাধান",c1_syllabus_programs,informational_transactional,bn,"https://humayounkobir.vercel.app/"
"সি ভাষা অ্যারে",c1_syllabus_programs,informational_transactional,bn,"https://humayounkobir.vercel.app/"
"সি ভাষা অ্যারে ডাউনলোড",c1_syllabus_programs,informational_transactional,bn,"https://humayounkobir.vercel.app/"
"সি ভাষা অ্যারে শিখুন",c1_syllabus_programs,informational_transactional,bn,"https://humayounkobir.vercel.app/"
"সি ভাষা অ্যারে পড়ুন",c1_syllabus_programs,informational_transactional,bn,"https://humayounkobir.vercel.app/"
"সি ভাষা অ্যারে তুলনা করুন",c1_syllabus_programs,informational_transactional,bn,"https://humayounkobir.vercel.app/"
"সি ভাষা অ্যারে অনুশীলন",c1_syllabus_programs,informational_transactional,bn,"https://humayounkobir.vercel.app/"
"সি ভাষা অ্যারে কপি",c1_syllabus_programs,informational_transactional,bn,"https://humayounkobir.vercel.app/"
"সি ভাষা অ্যারে দেখুন",c1_syllabus_programs,informational_transactional,bn,"https://humayounkobir.vercel.app/"
"সি ভাষা অ্যারে প্রস্তুতি",c1_syllabus_programs,informational_transactional,bn,"https://humayounkobir.vercel.app/"
"সি ভাষা অ্যারে সমাধান",c1_syllabus_programs,informational_transactional,bn,"https://humayounkobir.vercel.app/"
"সি ভাষা পয়েন্টার",c1_syllabus_programs,informational_transactional,bn,"https://humayounkobir.vercel.app/"
"সি ভাষা পয়েন্টার ডাউনলোড",c1_syllabus_programs,informational_transactional,bn,"https://humayounkobir.vercel.app/"
"সি ভাষা পয়েন্টার শিখুন",c1_syllabus_programs,informational_transactional,bn,"https://humayounkobir.vercel.app/"
"সি ভাষা পয়েন্টার পড়ুন",c1_syllabus_programs,informational_transactional,bn,"https://humayounkobir.vercel.app/"
"সি ভাষা পয়েন্টার তুলনা করুন",c1_syllabus_programs,informational_transactional,bn,"https://humayounkobir.vercel.app/"
"সি ভাষা পয়েন্টার অনুশীলন",c1_syllabus_programs,informational_transactional,bn,"https://humayounkobir.vercel.app/"
"সি ভাষা পয়েন্টার কপি",c1_syllabus_programs,informational_transactional,bn,"https://humayounkobir.vercel.app/"
"সি ভাষা পয়েন্টার দেখুন",c1_syllabus_programs,informational_transactional,bn,"https://humayounkobir.vercel.app/"
"সি ভাষা পয়েন্টার প্রস্তুতি",c1_syllabus_programs,informational_transactional,bn,"https://humayounkobir.vercel.app/"
"সি ভাষা পয়েন্টার সমাধান",c1_syllabus_programs,informational_transactional,bn,"https://humayounkobir.vercel.app/"
"সি ভাষা পিডিএফ",c1_syllabus_programs,informational_transactional,bn,"https://humayounkobir.vercel.app/"
"সি ভাষা পিডিএফ ডাউনলোড",c1_syllabus_programs,informational_transactional,bn,"https://humayounkobir.vercel.app/"
"সি ভাষা পিডিএফ শিখুন",c1_syllabus_programs,informational_transactional,bn,"https://humayounkobir.vercel.app/"
"সি ভাষা পিডিএফ পড়ুন",c1_syllabus_programs,informational_transactional,bn,"https://humayounkobir.vercel.app/"
"সি ভাষা পিডিএফ তুলনা করুন",c1_syllabus_programs,informational_transactional,bn,"https://humayounkobir.vercel.app/"
"সি ভাষা পিডিএফ অনুশীলন",c1_syllabus_programs,informational_transactional,bn,"https://humayounkobir.vercel.app/"
"সি ভাষা পিডিএফ কপি",c1_syllabus_programs,informational_transactional,bn,"https://humayounkobir.vercel.app/"
"সি ভাষা পিডিএফ দেখুন",c1_syllabus_programs,informational_transactional,bn,"https://humayounkobir.vercel.app/"
"সি ভাষা পিডিএফ প্রস্তুতি",c1_syllabus_programs,informational_transactional,bn,"https://humayounkobir.vercel.app/"
"সি ভাষা পিডিএফ সমাধান",c1_syllabus_programs,informational_transactional,bn,"https://humayounkobir.vercel.app/"
"সি ভাষা বই",c1_syllabus_programs,informational_transactional,bn,"https://humayounkobir.vercel.app/"
"সি ভাষা বই ডাউনলোড",c1_syllabus_programs,informational_transactional,bn,"https://humayounkobir.vercel.app/"
"সি ভাষা বই শিখুন",c1_syllabus_programs,informational_transactional,bn,"https://humayounkobir.vercel.app/"
"সি ভাষা বই পড়ুন",c1_syllabus_programs,informational_transactional,bn,"https://humayounkobir.vercel.app/"
"সি ভাষা বই তুলনা করুন",c1_syllabus_programs,informational_transactional,bn,"https://humayounkobir.vercel.app/"
"সি ভাষা বই অনুশীলন",c1_syllabus_programs,informational_transactional,bn,"https://humayounkobir.vercel.app/"
"সি ভাষা বই কপি",c1_syllabus_programs,informational_transactional,bn,"https://humayounkobir.vercel.app/"
"সি ভাষা বই দেখুন",c1_syllabus_programs,informational_transactional,bn,"https://humayounkobir.vercel.app/"
"সি ভাষা বই প্রস্তুতি",c1_syllabus_programs,informational_transactional,bn,"https://humayounkobir.vercel.app/"
"সি ভাষা বই সমাধান",c1_syllabus_programs,informational_transactional,bn,"https://humayounkobir.vercel.app/"
"সি ভাষা অ্যান্ড্রয়েড অ্যাপ",c1_syllabus_programs,informational_transactional,bn,"https://humayounkobir.vercel.app/"
"সি ভাষা অ্যান্ড্রয়েড অ্যাপ ডাউনলোড",c1_syllabus_programs,informational_transactional,bn,"https://humayounkobir.vercel.app/"
"সি ভাষা অ্যান্ড্রয়েড অ্যাপ শিখুন",c1_syllabus_programs,informational_transactional,bn,"https://humayounkobir.vercel.app/"
"সি ভাষা অ্যান্ড্রয়েড অ্যাপ পড়ুন",c1_syllabus_programs,informational_transactional,bn,"https://humayounkobir.vercel.app/"
"সি ভাষা অ্যান্ড্রয়েড অ্যাপ তুলনা করুন",c1_syllabus_programs,informational_transactional,bn,"https://humayounkobir.vercel.app/"
"সি ভাষা অ্যান্ড্রয়েড অ্যাপ অনুশীলন",c1_syllabus_programs,informational_transactional,bn,"https://humayounkobir.vercel.app/"
"সি ভাষা অ্যান্ড্রয়েড অ্যাপ কপি",c1_syllabus_programs,informational_transactional,bn,"https://humayounkobir.vercel.app/"
"সি ভাষা অ্যান্ড্রয়েড অ্যাপ দেখুন",c1_syllabus_programs,informational_transactional,bn,"https://humayounkobir.vercel.app/"
"সি ভাষা অ্যান্ড্রয়েড অ্যাপ প্রস্তুতি",c1_syllabus_programs,informational_transactional,bn,"https://humayounkobir.vercel.app/"
"সি ভাষা অ্যান্ড্রয়েড অ্যাপ সমাধান",c1_syllabus_programs,informational_transactional,bn,"https://humayounkobir.vercel.app/"
"সি ভাষা নোট",c1_syllabus_programs,informational_transactional,bn,"https://humayounkobir.vercel.app/"
"সি ভাষা নোট ডাউনলোড",c1_syllabus_programs,informational_transactional,bn,"https://humayounkobir.vercel.app/"
"সি ভাষা নোট শিখুন",c1_syllabus_programs,informational_transactional,bn,"https://humayounkobir.vercel.app/"
"সি ভাষা নোট পড়ুন",c1_syllabus_programs,informational_transactional,bn,"https://humayounkobir.vercel.app/"
"সি ভাষা নোট তুলনা করুন",c1_syllabus_programs,informational_transactional,bn,"https://humayounkobir.vercel.app/"
"সি ভাষা নোট অনুশীলন",c1_syllabus_programs,informational_transactional,bn,"https://humayounkobir.vercel.app/"
"সি ভাষা নোট কপি",c1_syllabus_programs,informational_transactional,bn,"https://humayounkobir.vercel.app/"
"সি ভাষা নোট দেখুন",c1_syllabus_programs,informational_transactional,bn,"https://humayounkobir.vercel.app/"
"সি ভাষা নোট প্রস্তুতি",c1_syllabus_programs,informational_transactional,bn,"https://humayounkobir.vercel.app/"
"সি ভাষা নোট সমাধান",c1_syllabus_programs,informational_transactional,bn,"https://humayounkobir.vercel.app/"
"সি ভাষা সমাধান",c1_syllabus_programs,informational_transactional,bn,"https://humayounkobir.vercel.app/"
"সি ভাষা সমাধান ডাউনলোড",c1_syllabus_programs,informational_transactional,bn,"https://humayounkobir.vercel.app/"
"সি ভাষা সমাধান শিখুন",c1_syllabus_programs,informational_transactional,bn,"https://humayounkobir.vercel.app/"
"সি ভাষা সমাধান পড়ুন",c1_syllabus_programs,informational_transactional,bn,"https://humayounkobir.vercel.app/"
"সি ভাষা সমাধান তুলনা করুন",c1_syllabus_programs,informational_transactional,bn,"https://humayounkobir.vercel.app/"
"সি ভাষা সমাধান অনুশীলন",c1_syllabus_programs,informational_transactional,bn,"https://humayounkobir.vercel.app/"
"সি ভাষা সমাধান কপি",c1_syllabus_programs,informational_transactional,bn,"https://humayounkobir.vercel.app/"
"সি ভাষা সমাধান দেখুন",c1_syllabus_programs,informational_transactional,bn,"https://humayounkobir.vercel.app/"
"সি ভাষা সমাধান প্রস্তুতি",c1_syllabus_programs,informational_transactional,bn,"https://humayounkobir.vercel.app/"
"সি ভাষা সমাধান সমাধান",c1_syllabus_programs,informational_transactional,bn,"https://humayounkobir.vercel.app/"
"সি প্রোগ্রামিং প্যাটার্ন প্রিন্টিং",c2_pattern_printing,educational_reference,bn,"https://humayounkobir.vercel.app/#patterns"
"সি++ প্যাটার্ন প্রিন্টিং কোড",c2_pattern_printing,educational_reference,bn,"https://humayounkobir.vercel.app/#patterns"
"ডুয়েট ভর্তি প্যাটার্ন প্রিন্টিং",c2_pattern_printing,educational_reference,bn,"https://humayounkobir.vercel.app/#patterns"
"সি প্রোগ্রামিং স্টার প্যাটার্ন",c2_pattern_printing,educational_reference,bn,"https://humayounkobir.vercel.app/#patterns"
"সি++ স্টার প্যাটার্ন কোড",c2_pattern_printing,educational_reference,bn,"https://humayounkobir.vercel.app/#patterns"
"ডুয়েট ভর্তি স্টার প্যাটার্ন",c2_pattern_printing,educational_reference,bn,"https://humayounkobir.vercel.app/#patterns"
"সি প্রোগ্রামিং পিরামিড প্যাটার্ন",c2_pattern_printing,educational_reference,bn,"https://humayounkobir.vercel.app/#patterns"
"সি++ পিরামিড প্যাটার্ন কোড",c2_pattern_printing,educational_reference,bn,"https://humayounkobir.vercel.app/#patterns"
"ডুয়েট ভর্তি পিরামিড প্যাটার্ন",c2_pattern_printing,educational_reference,bn,"https://humayounkobir.vercel.app/#patterns"
"সি প্রোগ্রামিং ডায়মন্ড প্যাটার্ন",c2_pattern_printing,educational_reference,bn,"https://humayounkobir.vercel.app/#patterns"
"সি++ ডায়মন্ড প্যাটার্ন কোড",c2_pattern_printing,educational_reference,bn,"https://humayounkobir.vercel.app/#patterns"
"ডুয়েট ভর্তি ডায়মন্ড প্যাটার্ন",c2_pattern_printing,educational_reference,bn,"https://humayounkobir.vercel.app/#patterns"
"সি প্রোগ্রামিং ত্রিভুজ প্যাটার্ন",c2_pattern_printing,educational_reference,bn,"https://humayounkobir.vercel.app/#patterns"
"সি++ ত্রিভুজ প্যাটার্ন কোড",c2_pattern_printing,educational_reference,bn,"https://humayounkobir.vercel.app/#patterns"
"ডুয়েট ভর্তি ত্রিভুজ প্যাটার্ন",c2_pattern_printing,educational_reference,bn,"https://humayounkobir.vercel.app/#patterns"
"ডিপ্লোমা সি প্রোগ্রাম পিডিএফ ডাউনলোড",c4_pdf_ebook_download,transactional_download,bn,"https://humayounkobir.vercel.app/DUET%20C%20%26%20C%2B%2B%20Programs.pdf"
"ডুয়েট পিডিএফ বই",c4_pdf_ebook_download,transactional_download,bn,"https://humayounkobir.vercel.app/DUET%20C%20%26%20C%2B%2B%20Programs.pdf"
"ডিপ্লোমা সি প্রোগ্রাম পিডিএফ বই",c4_pdf_ebook_download,transactional_download,bn,"https://humayounkobir.vercel.app/DUET%20C%20%26%20C%2B%2B%20Programs.pdf"
"ডুয়েট সি প্রোগ্রামিং বই",c4_pdf_ebook_download,transactional_download,bn,"https://humayounkobir.vercel.app/DUET%20C%20%26%20C%2B%2B%20Programs.pdf"
"ডিপ্লোমা সি প্রোগ্রাম সি প্রোগ্রামিং বই",c4_pdf_ebook_download,transactional_download,bn,"https://humayounkobir.vercel.app/DUET%20C%20%26%20C%2B%2B%20Programs.pdf"
"ডুয়েট ১১১ প্রোগ্রাম শীট",c4_pdf_ebook_download,transactional_download,bn,"https://humayounkobir.vercel.app/DUET%20C%20%26%20C%2B%2B%20Programs.pdf"
"ডিপ্লোমা সি প্রোগ্রাম ১১১ প্রোগ্রাম শীট",c4_pdf_ebook_download,transactional_download,bn,"https://humayounkobir.vercel.app/DUET%20C%20%26%20C%2B%2B%20Programs.pdf"
"duet bhorti c program",c1_syllabus_programs,informational_transactional,banglish,"https://humayounkobir.vercel.app/"
"duet c programming boi pdf",c1_syllabus_programs,informational_transactional,banglish,"https://humayounkobir.vercel.app/"
"duet c program sheet download",c1_syllabus_programs,informational_transactional,banglish,"https://humayounkobir.vercel.app/"
"duet code apk download offline",c1_syllabus_programs,informational_transactional,banglish,"https://humayounkobir.vercel.app/"
"c program pattern printing bangla",c1_syllabus_programs,informational_transactional,banglish,"https://humayounkobir.vercel.app/"
"c vs cpp side by side bangla",c1_syllabus_programs,informational_transactional,banglish,"https://humayounkobir.vercel.app/"
"duet admission c plus plus shob program",c1_syllabus_programs,informational_transactional,banglish,"https://humayounkobir.vercel.app/"
"polytechnic c language program sheet",c1_syllabus_programs,informational_transactional,banglish,"https://humayounkobir.vercel.app/"
"duet admission c programming solution",c1_syllabus_programs,informational_transactional,banglish,"https://humayounkobir.vercel.app/"